JobTitle,CompanyName,Location,Date,Link,Type,Skills,Experience
Senior Data Management Engineer,Ejada,"Cairo, Egypt",1 day ago,https://wuzzuf.net/jobs/p/hBvUbhBkorHH-Senior-Data-Management-Engineer-Ejada-Cairo-Egypt?o=1&l=sp&t=sj&a=data |search-v3|navbg,Full Time, IT/Software Development  Engineering - Telecom/Technology  Information Technology (IT)  data engineer, 5+ Yrs of Exp 
Data Management Engineer,Ejada,"Cairo, Egypt",1 day ago,https://wuzzuf.net/jobs/p/dQBEtUvciP43-Data-Management-Engineer-Ejada-Cairo-Egypt?o=2&l=sp&t=sj&a=data |search-v3|navbg,Full Time, IT/Software Development  Engineering - Telecom/Technology  Computer Science  Data Engineering, 3 - 5 Yrs of Exp 
Data Analyst,Safa International Travel,"Dokki, Giza, Egypt",2 days ago,https://wuzzuf.net/jobs/p/DXVhZh7EX9nn-Data-Analyst-Safa-International-Travel-Giza-Egypt?o=3&l=sp&t=sj&a=data |search-v3|navbg,Full Time, Business Development  Analyst/Research  Analyze  Analysis  BI  business  Computer Science  Data  Data Analysis  Database, 3 - 5 Yrs of Exp 
Big Data Engineer,Worex,"Maadi, Cairo, Egypt",2 days ago,https://wuzzuf.net/jobs/p/nyW6cF5Ydjnt-Big-Data-Engineer-Worex-Cairo-Egypt?o=4&l=sp&t=sj&a=data |search-v3|navbg,Full Time, IT/Software Development  Analyst/Research  Engineering - Telecom/Technology  Data  Big Data  Information Technology (IT)  Computer Engineering  Hadoop  ETL  NoSQL, 2 - 4 Yrs of Exp 
Data Entry Clerk,IPMagiX,"Zamalek, Cairo, Egypt",3 days ago,https://wuzzuf.net/jobs/p/bkVc3WTd71De-Data-Entry-Clerk-IPMagiX-Cairo-Egypt?o=5&l=sp&t=sj&a=data |search-v3|navbg,Freelance / Project, Administration  Customer Service/Support  Writing/Editorial  CRM  Data Entry  Microsoft Office  Database  system, 1 - 2 Yrs of Exp 
Data Analyst,ITCan,"New Cairo, Cairo, Egypt",1 day ago,https://wuzzuf.net/jobs/p/aiRSu9WV14YS-Data-Analyst-ITCan-Cairo-Egypt?o=6&l=sp&t=sj&a=data |search-v3|navbg,Full Time, Analyst/Research  BI  Analysis  analytical  Computer Science  Data Analysis  Development  Engineering  Information Technology (IT)  Power BI, 3 - 5 Yrs of Exp 
Data Engineer - SSIS (On-site),SANTECHTURE,"Cairo, Egypt",5 days ago,https://wuzzuf.net/jobs/p/uJ8LK6aN1Sry-Data-Engineer---SSIS-On-site-SANTECHTURE-Cairo-Egypt?o=7&l=sp&t=sj&a=data |search-v3|navbg,Full Time, IT/Software Development  ETL  Data Analytics  SQL, 4 - 7 Yrs of Exp 
Data Analyst,London International Patient Services,"Sheraton, Cairo, Egypt",1 day ago,https://wuzzuf.net/jobs/p/oi4BuGQEFaXn-Data-Analyst-London-International-Patient-Services-Cairo-Egypt?o=8&l=sp&t=sj&a=data |search-v3|navbg,Full Time, IT/Software Development  Analyst/Research  Engineering - Telecom/Technology  Customer Support  XML  Software Development  Computer Skills  English  Support Desk  Technical Support, 1 - 2 Yrs of Exp 
Data Entry,Monglish Academy,"San Stefano, Alexandria, Egypt",6 days ago,https://wuzzuf.net/jobs/p/Nw1tsexe11qh-Data-Entry-Monglish-Academy-Alexandria-Egypt?o=9&l=sp&t=sj&a=data |search-v3|navbg,Full Time, Accounting/Finance  Administration  entry  excel  Microsoft Office  Office clerk  MS Office  MS  Data Entry  Administration, 2 - 6 Yrs of Exp 
Data Scientist,Seoudi Supermarket,"Sheikh Zayed, Giza, Egypt",7 days ago,https://wuzzuf.net/jobs/p/VssduzQBDTOi-Data-Scientist-Seoudi-Supermarket-Giza-Egypt?o=10&l=sp&t=sj&a=data |search-v3|navbg,Full Time, IT/Software Development  Analyst/Research  Engineering - Telecom/Technology  Computer Science  Data Science  Programming  Python  Algorithms  SQL, 1 - 4 Yrs of Exp 
Senior Data Analyst,Fawry for Banking Technology and Electronic Payments S.A.E,"Smart Village, Giza, Egypt",8 days ago,https://wuzzuf.net/jobs/p/YI5pC9RYrl9S-Senior-Data-Analyst-Fawry-for-Banking-Technology-and-Electronic-Payments-S-A-E-Giza-Egypt?o=11&l=sp&t=sj&a=data |search-v3|navbg,Full Time, Business Development  Analyst/Research  Analysis  analytical  Analyst  Business Intelligence  business  Data  Data Analysis  Information Technology (IT), 2 - 5 Yrs of Exp 
Data Entry Specialist,Zaki Hashem & Partners,"Downtown, Cairo, Egypt",1 day ago,https://wuzzuf.net/jobs/p/MbRS9FI0JLF5-Data-Entry-Specialist-Zaki-Hashem-Partners-Cairo-Egypt?o=12&l=sp&t=sj&a=data |search-v3|navbg,Full Time, Administration  Writing/Editorial  Legal  Administration  Computer Skills  Data Entry  Grammar  law firms  typing skills  Typing, 2 - 6 Yrs of Exp 
Data Entry Specialist,FRIDAL,"6th of October, Giza, Egypt",4 minutes ago,https://wuzzuf.net/jobs/p/IFW9ZrpNBwUx-Data-Entry-Specialist-FRIDAL-Giza-Egypt?o=13&l=sp&t=sj&a=data |search-v3|navbg,Full Time, Administration  Data Entry  Microsoft Office  Administration  Typing  Documentation  Admin  Computer Skills  English, 1 - 2 Yrs of Exp 
Data Entry Specialist,Mazzika Group,"Dokki, Giza, Egypt",3 minutes ago,https://wuzzuf.net/jobs/p/r7BVuJVeT9b0-Data-Entry-Specialist-Mazzika-Group-Giza-Egypt?o=14&l=sp&t=sj&a=data |search-v3|navbg,Full Time, females_only  Administration  Microsoft Office  Administration  Secretary  Data Entry  Admin  Typing Skills  Office Management  Microsoft, 0 - 1 Yrs of Exp 
Data Engineer,Ejada,"Cairo, Egypt",9 days ago,https://wuzzuf.net/jobs/p/yGJTY5poSrkP-Data-Engineer-Ejada-Cairo-Egypt?o=15&l=sp&t=sj&a=data |search-v3|navbg,Full Time, IT/Software Development  Computer Engineering  Data, 3 - 5 Yrs of Exp 
Electronic Data Interchange (EDI) Analyst (Fluent English Speakers Only),FlairsTech,"Cairo, Egypt",3 days ago,https://wuzzuf.net/jobs/p/wJzXSreeqlYZ-Electronic-Data-Interchange-EDI-Analyst-Fluent-English-Speakers-Only-FlairsTech-Cairo-Egypt?o=16&l=sp&t=sj&a=data |search-v3|navbg,Full Time, IT/Software Development  Computer Science  Customer Service  Information Technology (IT)  Oracle  SSIS  SSRS  SQL  Electronic Data Interchange (EDI), 1 - 3 Yrs of Exp 
Accountant & Data Entry,Al-Khail Industries & Trading,"Azbakia, Cairo, Egypt",9 days ago,https://wuzzuf.net/jobs/p/bEHa1ReVnAc3-Accountant-Data-Entry-Al-Khail-Industries-Trading-Cairo-Egypt?o=17&l=sp&t=sj&a=data |search-v3|navbg,Full Time, Accounting/Finance  Logistics/Supply Chain  Sales/Retail  Data Entry  Accounting  Microsoft Excel  Customer Service, 3+ Yrs of Exp 
Data entry (Males only),Solikgroup,"Sidi Gaber, Alexandria, Egypt",13 days ago,https://wuzzuf.net/jobs/p/ANMtrY2YgOGQ-Data-entry-Males-only-Solikgroup-Alexandria-Egypt?o=18&l=sp&t=sj&a=data |search-v3|navbg,Full Time, Administration  Customer Service/Support  Writing/Editorial  Customer Service  entry  Microsoft  Microsoft Office  Management  Skills  Data Entry, 2 - 4 Yrs of Exp 
Data Processor - Offshore,Petrological Integrated Solutions,"Stanley, Alexandria, Egypt",13 days ago,https://wuzzuf.net/jobs/p/H3T8IPPk9LWi-Data-Processor---Offshore-Petrological-Integrated-Solutions-Alexandria-Egypt?o=19&l=sp&t=sj&a=data |search-v3|navbg,Full Time, males_only  Engineering - Construction/Civil/Architecture  AutoCAD  Data Processing  Oil Field  Engineering Field  Data Processor  offshore  English, 1 - 2 Yrs of Exp 
Digital Data Reviewer,Arabian Systems,"New Cairo, Cairo, Egypt",10 days ago,https://wuzzuf.net/jobs/p/HxEQLYQLyMMl-Digital-Data-Reviewer-Arabian-Systems-Cairo-Egypt?o=20&l=sp&t=sj&a=data |search-v3|navbg,Full Time, IT/Software Development  Data Analysis  Digital Marketing  Creative  Marketing  Social Media  Microsoft Excel  English  Social Network, 1 - 3 Yrs of Exp 
Data Entry Specialist - Full Time,Kreston,"Maadi, Cairo, Egypt",10 days ago,https://wuzzuf.net/jobs/p/8LmsqVDboIcH-Data-Entry-Specialist---Full-Time-Kreston-Cairo-Egypt?o=21&l=sp&t=sj&a=data |search-v3|navbg,Full Time, females_only  Administration  Writing/Editorial  Data Entry  Administration  English  Typing  Admin  Typing Skills  Microsoft Office  Speed, 0 - 2 Yrs of Exp 
Data Analyst,Othaim,"Katameya, Cairo, Egypt",10 days ago,https://wuzzuf.net/jobs/p/F2KQo3eVWbYv-Data-Analyst-Othaim-Cairo-Egypt?o=22&l=sp&t=sj&a=data |search-v3|navbg,Full Time, IT/Software Development  Analyst/Research  Computer Science  Information Technology (IT)  Data Analysis  Analyst, 3 - 15 Yrs of Exp 
Data Analyst,Confidential,"Heliopolis, Cairo, Egypt",15 days ago,https://wuzzuf.net/jobs/p/oFzMDbFWIJE6-Data-Analyst-Cairo-Egypt?o=23&l=sp&t=sj&a=data |search-v3|navbg,Full Time, Business Development  Analyst/Research  analytical  Analyst  Data  Data Analyst, 2 - 6 Yrs of Exp 
Data Entry,Da3em Academy,"Cairo, Egypt",15 days ago,https://wuzzuf.net/jobs/p/IBr8k7Wtf9W5-Data-Entry-Da3em-Academy-Cairo-Egypt?o=24&l=sp&t=sj&a=data |search-v3|navbg,Full TimeWork From Home, females_only  Administration  Customer Service/Support  Data Entry  Administration  Customer Service  Microsoft Office, 2 - 5 Yrs of Exp 
Senior data engineering,Ejada,"Cairo, Egypt",9 days ago,https://wuzzuf.net/jobs/p/qWvxu12Phvwr-Senior-data-engineering-Ejada-Cairo-Egypt?o=25&l=sp&t=sj&a=data |search-v3|navbg,Full Time, IT/Software Development  Automation  Computer Science, 5 - 7 Yrs of Exp 
Data Entry,Advansys for Trading & Contracting,"Cairo, Egypt",14 days ago,https://wuzzuf.net/jobs/p/KkDZw5CsPDwv-Data-Entry-Advansys-for-Trading-Contracting-Cairo-Egypt?o=26&l=sp&t=sj&a=data |search-v3|navbg,Full Time, Administration  Administration  MS Office  excel  Data Entry, 1 - 3 Yrs of Exp 
Data Engineer,Confidential,"Riyadh, Saudi Arabia",14 days ago,https://wuzzuf.net/jobs/p/LVST1WucMPkm-Data-Engineer-Riyadh-Saudi-Arabia?o=27&l=sp&t=sj&a=data |search-v3|navbg,Full Time, IT/Software Development  Engineering - Telecom/Technology  Data Engineer  ETL  SQL  Teradata  Unix, 2 - 15 Yrs of Exp 
Data Science Software Engineer Intern,Seuqel Solutions,"Cairo, Egypt",13 days ago,https://wuzzuf.net/internship/woPTqpa9WDRl-Data-Science-Software-Engineer-Intern-Seuqel-Solutions-Cairo-Egypt?o=28&l=sp&t=sj&a=data |search-v3|navbg,Internship, IT/Software Development  Engineering - Telecom/Technology  Computer Science  Algorithms  Information Technology (IT)  Python  Software  Software Development  Software Engineering  Programming, 0 - 1 Yrs of Exp 
Data Analysis & Operation Control Supervisor,Sky logistics,"Sheikh Zayed, Giza, Egypt",19 days ago,https://wuzzuf.net/jobs/p/pGT14JsHG0xQ-Data-Analysis-Operation-Control-Supervisor-Sky-logistics-Giza-Egypt?o=29&l=sp&t=sj&a=data |search-v3|navbg,Full Time, females_preferred  Other  Analyst/Research  SQL  Advanced Excel  Power BI  Visual Basic  Data Analysis  Leadership  excel  Reports, 5 - 7 Yrs of Exp 
Content & Data Entry Specialist,IVAS,"Agouza, Giza, Egypt",17 days ago,https://wuzzuf.net/jobs/p/vuPoNSpTxs13-Content-Data-Entry-Specialist-IVAS-Giza-Egypt?o=30&l=sp&t=sj&a=data |search-v3|navbg,Full Time, Administration  Writing/Editorial  Marketing/PR/Advertising  Data Entry  Content  Administration  Translation  Writing  Editorial  Microsoft Office, 0 - 1 Yrs of Exp 
Data Specialist-SSIS,SANTECHTURE,"Cairo, Egypt",22 days ago,https://wuzzuf.net/jobs/p/xf0c7ZF5hHvq-Data-Specialist-SSIS-SANTECHTURE-Cairo-Egypt?o=31&l=sp&t=sj&a=data |search-v3|navbg,Full Time, IT/Software Development  Data  Engineering  Information Technology (IT)  SSIS  SQL  ETL, 10 - 15 Yrs of Exp 
Data Analyst,Al Ahly capital holding - Al Ahly Tamkeen,"Zamalek, Cairo, Egypt",22 days ago,https://wuzzuf.net/jobs/p/DJ5VofdSWmu7-Data-Analyst-Al-Ahly-capital-holding---Al-Ahly-Tamkeen-Cairo-Egypt?o=32&l=sp&t=sj&a=data |search-v3|navbg,Full Time, IT/Software Development  Analyst/Research  Engineering - Telecom/Technology  Analysis  BI  Computer Science  Data  analytical  Information Technology (IT)  Reporting, 1 - 3 Yrs of Exp 
Data Entry Specialist,Tripathon,"Cairo, Egypt",21 days ago,https://wuzzuf.net/jobs/p/JVSEj5jXElf9-Data-Entry-Specialist-Tripathon-Cairo-Egypt?o=33&l=sp&t=sj&a=data |search-v3|navbg,Full Time, Accounting/Finance  Data Entry  English  Administration, 0 - 3 Yrs of Exp 
Data Scientist Manager,Tamweely,"Shubra, Cairo, Egypt",23 days ago,https://wuzzuf.net/jobs/p/TDvGLGflJdwP-Data-Scientist-Manager-Tamweely-Cairo-Egypt?o=34&l=sp&t=sj&a=data |search-v3|navbg,Full Time, Analyst/Research  Data  Data Analysis  Economics  Mathematics  Statistics  Reporting, 7 - 10 Yrs of Exp 
Data Entry Specialist,Botit,"Abdeen, Cairo, Egypt",23 days ago,https://wuzzuf.net/jobs/p/qFySt7D8imaT-Data-Entry-Specialist-Botit-Cairo-Egypt?o=35&l=sp&t=sj&a=data |search-v3|navbg,Full Time, Administration  Writing/Editorial  Data Entry  Microsoft Office  MS Office  Typing  Data  Administration, 0 - 3 Yrs of Exp 
Senior Big Data Engineer,BBI-Consultancy,"Cairo, Egypt",24 days ago,https://wuzzuf.net/jobs/p/szkVNPPVlKHy-Senior-Big-Data-Engineer-BBI-Consultancy-Cairo-Egypt?o=36&l=sp&t=sj&a=data |search-v3|navbg,Full Time, IT/Software Development  Big Data  Computer Science  Data  Software Development, 4 - 7 Yrs of Exp 
Senior Data Modeler,BBI-Consultancy,"Cairo, Egypt",24 days ago,https://wuzzuf.net/jobs/p/MSfNAjuV95Yw-Senior-Data-Modeler-BBI-Consultancy-Cairo-Egypt?o=37&l=sp&t=sj&a=data |search-v3|navbg,Full Time, IT/Software Development  analytical  Computer Science  Data  Data Mining  Database  Information Technology (IT)  SQL  Data Modeling  Data Modeler, 4 - 7 Yrs of Exp 
Data Analysis Instructor,Zero Grad,"Cairo, Egypt",24 days ago,https://wuzzuf.net/jobs/p/glEl5GNkK8SZ-Data-Analysis-Instructor-Zero-Grad-Cairo-Egypt?o=38&l=sp&t=sj&a=data |search-v3|navbg,Freelance / ProjectWork From Home, IT/Software Development  Analyst/Research  Training/Instructor  Online Teaching  Data Analysis  Data Analyst, 1 - 3 Yrs of Exp 
Lead Data Engineer,SANTECHTURE,"Cairo, Egypt",23 days ago,https://wuzzuf.net/jobs/p/fOot2K6pC4ZG-Lead-Data-Engineer-SANTECHTURE-Cairo-Egypt?o=39&l=sp&t=sj&a=data |search-v3|navbg,Full Time, IT/Software Development  SSIS  SSRS  Power BI  SQL Server, 7 - 15 Yrs of Exp 
Senior Big Data ETL Engineer (KSA),Ejada,"Riyadh, Saudi Arabia",27 days ago,https://wuzzuf.net/jobs/p/3BMwGY5PKXLT-Senior-Big-Data-ETL-Engineer-KSA-Ejada-Riyadh-Saudi-Arabia?o=40&l=sp&t=sj&a=data |search-v3|navbg,Full Time, IT/Software Development  Engineering - Telecom/Technology  Business Intelligence  Computer Engineering  Data Warehousing, 4 - 5 Yrs of Exp 
Data Engineer,Wadi Degla Clubs Company,"Maadi, Cairo, Egypt",28 days ago,https://wuzzuf.net/jobs/p/Nw7USXcXy2Y7-Data-Engineer-Wadi-Degla-Clubs-Company-Cairo-Egypt?o=41&l=sp&t=sj&a=data |search-v3|navbg,Full Time, IT/Software Development  Analyst/Research  Engineering - Telecom/Technology  Computer Engineering  Computer Science  Information Technology (IT)  Data  Data Engineering  computer, 3 - 4 Yrs of Exp 
"Data Scientist ""Senior/Lead""",Confidential,"New Cairo, Cairo, Egypt",30 days ago,https://wuzzuf.net/jobs/p/PmQv2opPhA7S-Data-Scientist-SeniorLead-Cairo-Egypt?o=42&l=sp&t=sj&a=data |search-v3|navbg,Full Time, R&D/Science  IT/Software Development  Algorithms  Computer Science  Data Science  Information Technology (IT)  Python  Spark  Statistics  Machine Learning, 2 - 10 Yrs of Exp 
Data Science/Machine learning/AI Instructor,EpsilonAI,"Nasr City, Cairo, Egypt",1 month ago,https://wuzzuf.net/jobs/p/z1WUTO5z3VPv-Data-ScienceMachine-learningAI-Instructor-EpsilonAI-Cairo-Egypt?o=43&l=sp&t=sj&a=data |search-v3|navbg,Full TimePart Time, IT/Software Development  Engineering - Telecom/Technology  Training/Instructor  Data Science  Computer Science  Computer Engineering  Python  Machine Learning  Deep Learning  Artificial Intelligence (AI), 1+ Yrs of Exp 
Data Analysis/Analytics Instructor (Excel - Power BI),EpsilonAI,"Nasr City, Cairo, Egypt",1 month ago,https://wuzzuf.net/jobs/p/9a6xAonGON6o-Data-AnalysisAnalytics-Instructor-Excel---Power-BI-EpsilonAI-Cairo-Egypt?o=44&l=sp&t=sj&a=data |search-v3|navbg,Full TimePart TimeFreelance / Project, IT/Software Development  Analyst/Research  Training/Instructor  Analysis  business  Business Intelligence  Data Analysis  Computer Science  Power BI  SQL, 1+ Yrs of Exp 
Project Manager - Data Networks (ICT),SABA,"Heliopolis, Cairo, Egypt",29 days ago,https://wuzzuf.net/jobs/p/pdQGIrysgCgT-Project-Manager---Data-Networks-ICT-SABA-Cairo-Egypt?o=45&l=sp&t=sj&a=data |search-v3|navbg,Full Time, IT/Software Development  Project/Program Management  Engineering - Telecom/Technology  Project Management  Software Engineering  Data Networks  Networks  PMP  Microsoft Visio  Smartdraw, 2 - 5 Yrs of Exp 
Data Analyst,Hands of Hope Physical Therapy & Wellness,"Maadi, Cairo, Egypt",1 month ago,https://wuzzuf.net/jobs/p/vgk1zH3toGcK-Data-Analyst-Hands-of-Hope-Physical-Therapy-Wellness-Cairo-Egypt?o=46&l=sp&t=sj&a=data |search-v3|navbg,Full Time, R&D/Science  IT/Software Development  Analyst/Research  Analysis  Analyst  Data  Data Analysis  Data Analyst  Information Technology (IT)  Tableau, 3 - 5 Yrs of Exp 
Data Analyst,Natcom,"Cairo, Egypt",1 month ago,https://wuzzuf.net/jobs/p/kpNgil7J4AhE-Data-Analyst-Natcom-Cairo-Egypt?o=47&l=sp&t=sj&a=data |search-v3|navbg,Full Time, Sales/Retail  Sales  Retail  Retail Sales  Retail Business, 2 - 6 Yrs of Exp 
ERPNext Specialist/Data Analyst,Confidential,"Alexandria, Egypt",1 month ago,https://wuzzuf.net/jobs/p/sQk7nEB7BSrD-ERPNext-SpecialistData-Analyst-Alexandria-Egypt?o=48&l=sp&t=sj&a=data |search-v3|navbg,Full Time, IT/Software Development  Business Intelligence  BI  Data Analyst  Data Mining  Power BI  Data Analysis  ERPNext  ERP Implementation  Technical Support, 5+ Yrs of Exp 
Data Entry Specialist,TheCloudReference,"Cairo, Egypt",1 month ago,https://wuzzuf.net/jobs/p/vuEEu6FHF8tt-Data-Entry-Specialist-TheCloudReference-Cairo-Egypt?o=49&l=sp&t=sj&a=data |search-v3|navbg,Full TimeWork From Home, Administration  Customer Service/Support  IT/Software Development  Data Entry  excel  Customer Service  English  Administration, 0 - 3 Yrs of Exp 
Commercial Data Management Specialist,Hikma Pharmaceuticals,"6th of October, Giza, Egypt",1 month ago,https://wuzzuf.net/jobs/p/T5E6bqEiuS1B-Commercial-Data-Management-Specialist-Hikma-Pharmaceuticals-Giza-Egypt?o=50&l=sp&t=sj&a=data |search-v3|navbg,Full Time, Accounting/Finance  Business Development  Sales/Retail  Data Analysis  Data Management  commercial analyst  English  Microsoft Office, 2 - 5 Yrs of Exp 
Data Analyst,Nugttah,"Cairo, Egypt",1 month ago,https://wuzzuf.net/jobs/p/9Y9VzyWdrDBD-Data-Analyst-Nugttah-Cairo-Egypt?o=51&l=sp&t=sj&a=data |search-v3|navbg,Full Time, IT/Software Development  Engineering - Telecom/Technology  Computer Science  Information Technology (IT)  Data Analysis  Data visualization  Data, 1 - 4 Yrs of Exp 
Data Entry Clerk,Meezy,"Gent, Belgium",1 month ago,https://wuzzuf.net/jobs/p/3dQR2pFisfNE-Data-Entry-Clerk-Meezy-Gent-Belgium?o=52&l=sp&t=sj&a=data |search-v3|navbg,Full Time, Administration  Data Entry  CMS  Microsoft Excel  Ecommerce, 1 - 2 Yrs of Exp 
Data Entry - Ain El Sokhna (Multinational Logistics CO.),Pillars,"Ain Sokhna, Suez, Egypt",1 month ago,https://wuzzuf.net/jobs/p/UH7EMaPoYRSx-Data-Entry---Ain-El-Sokhna-Multinational-Logistics-CO-Pillars-Suez-Egypt?o=53&l=sp&t=sj&a=data |search-v3|navbg,Full Time, Administration  Arabic  Data  Data Entry  Microsoft  Microsoft Office  Typing  Business English  Administration, 2 - 4 Yrs of Exp 
Data Analyst (On-Site),Union Coop,"Dokki, Giza, Egypt",1 month ago,https://wuzzuf.net/jobs/p/eROfuCLRdqE6-Data-Analyst-On-Site-Union-Coop-Giza-Egypt?o=54&l=sp&t=sj&a=data |search-v3|navbg,Full Time, IT/Software Development  Analyst/Research  Computer Science  Power BI  SSIS  SSRS  SSAS  Data Warehouse  Information Technology (IT)  ETL, 6+ Yrs of Exp 
Senior Data Engineer (Hybrid),SSC Egypt,"New Cairo, Cairo, Egypt",1 month ago,https://wuzzuf.net/jobs/p/XyRQ3AuhAOdG-Senior-Data-Engineer-Hybrid-SSC-Egypt-Cairo-Egypt?o=55&l=sp&t=sj&a=data |search-v3|navbg,Full Time, Banking  IT/Software Development  cloudera  Computer Engineering  Data  Data Modeling  Modeling  Spark, 4 - 5 Yrs of Exp 
WMS - Data entry coordinator,Logistica,"6th of October, Giza, Egypt",1 month ago,https://wuzzuf.net/jobs/p/VzOShPgegDOI-WMS---Data-entry-coordinator-Logistica-Giza-Egypt?o=56&l=sp&t=sj&a=data |search-v3|navbg,Full Time, Logistics/Supply Chain  SAP  WMS  Data Entry  Microsoft Excel, 1 - 3 Yrs of Exp 
Data Entry Specialist (Night Shift Only),Micro Engineering,"Cairo, Egypt",1 month ago,https://wuzzuf.net/jobs/p/s3uv9AhqFIKZ-Data-Entry-Specialist-Night-Shift-Only-Micro-Engineering-Cairo-Egypt?o=57&l=sp&t=sj&a=data |search-v3|navbg,Full Time, Administration  Customer Service  Data Entry  Microsoft Office  Skills  computer  quality  reports, Customer Service/Support 
WMS Data entry Specialist,Logistica,"6th of October, Giza, Egypt",1 month ago,https://wuzzuf.net/jobs/p/KoNmIWmxdgek-WMS-Data-entry-Specialist-Logistica-Giza-Egypt?o=58&l=sp&t=sj&a=data |search-v3|navbg,Full Time, Logistics/Supply Chain  ERP  WMS  Data Entry  Warehouse Management, 1 - 5 Yrs of Exp 
Senior Market Research & Data Analyst,Onecard,"Nasr City, Cairo, Egypt",2 months ago,https://wuzzuf.net/jobs/p/5havDdtkPedg-Senior-Market-Research-Data-Analyst-Onecard-Cairo-Egypt?o=59&l=sp&t=sj&a=data |search-v3|navbg,Full Time, Analyst/Research  SPSS  Market Research  Analysis  Statistics  Microsoft Office  Web Analysis, 3 - 5 Yrs of Exp 
Data Entry Specialist (Part-time on Weekends),Micro Engineering,"Heliopolis, Cairo, Egypt",2 months ago,https://wuzzuf.net/jobs/p/3AXQOAfzKppw-Data-Entry-Specialist-Part-time-on-Weekends-Micro-Engineering-Cairo-Egypt?o=60&l=sp&t=sj&a=data |search-v3|navbg,Part Time, Customer Service/Support  computer  Data Entry  Microsoft Office  reports  quality  Skills  students  social, Administration 
data security engineer,AMLAK Finance - Egypt,"Mohandessin, Giza, Egypt",1 month ago,https://wuzzuf.net/jobs/p/TA36IYfd4Wch-data-security-engineer-AMLAK-Finance---Egypt-Giza-Egypt?o=61&l=sp&t=sj&a=data |search-v3|navbg,Full Time, IT/Software Development  Engineering - Telecom/Technology  computer  Computer Engineering  Computer Science  Engineering  Information Security  Information Technology (IT)  Science  Security, 3 - 4 Yrs of Exp 
Big Data Management Informatica (BDM) Engineer,Ejada,"Riyadh, Saudi Arabia",2 months ago,https://wuzzuf.net/jobs/p/xclhpJKBG4zG-Big-Data-Management-Informatica-BDM-Engineer-Ejada-Riyadh-Saudi-Arabia?o=62&l=sp&t=sj&a=data |search-v3|navbg,Full Time, IT/Software Development  Big Data  data quality  HBase  HDFS  impala  Informatica  quality  Spark  Apache Hive, 3 - 6 Yrs of Exp 
Data Administrator Trainee,LEONI Wiring System Egypt S.A.E,"Nasr City, Cairo, Egypt",1 month ago,https://wuzzuf.net/jobs/p/g97DRSwavhlV-Data-Administrator-Trainee-LEONI-Wiring-System-Egypt-S-A-E-Cairo-Egypt?o=63&l=sp&t=sj&a=data |search-v3|navbg,Full Time, IT/Software Development  Software Development  Communication skills  Information Technology (IT)  English  Software Engineering, 0 - 1 Yrs of Exp 
Data Entry Specialist,Micro Engineering,"Heliopolis, Cairo, Egypt",2 months ago,https://wuzzuf.net/jobs/p/KkrGYIeIqjue-Data-Entry-Specialist-Micro-Engineering-Cairo-Egypt?o=64&l=sp&t=sj&a=data |search-v3|navbg,Full TimeShift Based, R&D/Science  Customer Service/Support  Microsoft Office  quality  reports  Skills  computer  Data Entry  students, Administration 
Data Scientist,Monty Mobile,"Cairo, Egypt",2 months ago,https://wuzzuf.net/jobs/p/JH95wpLfTvip-Data-Scientist-Monty-Mobile-Cairo-Egypt?o=65&l=sp&t=sj&a=data |search-v3|navbg,Full Time, Engineering - Telecom/Technology  Data Science  Python  Information Technology (IT), 1 - 10 Yrs of Exp 
Senior Data Modeler (KSA),Ejada,"Riyadh, Saudi Arabia",2 months ago,https://wuzzuf.net/jobs/p/KMHaeUQK1n4e-Senior-Data-Modeler-KSA-Ejada-Riyadh-Saudi-Arabia?o=66&l=sp&t=sj&a=data |search-v3|navbg,Full Time, IT/Software Development  Engineering - Telecom/Technology  Analysis  Computer Science  Data Modeling, 6 - 10 Yrs of Exp 
Fleet Data Analyst,Seoudi Supermarket,"Giza, Egypt",2 months ago,https://wuzzuf.net/jobs/p/NRZEWQsyXaRd-Fleet-Data-Analyst-Seoudi-Supermarket-Giza-Egypt?o=67&l=sp&t=sj&a=data |search-v3|navbg,Full Time, Operations/Management  Analyst/Research  Analyst  analytical  Data  Data Analyst  Finance  Data Analysis  Analysis, 3 - 4 Yrs of Exp 
Big Data Business Analyst (KSA),Ejada,"Riyadh, Saudi Arabia",2 months ago,https://wuzzuf.net/jobs/p/3WcwR403QPI7-Big-Data-Business-Analyst-KSA-Ejada-Riyadh-Saudi-Arabia?o=68&l=sp&t=sj&a=data |search-v3|navbg,Full Time, IT/Software Development  Engineering - Telecom/Technology  business  Analysis  Data Analysis, 7 - 10 Yrs of Exp 
BI & DWH Sr. Specialist,Masary,"Maadi, Cairo, Egypt",6 days ago,https://wuzzuf.net/jobs/p/LQWlkPdEnEBx-BI-DWH-Sr-Specialist-Masary-Cairo-Egypt?o=69&l=sp&t=sj&a=data |search-v3|navbg,Full Time, IT/Software Development  Computer Science  BI  Data Warehouse  Oracle  SQL  ETL  SQL Server, 4 - 7 Yrs of Exp 
Oracle Database Administrator (DBA),Ultimate Solutions Egypt,"6th of October, Giza, Egypt",7 days ago,https://wuzzuf.net/jobs/p/zjIBVeGAmcGh-Oracle-Database-Administrator-DBA-Ultimate-Solutions-Egypt-Giza-Egypt?o=70&l=sp&t=sj&a=data |search-v3|navbg,Full Time, Installation/Maintenance/Repair  IT/Software Development  Engineering - Telecom/Technology  DBA  Oracle  SQL  PLSQL  Data Modeling  Relational Concepts  Data Warehouse, 3+ Yrs of Exp 
HSE Systems Controller,Sukari Gold Mines,"Qusayr, Red Sea, Egypt",7 days ago,https://wuzzuf.net/jobs/p/dLFkYm0b3RS4-HSE-Systems-Controller-Sukari-Gold-Mines-Red-Sea-Egypt?o=71&l=sp&t=sj&a=data |search-v3|navbg,Full Time, Operations/Management  Quality  Analyst/Research  HSE  HSE Management System  Quality Control  Quality Assurance  Data  HSE Management  Data Verification, 2 - 3 Yrs of Exp 
System Admin,ByndCo,"Cairo, Egypt",4 hours ago,https://wuzzuf.net/jobs/p/SaJSNxVSZod6-System-Admin-ByndCo-Cairo-Egypt?o=72&l=sp&t=sj&a=data |search-v3|navbg,Full TimeWork From Home, IT/Software Development  English  Communication  Computer Science  Information Technology (IT)  System Administration  Technical Support  Data Entry, 1 - 3 Yrs of Exp 
Hotels Content Entry Specialist,AL-Matar,"Maadi, Cairo, Egypt",5 hours ago,https://wuzzuf.net/jobs/p/DXdpkm92rijd-Hotels-Content-Entry-Specialist-AL-Matar-Cairo-Egypt?o=73&l=sp&t=sj&a=data |search-v3|navbg,Full Time, Administration  Writing/Editorial  Tourism/Travel  Administration  Data Entry  MS Office  Travel  Writing  Microsoft Office  English, 1 - 2 Yrs of Exp 
Senior Data Engineer,Confidential,"Smart Village, Giza, Egypt",2 months ago,https://wuzzuf.net/jobs/p/ajRhVm2LANmK-Senior-Data-Engineer-Giza-Egypt?o=74&l=sp&t=sj&a=data |search-v3|navbg,Full Time, IT/Software Development  Engineering - Telecom/Technology  Computer Science  Data Engineer  Data  engineer  Information Technology (IT)  Engineering  Software Development, 5+ Yrs of Exp 
Sustainability intern,Olam SVI,"Giza, Egypt",2 days ago,https://wuzzuf.net/internship/xPYvHaXdkHtY-Sustainability-intern-Olam-SVI-Giza-Egypt?o=75&l=sp&t=sj&a=data |search-v3|navbg,Internship, R&D/Science  Operations/Management  Quality  Sustainability  Quality Management  Data Analysis  Documents Control, females_preferred 
Head of Data team,Edentech,"Dokki, Giza, Egypt",2 months ago,https://wuzzuf.net/jobs/p/JSUGAuHUWrXp-Head-of-Data-team-Edentech-Giza-Egypt?o=76&l=sp&t=sj&a=data |search-v3|navbg,Full Time, R&D/Science  IT/Software Development  Engineering - Telecom/Technology  apache Nifi  MongoDB  Computer Science  Data Analysis  Data Modeling  Python  Management, 8+ Yrs of Exp 
BI Developer (On-Site),Union Coop,"Dokki, Giza, Egypt",13 days ago,https://wuzzuf.net/jobs/p/ErMRZ3xYZOh4-BI-Developer-On-Site-Union-Coop-Giza-Egypt?o=77&l=sp&t=sj&a=data |search-v3|navbg,Full Time, IT/Software Development  Analyst/Research  BI  Computer Science  Power BI  SSIS  SSRS  SSAS  Data Warehouse  Information Technology (IT), 3+ Yrs of Exp 
Social Researcher,Confidential,"New Cairo, Cairo, Egypt",6 days ago,https://wuzzuf.net/jobs/p/HTUHLkP0buqG-Social-Researcher-Cairo-Egypt?o=78&l=sp&t=sj&a=data |search-v3|navbg,Full Time, Data Analysis  Analysis  Management  Research  social  Writing, Analyst/Research 
Mobile Application Developer,MegaSoft,"Heliopolis, Cairo, Egypt",7 days ago,https://wuzzuf.net/jobs/p/VZzlvypScaAi-Mobile-Application-Developer-MegaSoft-Cairo-Egypt?o=79&l=sp&t=sj&a=data |search-v3|navbg,Full Time, IT/Software Development  Engineering - Telecom/Technology  Information Technology (IT)  Computer Science  Software Development  Software Engineering  java  English  Software  Design, 4+ Yrs of Exp 
Software Business Analyst,WSC,"Dokki, Giza, Egypt",14 days ago,https://wuzzuf.net/jobs/p/Pz0tJPirYOPj-Software-Business-Analyst-WSC-Giza-Egypt?o=80&l=sp&t=sj&a=data |search-v3|navbg,Full Time, IT/Software Development  Analyst/Research  Engineering - Telecom/Technology  Information Technology (IT)  Computer Science  Data  Software  Communication skills  IT, 3 - 6 Yrs of Exp 
Senior SIT and Testing engineer,Masria Digital Payment (MDP),"New Cairo, Cairo, Egypt",9 days ago,https://wuzzuf.net/jobs/p/QrnwaxvDC8rC-Senior-SIT-and-Testing-engineer-Masria-Digital-Payment-MDP-Cairo-Egypt?o=81&l=sp&t=sj&a=data |search-v3|navbg,Full Time, Banking  IT/Software Development  Computer Science  Debugging  Information Technology (IT)  Data  ISO  Linux  Oracle  Oracle SQL, 3 - 5 Yrs of Exp 
Senior Payment systems Implementation Engineer,Masria Digital Payment (MDP),"New Cairo, Cairo, Egypt",9 days ago,https://wuzzuf.net/jobs/p/LIsuAHTduSCf-Senior-Payment-systems-Implementation-Engineer-Masria-Digital-Payment-MDP-Cairo-Egypt?o=82&l=sp&t=sj&a=data |search-v3|navbg,Full Time, Banking  Installation/Maintenance/Repair  Engineering - Telecom/Technology  Computer Science  ATM  Data  Debugging  Engineering  HSM  Information Technology (IT), 3 - 5 Yrs of Exp 
Market Research Analyst,Gap Polymers,"Maadi, Cairo, Egypt",15 days ago,https://wuzzuf.net/jobs/p/ew3kc07B9QRm-Market-Research-Analyst-Gap-Polymers-Cairo-Egypt?o=83&l=sp&t=sj&a=data |search-v3|navbg,Full Time, Marketing/PR/Advertising  Analyst/Research  E-Marketing  Data Collection  Market Research  Marketing  Research  Statistics  Economics  online survey, 1 - 3 Yrs of Exp 
Receptionist & Facility Coordinator,CBRE GWS,"New Cairo, Cairo, Egypt",10 days ago,https://wuzzuf.net/jobs/p/PwaxCPLX03kC-Receptionist-Facility-Coordinator-CBRE-GWS-Cairo-Egypt?o=84&l=sp&t=sj&a=data |search-v3|navbg,Full Time, Administration  Customer Service/Support  Reception  Office management  Data Entry  Administration, 0 - 2 Yrs of Exp 
Sales Rep./SPVR./MGR.,Confidential,"khanka, Qalubia, Egypt",15 days ago,https://wuzzuf.net/jobs/p/Lj5uoUqlvSn2-Sales-RepSPVRMGR-Qalubia-Egypt?o=85&l=sp&t=sj&a=data |search-v3|navbg,Full Time, Medical/Healthcare  Sales/Retail  Pharmaceutical  Medical  Medical Sales  Sales Skills  Sales Target  Medicine  Health Care  Pharmacy, 3 - 12 Yrs of Exp 
Senior Data Management Engineer,BBI-Consultancy,"Nasr City, Cairo, Egypt",2 months ago,https://wuzzuf.net/jobs/p/XjXLoDFAcP7h-Senior-Data-Management-Engineer-BBI-Consultancy-Cairo-Egypt?o=86&l=sp&t=sj&a=data |search-v3|navbg,Full Time, IT/Software Development  Engineering - Telecom/Technology  Informatica  ODI  SSIS  Data Integration  ETL  Data Management  Information Technology (IT)  Communication skills, 3 - 6 Yrs of Exp 
Data Entry and Check,High Technology,"Azbakia, Cairo, Egypt",2 months ago,https://wuzzuf.net/jobs/p/oSYbgnkNBtTm-Data-Entry-and-Check-High-Technology-Cairo-Egypt?o=87&l=sp&t=sj&a=data |search-v3|navbg,Full Time, males_only  Administration  Writing/Editorial  MS Office  computer  English  Microsoft Word  Microsoft Excel  Administration  Data Entry  Typing, 0 - 2 Yrs of Exp 
Financial Analyst - Innoventures,Cultiv,"Heliopolis, Cairo, Egypt",16 days ago,https://wuzzuf.net/jobs/p/Y8KjoFtYCjXi-Financial-Analyst---Innoventures-Cultiv-Cairo-Egypt?o=88&l=sp&t=sj&a=data |search-v3|navbg,Full Time, Accounting/Finance  Analyst/Research  Financial Analysis  Finance  Accounting  Analysis  Financial  Economics  Excel  Computer Skills, 2 - 5 Yrs of Exp 
Customer Support Advisor,https://www.amisolegypt.com/,"Sheraton, Cairo, Egypt",16 days ago,https://wuzzuf.net/jobs/p/CMHPNgSgaBQx-Customer-Support-Advisor-httpswww-amisolegypt-com-Cairo-Egypt?o=89&l=sp&t=sj&a=data |search-v3|navbg,Full TimePart TimeWork From Home, Tourism/Travel  Customer Service  Data Entry  german  English  computer, 1 - 1 Yrs of Exp 
Senior Sales Admin,R2S Logistics,"Cairo, Egypt",17 days ago,https://wuzzuf.net/jobs/p/cXjidAxyKO4r-Senior-Sales-Admin-R2S-Logistics-Cairo-Egypt?o=90&l=sp&t=sj&a=data |search-v3|navbg,Full Time, Administration  Customer Service/Support  Sales/Retail  CRM  Customer Service  Financial Data Analysis  Analysis  Business Analysis  Sales  Logistics, 3 - 5 Yrs of Exp 
Senior Sales Account Manager (IT Infrastructure),Confidential,"Nasr City, Cairo, Egypt",14 days ago,https://wuzzuf.net/jobs/p/TTS23DybKMHv-Senior-Sales-Account-Manager-IT-Infrastructure-Cairo-Egypt?o=91&l=sp&t=sj&a=data |search-v3|navbg,Full Time, IT/Software Development  Sales/Retail  Engineering - Telecom/Technology  Data Centers  Servers  IT Sales  Sales Skills  IT Infrastructure Sales  Sales Target  Computer Science, 4+ Yrs of Exp 
Administrative Assistant,Confidential,"Cairo, Egypt",14 days ago,https://wuzzuf.net/jobs/p/dkCEYshc2nTY-Administrative-Assistant-Cairo-Egypt?o=92&l=sp&t=sj&a=data |search-v3|navbg,Full Time, Administration  Administration  Engineering  Data Entry, 5 - 7 Yrs of Exp 
Receptionist - Radiology Center,DAR ELTEB RADIOLOGY CENTER,"Dokki, Giza, Egypt",9 days ago,https://wuzzuf.net/jobs/p/wf3d8QVfOoSb-Receptionist---Radiology-Center-DAR-ELTEB-RADIOLOGY-CENTER-Giza-Egypt?o=93&l=sp&t=sj&a=data |search-v3|navbg,Full TimePart Time, Administration  Admin  Administration  Data Entry  Reception, 1 - 2 Yrs of Exp 
Collector - Finance,Johnson Controls,"Nasr City, Cairo, Egypt",10 days ago,https://wuzzuf.net/jobs/p/MCdcmvVjL9aF-Collector---Finance-Johnson-Controls-Cairo-Egypt?o=94&l=sp&t=sj&a=data |search-v3|navbg,Full Time, Accounting/Finance  Accounting  Collection  Data Collection  Finance, 2 - 3 Yrs of Exp 
Associate PMO -German Speaker,Expleo,"Maadi, Cairo, Egypt",10 days ago,https://wuzzuf.net/jobs/p/Y2lvW1CfYQaD-Associate-PMO--German-Speaker-Expleo-Cairo-Egypt?o=95&l=sp&t=sj&a=data |search-v3|navbg,Full Time, Operations/Management  Project/Program Management  Customer Service  Project Management Association  Database  Data Entry  SAP  PMO  English  german, 1 - 3 Yrs of Exp 
Electric Engineer,GEMS Education,"New Cairo, Cairo, Egypt",15 days ago,https://wuzzuf.net/jobs/p/KCsElVUDBw5K-Electric-Engineer-GEMS-Education-Cairo-Egypt?o=96&l=sp&t=sj&a=data |search-v3|navbg,Full Time, Engineering - Mechanical/Electrical  AutoCAD  secuirty systems and integration  BMS  Fire Alarm Systems  public address system  lighting control  audio/video control system  IPTV  Data System, 5 - 6 Yrs of Exp 
Business analyst,Dawi Clinics,"Maadi, Cairo, Egypt",15 days ago,https://wuzzuf.net/jobs/p/WVkPdFh7G2Wk-Business-analyst-Dawi-Clinics-Cairo-Egypt?o=97&l=sp&t=sj&a=data |search-v3|navbg,Full Time, IT/Software Development  Analyst/Research  Analysis  Business Analysis  Data  Information Technology (IT)  Information technology  Power BI  BI  Technical Writing, 2 - 3 Yrs of Exp 
Contracting Officer,Dusk Travel,"Dokki, Giza, Egypt",20 days ago,https://wuzzuf.net/jobs/p/ywLz52kXNfAU-Contracting-Officer-Dusk-Travel-Giza-Egypt?o=98&l=sp&t=sj&a=data |search-v3|navbg,Full Time, Tourism/Travel  Data Entry  Tourism  Microsoft Office  Booking  English, 3 - 5 Yrs of Exp 
Bank Accountant,El Abd Group,"Dokki, Giza, Egypt",17 days ago,https://wuzzuf.net/jobs/p/Aa9YNRKFiA7O-Bank-Accountant-El-Abd-Group-Giza-Egypt?o=99&l=sp&t=sj&a=data |search-v3|navbg,Full Time, males_only  Accounting/Finance  Logistics/Supply Chain  Purchasing/Procurement  Accounting  Finance  Accounts Payable  Payable  Accounting Software  Data Entry  Accounts, 3 - 5 Yrs of Exp 
Senior Sales Analyst (Power BI),Alarabia Group,"10th of Ramadan City, Cairo, Egypt",21 days ago,https://wuzzuf.net/jobs/p/lXp66GraUBCK-Senior-Sales-Analyst-Power-BI-Alarabia-Group-Cairo-Egypt?o=100&l=sp&t=sj&a=data |search-v3|navbg,Full Time, males_only  IT/Software Development  Analyst/Research  Sales/Retail  Computer Science  Customer Service  Design  Development  Experience  Management  Sales, 2 - 5 Yrs of Exp 
Junior Data protection (system engineer),Confidential,"New Cairo, Cairo, Egypt",2 months ago,https://wuzzuf.net/jobs/p/HgQExR50mmIp-Junior-Data-protection-system-engineer-Cairo-Egypt?o=101&l=sp&t=sj&a=data |search-v3|navbg,Full Time, IT/Software Development  Engineering - Telecom/Technology  DATA PROTECTION  Computer Science, 2 - 4 Yrs of Exp 
Presales Engineer,Confidential,"Nasr City, Cairo, Egypt",14 days ago,https://wuzzuf.net/jobs/p/3LlK1ujdJWEv-Presales-Engineer-Cairo-Egypt?o=102&l=sp&t=sj&a=data |search-v3|navbg,Full Time, IT/Software Development  Sales/Retail  Engineering - Telecom/Technology  Business Administration  Information Technology (IT)  Computer Engineering  Sales  Sales Skills  Sales Target  IBM, 4+ Yrs of Exp 
Risk Management Officer,Almosafer,"Mohandessin, Giza, Egypt",22 days ago,https://wuzzuf.net/jobs/p/MeMY6tFjSNar-Risk-Management-Officer-Almosafer-Giza-Egypt?o=103&l=sp&t=sj&a=data |search-v3|navbg,Full Time, males_preferred  Accounting/Finance  Banking  Analyst/Research  Banking  Call Center  Finance  Microsoft Office  Risk Management  Accounting  Data Analysis, 1 - 3 Yrs of Exp 
Senior BI Developer,FlairsTech,"Maadi, Cairo, Egypt",23 days ago,https://wuzzuf.net/jobs/p/TVvDIpikLcvd-Senior-BI-Developer-FlairsTech-Cairo-Egypt?o=104&l=sp&t=sj&a=data |search-v3|navbg,Full TimeWork From Home, IT/Software Development  Engineering - Telecom/Technology  BI  Software Development  Analysis  Data Analysis  Software Engineering  Computer Science  English  Tableau, 4 - 6 Yrs of Exp 
Front End Developer (Vue.js),Dafa,"Haram, Giza, Egypt",16 days ago,https://wuzzuf.net/jobs/p/FN9FICbpNi6w-Front-End-Developer-Vuejs-Dafa-Giza-Egypt?o=105&l=sp&t=sj&a=data |search-v3|navbg,Full Time, IT/Software Development  Engineering - Telecom/Technology  Computer Science  front-end  Information Technology (IT)  JavaScript  Programming  SEO  Software Development  Web Development, 2 - 6 Yrs of Exp 
Server Administrator,Arabia for Information Technology,"Cairo, Egypt",23 days ago,https://wuzzuf.net/jobs/p/PeRVxb2uJodk-Server-Administrator-Arabia-for-Information-Technology-Cairo-Egypt?o=106&l=sp&t=sj&a=data |search-v3|navbg,Full Time, IT/Software Development  Linux  Windows Server  Server Administration  Data Center Management  Ubuntu  RHEL  CentOS, 3+ Yrs of Exp 
Search Engine Optimization Specialist,Dusk Travel,"Dokki, Giza, Egypt",21 days ago,https://wuzzuf.net/jobs/p/mT6VcqeB2pNP-Search-Engine-Optimization-Specialist-Dusk-Travel-Giza-Egypt?o=107&l=sp&t=sj&a=data |search-v3|navbg,Full Time, Tourism/Travel  SEMrush  Google Analytics  Digital Marketing  SEO  Data Mining, 3 - 5 Yrs of Exp 
Cost Control Section Head,Confidential,"6th of October, Giza, Egypt",20 days ago,https://wuzzuf.net/jobs/p/H3NbTqpmXUK9-Cost-Control-Section-Head-Giza-Egypt?o=108&l=sp&t=sj&a=data |search-v3|navbg,Full Time, Accounting/Finance  Cost Control  Pricing  Financial Data Analysis, 8 - 12 Yrs of Exp 
Managerial Accountant,Andalusia Group,"Maadi, Cairo, Egypt",22 days ago,https://wuzzuf.net/jobs/p/ffSFx2eeEdp6-Managerial-Accountant-Andalusia-Group-Cairo-Egypt?o=109&l=sp&t=sj&a=data |search-v3|navbg,Full Time, Accounting/Finance  Medical/Healthcare  managerial accountant  Accounting  Financial Accounting  Account Management  Accounts Payable  Payable Accounting  Treasury Accounting  Accounts Receivable, 1+ Yrs of Exp 
Business Intelligence Developer,Egabi FSI,"Sheraton, Cairo, Egypt",22 days ago,https://wuzzuf.net/jobs/p/IWwBp7hd27c4-Business-Intelligence-Developer-Egabi-FSI-Cairo-Egypt?o=110&l=sp&t=sj&a=data |search-v3|navbg,Full Time, Banking  IT/Software Development  Computer Science  ETL  Reporting  OFSAA  Oracle Data Integrator (ODI)  Business Intelligence  computer  Banking Sector, 2 - 5 Yrs of Exp 
System Analyst ( software house Company ),Houya Arrow,"Heliopolis, Cairo, Egypt",25 days ago,https://wuzzuf.net/jobs/p/zYx7Ufz7FkA8-System-Analyst-software-house-Company-Houya-Arrow-Cairo-Egypt?o=111&l=sp&t=sj&a=data |search-v3|navbg,Full Time, IT/Software Development  Analyst/Research  Engineering - Telecom/Technology  Agile  Scrum  quality  System Analysis  Business Analysis  Computer Science  Software, 3 - 10 Yrs of Exp 
Social Media Marketing Manager,English Zone,"Dokki, Giza, Egypt",25 days ago,https://wuzzuf.net/jobs/p/SKDxdk7aBmsQ-Social-Media-Marketing-Manager-English-Zone-Giza-Egypt?o=112&l=sp&t=sj&a=data |search-v3|navbg,Full Time, Marketing/PR/Advertising  Project/Program Management  Media/Journalism/Publishing  Social Media  Advertising Media  Content Writing  SEO  Online Ads  Google Ads  data analyst, 3 - 7 Yrs of Exp 
Supply Chain Director,Confidential,"Heliopolis, Cairo, Egypt",28 days ago,https://wuzzuf.net/jobs/p/8SllnoFF87hs-Supply-Chain-Director-Cairo-Egypt?o=113&l=sp&t=sj&a=data |search-v3|navbg,Full Time, Logistics/Supply Chain  Manufacturing/Production  Purchasing/Procurement  Analysis  Chain Management  Data Analysis  Finance  Data Analytics  Management  Logistics, 10 - 19 Yrs of Exp 
Warehouse Management System Specialist,Breadfast,"Cairo, Egypt",1 month ago,https://wuzzuf.net/jobs/p/QXWDYD5CXRvQ-Warehouse-Management-System-Specialist-Breadfast-Cairo-Egypt?o=114&l=sp&t=sj&a=data |search-v3|navbg,Full Time, Logistics/Supply Chain  Other  Analysis  Communication  Data Analysis  Warehouse Management System  Warehouse Management  Warehouse  Management  system, 3 - 5 Yrs of Exp 
Senior Business Analyst,Egabi FSI,"Sheraton, Cairo, Egypt",29 days ago,https://wuzzuf.net/jobs/p/01Aji4mpERVT-Senior-Business-Analyst-Egabi-FSI-Cairo-Egypt?o=115&l=sp&t=sj&a=data |search-v3|navbg,Full Time, IT/Software Development  Analyst/Research  Engineering - Telecom/Technology  Business Analyst  Computer Science  Business Analysis  Information Technology (IT)  English  Data Analysis  Testing, 5 - 8 Yrs of Exp 
CFO - Cairo,Confidential,"Nasr City, Cairo, Egypt",29 days ago,https://wuzzuf.net/jobs/p/IoHjwIeOb9nr-CFO---Cairo-Cairo-Egypt?o=116&l=sp&t=sj&a=data |search-v3|navbg,Full Time, Accounting/Finance  Operations/Management  C-Level Executive/GM/Director  Financial Analysis  Financial Management  Accounting  Corporate  CFO  Data Analysis  Finance, 20+ Yrs of Exp 
Senior Power BI Developer,Ghassan Ahmed Alsulaiman for Electronic Services,"Maadi, Cairo, Egypt",1 month ago,https://wuzzuf.net/jobs/p/FKWmL374XXrb-Senior-Power-BI-Developer-Ghassan-Ahmed-Alsulaiman-for-Electronic-Services-Cairo-Egypt?o=117&l=sp&t=sj&a=data |search-v3|navbg,Full Time, IT/Software Development  Engineering - Telecom/Technology  Information Technology (IT)  BI  Data  IT  OBIEE  ETL  Data Warehouse  Data Modeling, 5 - 6 Yrs of Exp 
Senior Power BI Developer,FlairsTech,"Maadi, Cairo, Egypt",1 month ago,https://wuzzuf.net/jobs/p/JFlieOBFLppZ-Senior-Power-BI-Developer-FlairsTech-Cairo-Egypt?o=118&l=sp&t=sj&a=data |search-v3|navbg,Full Time, Installation/Maintenance/Repair  IT/Software Development  Computer Science  BI  Data Warehouse  Engineering  ETL  Information Technology (IT)  Microsoft Power BI  Oracle, 4+ Yrs of Exp 
SQL Database Lead,Ibn Sina Pharma,"New Cairo, Cairo, Egypt",1 month ago,https://wuzzuf.net/jobs/p/TJplJeepQbKZ-SQL-Database-Lead-Ibn-Sina-Pharma-Cairo-Egypt?o=119&l=sp&t=sj&a=data |search-v3|navbg,Full Time, Installation/Maintenance/Repair  IT/Software Development  Engineering - Telecom/Technology  DBA  Computer Science  Database  SQL  Programming  Configuration  Archiving, 5 - 7 Yrs of Exp 
Quality Assurance Specialist,El Mohandess Print House,"10th of Ramadan City, Sharqia, Egypt",1 month ago,https://wuzzuf.net/jobs/p/bjMGzdBLZSWm-Quality-Assurance-Specialist-El-Mohandess-Print-House-Sharqia-Egypt?o=120&l=sp&t=sj&a=data |search-v3|navbg,Full Time, males_only  Manufacturing/Production  Quality  Quality Assurance  quality  QA  Manufacturing  ISO  Data  Science  MS Office, 1 - 3 Yrs of Exp 
iOS Developer (63D5A560),Confidential,"New Cairo, Cairo, Egypt",1 month ago,https://wuzzuf.net/jobs/p/8VZ4OXNkcQ4V-iOS-Developer-63D5A560-Cairo-Egypt?o=121&l=sp&t=sj&a=data |search-v3|navbg,Full Time, IT/Software Development  iOS  Core Data  Core Animation  Software Development  Programming  iOS Development  Information Technology (IT)  RESTful  Swift, 2+ Yrs of Exp 
Accounting Manager,El Handasia for Engineering and Contracting,"Cairo, Egypt",1 month ago,https://wuzzuf.net/jobs/p/J2qOFxQ7Km03-Accounting-Manager-El-Handasia-for-Engineering-and-Contracting-Cairo-Egypt?o=122&l=sp&t=sj&a=data |search-v3|navbg,Full Time, Accounting/Finance  Administration  Accounting  accounting data  Finance  Financial Accounting  Financial Management, 4 - 5 Yrs of Exp 
Tariff Analyst,Tripathon,"Nasr City, Cairo, Egypt",1 month ago,https://wuzzuf.net/jobs/p/t62tEV3UVH9o-Tariff-Analyst-Tripathon-Cairo-Egypt?o=123&l=sp&t=sj&a=data |search-v3|navbg,Full Time, Analyst/Research  Tourism/Travel  Microsoft Excel  Data Entry  English  Communication  Microsoft Office, 0 - 1 Yrs of Exp 
Reservation Agent,TRAVCO GROUP,"Sheikh Zayed, Giza, Egypt",1 month ago,https://wuzzuf.net/jobs/p/k8AsQLdvQ80u-Reservation-Agent-TRAVCO-GROUP-Giza-Egypt?o=124&l=sp&t=sj&a=data |search-v3|navbg,Full Time, Customer Service/Support  Sales/Retail  Tourism/Travel  Communication skills  Customer Care  Customer Service  Customer Support  Data Entry  Hospitality  Management, 1 - 2 Yrs of Exp 
Purchasing Senior Specialist,Confidential,"Obour City, Cairo, Egypt",1 month ago,https://wuzzuf.net/jobs/p/MXe7P7pNEzQ8-Purchasing-Senior-Specialist-Cairo-Egypt?o=125&l=sp&t=sj&a=data |search-v3|navbg,Full Time, Purchasing/Procurement  Analysis  Communication  Data  Data Analysis  Logistics  Negotiation  Procurement  Purchasing  Supply Chain, 4 - 8 Yrs of Exp 
Travel Agent,GREAT HOME TRAVEL,"Nasr City, Cairo, Egypt",1 month ago,https://wuzzuf.net/jobs/p/HmaNRlrFKBxY-Travel-Agent-GREAT-HOME-TRAVEL-Cairo-Egypt?o=126&l=sp&t=sj&a=data |search-v3|navbg,Full Time, Tourism/Travel  reservations  Sales  Tourism  Travel  gds systems  gds  Customer Support  Customer Service  English, 0 - 3 Yrs of Exp 
Safety Officer,New Plan,"New Capital, Cairo, Egypt",1 month ago,https://wuzzuf.net/jobs/p/Dmye8FmlfleV-Safety-Officer-New-Plan-Cairo-Egypt?o=127&l=sp&t=sj&a=data |search-v3|navbg,Full Time, Engineering - Construction/Civil/Architecture  Quality  Health  Safety  safety officer  Engineering  Safety Management  Construction  Quality Assurance  Quality Control, 4 - 6 Yrs of Exp 
Personnel & Payroll Supervisor,Confidential,"6th of October, Giza, Egypt",1 month ago,https://wuzzuf.net/jobs/p/VlBQKiiMW4gd-Personnel-Payroll-Supervisor-Giza-Egypt?o=128&l=sp&t=sj&a=data |search-v3|navbg,Full Time, Human Resources  Accounting  Human Resources  Finance  Analysis  Data Entry  HRIS  ERP  Accountant  Payroll, 5 - 7 Yrs of Exp 
Reporting and Analysis Specialist,Wadi Degla Clubs Company,"Maadi, Cairo, Egypt",1 month ago,https://wuzzuf.net/jobs/p/vrzjt8KTfwDz-Reporting-and-Analysis-Specialist-Wadi-Degla-Clubs-Company-Cairo-Egypt?o=129&l=sp&t=sj&a=data |search-v3|navbg,Full Time, Business Development  analytical  business  data models  Development  Reporting, 3 - 4 Yrs of Exp 
Payroll & Benefits Specialist,Confidential,"6th of October, Giza, Egypt",1 month ago,https://wuzzuf.net/jobs/p/OVsvaGXBmLcf-Payroll-Benefits-Specialist-Giza-Egypt?o=130&l=sp&t=sj&a=data |search-v3|navbg,Full Time, Human Resources  Accounting  Human Resources  Finance  Analysis  Data Entry  HRIS  ERP  Accountant  Payroll, 1 - 3 Yrs of Exp 
Deputy Internal Audit Manager,Confidential,"Gharbia, Egypt",1 month ago,https://wuzzuf.net/jobs/p/Ienyz1yisokk-Deputy-Internal-Audit-Manager-Gharbia-Egypt?o=131&l=sp&t=sj&a=data |search-v3|navbg,Full Time, males_only  Accounting/Finance  Quality  Analyst/Research  Audit  Auditing  quality  Quality Assurance  Risk Management  Accounting  Commerce, 5 - 7 Yrs of Exp 
Chief Financial Officer (CFO),Bazzarry For Treading,"Aden, Yemen",1 month ago,https://wuzzuf.net/jobs/p/YWkOFWhaBGcs-Chief-Financial-Officer-CFO-Bazzarry-For-Treading-Aden-Yemen?o=132&l=sp&t=sj&a=data |search-v3|navbg,Full Time, Accounting/Finance  Operations/Management  C-Level Executive/GM/Director  Accounting  Commerce  Corporate  Data Analysis  Finance  Financial  CFO, 10 - 17 Yrs of Exp 
Senior C++ Developer,RDI,"Dokki, Giza, Egypt",1 month ago,https://wuzzuf.net/jobs/p/2hzDUO5H8nOo-Senior-C-Developer-RDI-Giza-Egypt?o=133&l=sp&t=sj&a=data |search-v3|navbg,Full Time, IT/Software Development  Engineering - Telecom/Technology  C++  Linux  Data Structures  Algorithms  Problem Solving  Software Development  Computer Science  Computer Engineering, 3+ Yrs of Exp 
Scanner,Talabat,"Cairo, Egypt",1 month ago,https://wuzzuf.net/jobs/p/s8VcOZVHrxHl-Scanner-Talabat-Cairo-Egypt?o=134&l=sp&t=sj&a=data |search-v3|navbg,Full Time, Administration  Logistics/Supply Chain  Data Entry  Scanners, 1 - 3 Yrs of Exp 
Filtration Officer,Al Ahli Bank of Kuwait-Egypt (ABK-Egypt),"Smart Village, Giza, Egypt",1 month ago,https://wuzzuf.net/jobs/p/OKkxXA6GrWwU-Filtration-Officer-Al-Ahli-Bank-of-Kuwait-Egypt-ABK-Egypt-Giza-Egypt?o=135&l=sp&t=sj&a=data |search-v3|navbg,Full Time, Administration  Typing  Database  MS Office  Microsoft Word  Microsoft Excel  Data Entry, 0 - 1 Yrs of Exp 
Power BI Analyst,Dynamicslink,"Nasr City, Cairo, Egypt",2 months ago,https://wuzzuf.net/jobs/p/qt7XewWiCFzt-Power-BI-Analyst-Dynamicslink-Cairo-Egypt?o=136&l=sp&t=sj&a=data |search-v3|navbg,Full Time, IT/Software Development  Engineering - Telecom/Technology  Analyzing data  Information Technology (IT)  Power BI  Data  analytical  Computer Science, 1 - 3 Yrs of Exp 
Quality Assurance Analyst,Globaction,"6th of October, Giza, Egypt",2 months ago,https://wuzzuf.net/jobs/p/95YPwdxl7Wew-Quality-Assurance-Analyst-Globaction-Giza-Egypt?o=137&l=sp&t=sj&a=data |search-v3|navbg,Full Time, R&D/Science  Quality  Analyst/Research  quality  Quality Control  Data  Six Sigma  Data Analysis  ISO 9001  Black Belt, 2 - 10 Yrs of Exp 
Customer Service Specialist,PENCILIGHT,"New Beni Suef, Beni Suef, Egypt",2 months ago,https://wuzzuf.net/jobs/p/2KuqdIITmBuH-Customer-Service-Specialist-PENCILIGHT-Beni-Suef-Egypt?o=138&l=sp&t=sj&a=data |search-v3|navbg,Full Time, Customer Service/Support  Marketing/PR/Advertising  Sales/Retail  communications  Marketing Communications  Social Media  E-Marketing  CRM  Customer Service  Data Analysis, 2 - 4 Yrs of Exp 
Financial Planning and Analysis Section Head,Confidential,"Gharbia, Egypt",2 months ago,https://wuzzuf.net/jobs/p/gPnaiMr8SeZK-Financial-Planning-and-Analysis-Section-Head-Gharbia-Egypt?o=139&l=sp&t=sj&a=data |search-v3|navbg,Full Time, Accounting/Finance  Analyst/Research  Accounting  Financial Planning  Analysis  Data Analysis  Financial Analysis  Oracle  Planning  Reporting, 5 - 7 Yrs of Exp 
Senior Business Intelligence Specialist,Johnson Controls,"Nasr City, Cairo, Egypt",2 months ago,https://wuzzuf.net/jobs/p/Sz009ps8B5th-Senior-Business-Intelligence-Specialist-Johnson-Controls-Cairo-Egypt?o=140&l=sp&t=sj&a=data |search-v3|navbg,Full Time, Business Development  IT/Software Development  BI  Business Development  Communication  ETL  SAP  SQL  SSIS  Database SQL Server, 3 - 5 Yrs of Exp 
Administrative Assistant,Scope IMS,"New Cairo, Cairo, Egypt",2 months ago,https://wuzzuf.net/jobs/p/QdFaBUcGevgb-Administrative-Assistant-Scope-IMS-Cairo-Egypt?o=141&l=sp&t=sj&a=data |search-v3|navbg,Full Time, Administration  Customer Service/Support  Assistant  Office management  personal assistant  Secretary  receptionist  Administration  Data Entry  Microsoft Office, 3 - 5 Yrs of Exp 
Accounts Receivable Accountant,Nawy,"New Cairo, Cairo, Egypt",2 months ago,https://wuzzuf.net/jobs/p/7Jq8pcCTXBAv-Accounts-Receivable-Accountant-Nawy-Cairo-Egypt?o=142&l=sp&t=sj&a=data |search-v3|navbg,Full Time, Accounting/Finance  Accounting  Finance  Business Administration  Communication  Data Entry  Financial Analysis  Financial Management, 1+ Yrs of Exp 
Computer vision team lead,Edentech,"Dokki, Giza, Egypt",2 months ago,https://wuzzuf.net/jobs/p/fWnHC9V0RgdM-Computer-vision-team-lead-Edentech-Giza-Egypt?o=143&l=sp&t=sj&a=data |search-v3|navbg,Full Time, Engineering - Other  Computer Science  Engineering  Image Processing  Data Science  Machine Learning  Convolutional Neural Networks (CNN)  Algorithms  Artificial Intelligence (AI), 7 - 15 Yrs of Exp 
Workforce Management Specialist,Centro CDX,"Maadi, Cairo, Egypt",2 months ago,https://wuzzuf.net/jobs/p/tbTeTy3i37Hm-Workforce-Management-Specialist-Centro-CDX-Cairo-Egypt?o=144&l=sp&t=sj&a=data |search-v3|navbg,Full Time, Customer Service/Support  Operations/Management  Analyst/Research  RTM  Problem Solving  Microsoft Office  Software  Social Media  Skills  Management, 1 - 3 Yrs of Exp 
Operation agent representative,Shgardi,"Maadi, Cairo, Egypt",2 months ago,https://wuzzuf.net/jobs/p/VcKvPgB4y36H-Operation-agent-representative-Shgardi-Cairo-Egypt?o=145&l=sp&t=sj&a=data |search-v3|navbg,Full Time, males_preferred  Customer Service/Support  Operations/Management  Sales/Retail  Customer Care  Customer Service  Customer Support  Operations  Sales  Data Entry  Microsoft Excel, 1 - 3 Yrs of Exp 
Call Center Agent,Confidential,"New York City, United States",2 months ago,https://wuzzuf.net/jobs/p/uyvLAqjfSBvU-Call-Center-Agent-New-York-City-United-States?o=146&l=sp&t=sj&a=data |search-v3|navbg,Full TimeWork From Home, Data Entry  Customer Service  Work from home  English  Customer Support  Customer Care  Call Center, Customer Service/Support 
Accounting Internship (3 Months),Andalusia Group,"Maadi, Cairo, Egypt",2 months ago,https://wuzzuf.net/internship/4nnWaL0ECEEn-Accounting-Internship-3-Months-Andalusia-Group-Cairo-Egypt?o=147&l=sp&t=sj&a=data |search-v3|navbg,Internship, Accounting/Finance  Medical/Healthcare  Accounting  Commerce  English  Finance  Financial Analysis  Financial Management  accountant  Account Management, 0 - 1 Yrs of Exp 
iOS Mobile Developer,"qTech. ""AlQemam""","Mansoura, Dakahlia, Egypt",2 months ago,https://wuzzuf.net/jobs/p/NWJbtwSv5Mnv-iOS-Mobile-Developer-qTech-AlQemam-Dakahlia-Egypt?o=148&l=sp&t=sj&a=data |search-v3|navbg,Full Time, IT/Software Development  Engineering - Telecom/Technology  Software Development  Objective-C  Java  OpenGL  Mobile Development  Computer Science  Computer Engineering  Software Engineering, 0 - 1 Yrs of Exp 
Collector,Samoral,"Dokki, Giza, Egypt",2 months ago,https://wuzzuf.net/jobs/p/nwONNBtXylt9-Collector-Samoral-Giza-Egypt?o=149&l=sp&t=sj&a=data |search-v3|navbg,Full Time, males_only  Accounting/Finance  Collection  Data Collection  Finance  Accounting  English, 1 - 3 Yrs of Exp 
Senior Systems Integration Specialist,SANTECHTURE,"Riyadh, Saudi Arabia",4 hours ago,https://wuzzuf.net/jobs/p/OeodZRiFeMfU-Senior-Systems-Integration-Specialist-SANTECHTURE-Riyadh-Saudi-Arabia?o=150&l=sp&t=sj&a=data |search-v3|navbg,Full Time, IT/Software Development  Medical/Healthcare  Systems Integration  Software, 7 - 12 Yrs of Exp 
Informatica Developer,Ejada,"Riyadh, Saudi Arabia",1 day ago,https://wuzzuf.net/jobs/p/g6wckN5VCAFG-Informatica-Developer-Ejada-Riyadh-Saudi-Arabia?o=151&l=sp&t=sj&a=data |search-v3|navbg,Full Time, IT/Software Development  Informatica  Information Technology (IT), 3 - 5 Yrs of Exp 
Analytical Manager,INBOX QATAR,"Giza, Egypt",1 day ago,https://wuzzuf.net/jobs/p/kIu2CPRi1KEY-Analytical-Manager-INBOX-QATAR-Giza-Egypt?o=152&l=sp&t=sj&a=data |search-v3|navbg,Full Time, Business Development  IT/Software Development  computer  Computer Science  Databases, 5 - 10 Yrs of Exp 
Support Engineer,Ejada,"Cairo, Egypt",17 days ago,https://wuzzuf.net/jobs/p/OSh30wqH9wG1-Support-Engineer-Ejada-Cairo-Egypt?o=153&l=sp&t=sj&a=data |search-v3|navbg,Full Time, IT/Software Development  Linux  Networking  SQL  Information Technology (IT), 2 - 5 Yrs of Exp 
Oracle Application Manager,Confidential,"Cairo, Egypt",10 days ago,https://wuzzuf.net/jobs/p/Pn8u5JorGblI-Oracle-Application-Manager-Cairo-Egypt?o=154&l=sp&t=sj&a=data |search-v3|navbg,Full Time, IT/Software Development  Engineering - Telecom/Technology  application  Application Manager  Computer Engineering  Computer Science  Information Technology (IT)  Manager  Oracle  oracle application, 7 - 15 Yrs of Exp 
Senior Business Analyst (Alexandria),Ejada,"Siouf, Alexandria, Egypt",1 day ago,https://wuzzuf.net/jobs/p/Bte5ldknrfIP-Senior-Business-Analyst-Alexandria-Ejada-Alexandria-Egypt?o=155&l=sp&t=sj&a=data |search-v3|navbg,Full Time, IT/Software Development  Analyst/Research  Analysis  Banking  Business Analysis, 5 - 7 Yrs of Exp 
Senior Business Analyst,Ejada,"Heliopolis, Cairo, Egypt",1 day ago,https://wuzzuf.net/jobs/p/T60pHyvs7R3g-Senior-Business-Analyst-Ejada-Cairo-Egypt?o=156&l=sp&t=sj&a=data |search-v3|navbg,Full Time, IT/Software Development  Analyst/Research  Banking  Business Analysis  Business Development, 5 - 7 Yrs of Exp 
Senior BI Developer,Ejada,"Cairo, Egypt",7 days ago,https://wuzzuf.net/jobs/p/hS2T5gs9cA6j-Senior-BI-Developer-Ejada-Cairo-Egypt?o=157&l=sp&t=sj&a=data |search-v3|navbg,Full Time, IT/Software Development  Computer Science  Power BI  Microsoft SQL Server, 3 - 5 Yrs of Exp 
IT Specialist,Mahgoub Group,"Nasr City, Cairo, Egypt",6 days ago,https://wuzzuf.net/jobs/p/5JAheL3M7fWo-IT-Specialist-Mahgoub-Group-Cairo-Egypt?o=158&l=sp&t=sj&a=data |search-v3|navbg,Full Time, Installation/Maintenance/Repair  IT/Software Development  Engineering - Telecom/Technology  Information Technology (IT)  Engineering  Software  Computer Science  Computer Systems  Technical Support  Maintenance, 3 - 5 Yrs of Exp 
HCM Functional Consultant,Centro CDX,"Maadi, Cairo, Egypt",8 days ago,https://wuzzuf.net/jobs/p/UWWmGCuCeHH0-HCM-Functional-Consultant-Centro-CDX-Cairo-Egypt?o=159&l=sp&t=sj&a=data |search-v3|navbg,Full Time, Administration  Human Resources  IT/Software Development  HR  HRMS  HRIS  Human Resources (HR)  Microsoft Office  Personnel  Recruitment, 1 - 3 Yrs of Exp 
Software Testing Engineer | German Speaker,Expleo,"Maadi, Cairo, Egypt",10 days ago,https://wuzzuf.net/jobs/p/OVhE02hROM1i-Software-Testing-Engineer-German-Speaker-Expleo-Cairo-Egypt?o=160&l=sp&t=sj&a=data |search-v3|navbg,Full Time, IT/Software Development  Quality  Automation  ISTQB  Programming  Selenium  quality  Software Testing, 0 - 3 Yrs of Exp 
Treasury Section Head,Alumil,"Heliopolis, Cairo, Egypt",21 days ago,https://wuzzuf.net/jobs/p/NJPnzEoiuMJm-Treasury-Section-Head-Alumil-Cairo-Egypt?o=161&l=sp&t=sj&a=data |search-v3|navbg,Full Time, Accounting/Finance  Accounting  Finance  Banking  Treasury Accounting, 5 - 7 Yrs of Exp 
IT Director (Hotel Experience),Paradise Inn Hotels & Resorts,"Alexandria, Egypt",15 days ago,https://wuzzuf.net/jobs/p/VNXVU91bTlhE-IT-Director-Hotel-Experience-Paradise-Inn-Hotels-Resorts-Alexandria-Egypt?o=162&l=sp&t=sj&a=data |search-v3|navbg,Full TimeShift Based, IT/Software Development  Engineering - Telecom/Technology  computer  Computer Hardware  Computer Science  Information Technology (IT)  Network Administration  Software  networks  Computer Engineering, 8 - 10 Yrs of Exp 
Senior Python Developer,"Nile Bits, LLC","6th of October, Giza, Egypt",20 hours ago,https://wuzzuf.net/jobs/p/V9tpf9hKVtVu-Senior-Python-Developer-Nile-Bits-LLC-Giza-Egypt?o=163&l=sp&t=sj&a=data |search-v3|navbg,Full TimeWork From Home, IT/Software Development  JavaScript  Python  Software Engineering, 4 - 10 Yrs of Exp 
GIS Specialist,Petrological Integrated Solutions,"Stanley, Alexandria, Egypt",2 days ago,https://wuzzuf.net/jobs/p/CapOgoo1Oc0E-GIS-Specialist-Petrological-Integrated-Solutions-Alexandria-Egypt?o=164&l=sp&t=sj&a=data |search-v3|navbg,Full Time, males_only  Engineering - Oil & Gas/Energy  AutoCAD  Geographic Information System  Geography  excel  GIS  Microsoft Powerpoint, 1 - 3 Yrs of Exp 
Corporate Lawyer,IST Networks,"Giza, Egypt",23 days ago,https://wuzzuf.net/jobs/p/oZBbopR5hsHG-Corporate-Lawyer-IST-Networks-Giza-Egypt?o=165&l=sp&t=sj&a=data |search-v3|navbg,Full Time, Administration  Legal  Operations/Management  Commercial Law  Compliance  Corporate Law  Legal  Law, 4 - 7 Yrs of Exp 
Digital marketing specialist and Digital marketing Designer,3rabapp,"San Stefano, Alexandria, Egypt",15 days ago,https://wuzzuf.net/jobs/p/PYs6B81RrXGO-Digital-marketing-specialist-and-Digital-marketing-Designer-3rabapp-Alexandria-Egypt?o=166&l=sp&t=sj&a=data |search-v3|navbg,Full Time, females_only  Creative/Design/Art  Marketing/PR/Advertising  Media/Journalism/Publishing  Digital Marketing  Digital marketing Designer, 3 - 4 Yrs of Exp 
Information Systems IT,مركز الاسكندرية للوسائط الثقافية والمكتبات,"Sidi Gaber, Alexandria, Egypt",1 day ago,https://wuzzuf.net/jobs/p/4R7QsWIWmYHo-Information-Systems-IT-مركز-الاسكندرية-للوسائط-الثقافية-والمكتبات-Alexandria-Egypt?o=167&l=sp&t=sj&a=data |search-v3|navbg,Full Time, males_only  IT/Software Development  IT  Networking  SQL  Database  Information Technology (IT)  Active Directory, 2 - 4 Yrs of Exp 
Oracle HCM Techno – Functional Consultant,Ejada,"Riyadh, Saudi Arabia",22 days ago,https://wuzzuf.net/jobs/p/tEVRwJhcIPsv-Oracle-HCM-Techno-–-Functional-Consultant-Ejada-Riyadh-Saudi-Arabia?o=168&l=sp&t=sj&a=data |search-v3|navbg,Full Time, IT/Software Development  Functional  Configuration  Information Technology (IT), 3 - 5 Yrs of Exp 
DevOps Team Lead,Trufla,"Heliopolis, Cairo, Egypt",3 days ago,https://wuzzuf.net/jobs/p/VCRmtKlV0M2F-DevOps-Team-Lead-Trufla-Cairo-Egypt?o=169&l=sp&t=sj&a=data |search-v3|navbg,Full Time, IT/Software Development  Engineering - Telecom/Technology  AWS  Computer Science  Docker  Leadership  Linux  MySQL  Python  Software Development, 5+ Yrs of Exp 
Senior Search Engine Optimization,DIGITISED,"Cairo, Egypt",7 days ago,https://wuzzuf.net/jobs/p/5AwB2JuHaugr-Senior-Search-Engine-Optimization-DIGITISED-Cairo-Egypt?o=170&l=sp&t=sj&a=data |search-v3|navbg,Full TimeWork From Home, Marketing/PR/Advertising  Media/Journalism/Publishing  SEO  Search Engine  Marketing  Content  Content Management  Google Analytics  WordPress  Analytics, 3 - 5 Yrs of Exp 
Business Development & Technical Team Leader,TroxTiba,"10th of Ramadan City, Sharqia, Egypt",10 days ago,https://wuzzuf.net/jobs/p/NPEeCEUs3GNt-Business-Development-Technical-Team-Leader-TroxTiba-Sharqia-Egypt?o=171&l=sp&t=sj&a=data |search-v3|navbg,Full Time, Sales/Retail  business  Business Development  Computer Science  Computer Skills  Development  Information Technology (IT)  Sales  English, 5 - 7 Yrs of Exp 
System Administrator Section Head,Partner & More,"Katameya, Cairo, Egypt",3 days ago,https://wuzzuf.net/jobs/p/w3jibBnERv3R-System-Administrator-Section-Head-Partner-More-Cairo-Egypt?o=172&l=sp&t=sj&a=data |search-v3|navbg,Full Time, IT/Software Development  VCP  MCSE  ITIL  CCNA  RHCSA  Prince2  VMWare 7  DELL EMC  Linux Operating System, 5 - 12 Yrs of Exp 
Digital Marketing Team Leader,Confidential,"Cairo, Egypt",13 days ago,https://wuzzuf.net/jobs/p/s8cMixZWTi6u-Digital-Marketing-Team-Leader-Cairo-Egypt?o=173&l=sp&t=sj&a=data |search-v3|navbg,Full TimeWork From Home, IT/Software Development  Marketing/PR/Advertising  Sales/Retail  Communication  Marketing  Communication skills  Digital Marketing  E-Marketing  Leadership  Digital, 4+ Yrs of Exp 
Senior Developer- Microsoft Dynamics 365 F&O,Ofoq Consulting,"Cairo, Egypt",13 days ago,https://wuzzuf.net/jobs/p/kwUXDfsR1pTD-Senior-Developer--Microsoft-Dynamics-365-FO-Ofoq-Consulting-Cairo-Egypt?o=174&l=sp&t=sj&a=data |search-v3|navbg,Full TimeWork From Home, IT/Software Development  Engineering - Telecom/Technology  Dynamics  Microsoft Dynamics  Computer Science  Information Technology (IT)  Software Development  Visual Studio  javaScript  Azure, 5 - 7 Yrs of Exp 
Vendor Acquisition Associate,Confidential,"New Cairo, Cairo, Egypt",14 days ago,https://wuzzuf.net/jobs/p/6AtUPCfXau2A-Vendor-Acquisition-Associate-Cairo-Egypt?o=175&l=sp&t=sj&a=data |search-v3|navbg,Full Time, Business Development  Other  E-Commerce  Business Development, 2 - 4 Yrs of Exp 
SAP FICO Admin,La Poire,"Basatin, Cairo, Egypt",14 days ago,https://wuzzuf.net/jobs/p/g2PbdoQTNqnf-SAP-FICO-Admin-La-Poire-Cairo-Egypt?o=176&l=sp&t=sj&a=data |search-v3|navbg,Full Time, IT/Software Development  SAP  SAP Program  SAP FICO  Information Technology (IT)  System Administration, 1 - 3 Yrs of Exp 
Human Resources Generalist,Artemis,"Maadi, Cairo, Egypt",15 days ago,https://wuzzuf.net/jobs/p/BmkoxrYGCEf4-Human-Resources-Generalist-Artemis-Cairo-Egypt?o=177&l=sp&t=sj&a=data |search-v3|navbg,Full Time, Administration  Human Resources  Operations/Management  Computer Skills  Human Resources (HR)  Payroll  Personnel  Recruitment  Skills, 3 - 5 Yrs of Exp 
Senior Python Developer (Relocation),Musala Soft,"Sofia, Bulgaria",15 days ago,https://wuzzuf.net/jobs/p/njyfOAPiZK5v-Senior-Python-Developer-Relocation-Musala-Soft-Sofia-Bulgaria?o=178&l=sp&t=sj&a=data |search-v3|navbg,Full Time, IT/Software Development  backend  Computer Science  Development  English  Information Technology (IT)  OOP  Software Development  Software  Kubernetes, 5+ Yrs of Exp 
Junior Operations Engineer - Network/Cloud,Link Datacenter,"Giza, Egypt",15 days ago,https://wuzzuf.net/jobs/p/WYfvw6Gm3Xss-Junior-Operations-Engineer---NetworkCloud-Link-Datacenter-Giza-Egypt?o=179&l=sp&t=sj&a=data |search-v3|navbg,Full Time, Installation/Maintenance/Repair  IT/Software Development  Engineering - Telecom/Technology  Information Technology (IT)  Communication  Operations  Project Management  SQL  Management  Communication skills, 0 - 1 Yrs of Exp 
Business Analyst,Refilex,"Dokki, Giza, Egypt",16 days ago,https://wuzzuf.net/jobs/p/93sxFof9B0qj-Business-Analyst-Refilex-Giza-Egypt?o=180&l=sp&t=sj&a=data |search-v3|navbg,Freelance / Project, IT/Software Development  Analyst/Research  Engineering - Telecom/Technology  Agile  Analysis  analytical  Business Analysis  Communication skills  Information Systems  Information Technology (IT), 2 - 4 Yrs of Exp 
Junior sales Excetuive,Ahram Security Group,"Cairo, Egypt",15 days ago,https://wuzzuf.net/jobs/p/6w7K4UpB6fmC-Junior-sales-Excetuive-Ahram-Security-Group-Cairo-Egypt?o=181&l=sp&t=sj&a=data |search-v3|navbg,Full Time, Sales/Retail  Engineering - Mechanical/Electrical  Sales  Customer Service  Sales Target  sales skills, 1 - 3 Yrs of Exp 
Senior Salesforce Developer,ARROW Electronics,"Cairo, Egypt",17 days ago,https://wuzzuf.net/jobs/p/C0z2XVzcdWQC-Senior-Salesforce-Developer-ARROW-Electronics-Cairo-Egypt?o=182&l=sp&t=sj&a=data |search-v3|navbg,Full Time, IT/Software Development  Engineering - Telecom/Technology  Computer Science  Salesforce, 3 - 5 Yrs of Exp 
Junior Financial Analyst,B.TECH,"Nasr City, Cairo, Egypt",10 days ago,https://wuzzuf.net/jobs/p/vGomOWTNGvjf-Junior-Financial-Analyst-B-TECH-Cairo-Egypt?o=183&l=sp&t=sj&a=data |search-v3|navbg,Full Time, Accounting/Finance  Accounting  analytical  Finance  Financial Analysis  Statistics  Commerce, 1 - 3 Yrs of Exp 
Monitoring and evaluation specialist at Indonesia,Careery For Talent Services,"Jakarta, Indonesia",6 days ago,https://wuzzuf.net/jobs/p/0D0bHMVxsmx6-Monitoring-and-evaluation-specialist-at-Indonesia-Careery-For-Talent-Services-Jakarta-Indonesia?o=184&l=sp&t=sj&a=data |search-v3|navbg,Full Time, Operations/Management  Project/Program Management  Analyst/Research  Evaluation  Project Management  Monitoring  research, 2 - 6 Yrs of Exp 
SEO Manager,Confidential,"Mohandessin, Giza, Egypt",17 days ago,https://wuzzuf.net/jobs/p/zmNUxxMPcFmX-SEO-Manager-Giza-Egypt?o=185&l=sp&t=sj&a=data |search-v3|navbg,Full Time, Marketing/PR/Advertising  Analyst/Research  Media/Journalism/Publishing  Analysis  SEO  Research  Marketing  Keyword research  Google Analytics  Skills, 6 - 10 Yrs of Exp 
BMC Remedy Senior ITSM Engineer,ITS,"Nasr City, Cairo, Egypt",17 days ago,https://wuzzuf.net/jobs/p/gOSrQ44qYDT7-BMC-Remedy-Senior-ITSM-Engineer-ITS-Cairo-Egypt?o=186&l=sp&t=sj&a=data |search-v3|navbg,Full Time, IT/Software Development  Information Technology (IT)  Computer Engineering  SQL, 3 - 5 Yrs of Exp 
IT Section Head,Confidential,"khanka, Qalubia, Egypt",17 days ago,https://wuzzuf.net/jobs/p/rRr14gkHpeAw-IT-Section-Head-Qalubia-Egypt?o=187&l=sp&t=sj&a=data |search-v3|navbg,Full Time, Installation/Maintenance/Repair  IT/Software Development  Engineering - Telecom/Technology  Computer Science  Education  Information Technology (IT)  Teaching  IT  Networking  Engineering, 5 - 7 Yrs of Exp 
Odoo Developer,Rashid Al Jabri Group,"Dubai, United Arab Emirates",18 days ago,https://wuzzuf.net/jobs/p/0D9waiTwckuS-Odoo-Developer-Rashid-Al-Jabri-Group-Dubai-United-Arab-Emirates?o=188&l=sp&t=sj&a=data |search-v3|navbg,Full Time, IT/Software Development  Odoo Development  ODOO DEVELOPER  Information Technology (IT)  Odoo  Python  Programming  Computer Science  Software Development  JavaScript, 4 - 10 Yrs of Exp 
Policy Management Advisor,Medmark Insurance Brokerage,"Mohandessin, Giza, Egypt",15 days ago,https://wuzzuf.net/jobs/p/y2YK5xhQhewq-Policy-Management-Advisor-Medmark-Insurance-Brokerage-Giza-Egypt?o=189&l=sp&t=sj&a=data |search-v3|navbg,Full Time, Operations/Management  Management  Operations Management, 1 - 4 Yrs of Exp 
Business Intelligence Analyst,WSM Co.,"Hail, Saudi Arabia",10 days ago,https://wuzzuf.net/jobs/p/56BeUIhk2Qlx-Business-Intelligence-Analyst-WSM-Co-Hail-Saudi-Arabia?o=190&l=sp&t=sj&a=data |search-v3|navbg,Full Time, IT/Software Development  Analyst/Research  Engineering - Telecom/Technology  Business Analysis  Analysis  Analytical Skills  business  analytical  Information Technology (IT)  Computer Science, 3 - 5 Yrs of Exp 
Cloud Cybersecurity Supervisor,Ejada,"Jeddah, Saudi Arabia",1 day ago,https://wuzzuf.net/jobs/p/QnGt0YpHRcEe-Cloud-Cybersecurity-Supervisor-Ejada-Jeddah-Saudi-Arabia?o=191&l=sp&t=sj&a=data |search-v3|navbg,Full Time, Banking  IT/Software Development  Cloud  Computer Science, 5 - 7 Yrs of Exp 
Head of Marketing Department,TH F & B Investments,"Heliopolis, Cairo, Egypt",2 days ago,https://wuzzuf.net/jobs/p/JOYkLwe7jLQk-Head-of-Marketing-Department-TH-F-B-Investments-Cairo-Egypt?o=192&l=sp&t=sj&a=data |search-v3|navbg,Full Time, Hospitality/Hotels/Food Services  Marketing/PR/Advertising  Analyst/Research  Marketing  Leadership  Communication skills  Management  Content  CRM  Communication, 8 - 15 Yrs of Exp 
MIS Manager,Network International -Egypt,"New Cairo, Cairo, Egypt",1 month ago,https://wuzzuf.net/jobs/p/g7p7FC1gALKW-MIS-Manager-Network-International--Egypt-Cairo-Egypt?o=193&l=sp&t=sj&a=data |search-v3|navbg,Full Time, IT/Software Development  Operations/Management  Engineering - Telecom/Technology  BI  MIS  Information Technology (IT)  SQL  MySQL  oracle  Qlik, 5 - 8 Yrs of Exp 
Regulatory Affairs Specialist - English Speaker (8 Months Contract),Target Recruitment  & HR Solutions,"New Cairo, Cairo, Egypt",2 days ago,https://wuzzuf.net/jobs/p/4hQcAQlFLzPd-Regulatory-Affairs-Specialist---English-Speaker-8-Months-Contract-Target-Recruitment-HR-Solutions-Cairo-Egypt?o=194&l=sp&t=sj&a=data |search-v3|navbg,Freelance / Project, Pharmaceutical  Pharmaceutical  Medical Devices  regulatory  Regulatory Affairs  Pharmacy  Science  Communication  Communication skills  English, 1 - 2 Yrs of Exp 
Payroll & Personnel Specialist,Confidential,"Maadi, Cairo, Egypt",2 days ago,https://wuzzuf.net/jobs/p/jDpkIo9B6C0E-Payroll-Personnel-Specialist-Cairo-Egypt?o=195&l=sp&t=sj&a=data |search-v3|navbg,Full Time, males_preferred  Human Resources  Human Resources (HR)  Law  Microsoft Programs  Payroll  Personnel  Communication, 2 - 4 Yrs of Exp 
Senior Elixir Developer,FlairsTech,"Cairo, Egypt",20 days ago,https://wuzzuf.net/jobs/p/l48m25DwUU2N-Senior-Elixir-Developer-FlairsTech-Cairo-Egypt?o=196&l=sp&t=sj&a=data |search-v3|navbg,Full Time, IT/Software Development  Engineering - Telecom/Technology  back-end  Computer Science  front-end  HTML5  Information Technology (IT)  JavaScript  MVC  ORM, 4 - 7 Yrs of Exp 
General Accountant,Confidential,"Bourj Alarab, Alexandria, Egypt",3 days ago,https://wuzzuf.net/jobs/p/W3j2tj4aStB3-General-Accountant-Alexandria-Egypt?o=197&l=sp&t=sj&a=data |search-v3|navbg,Full Time, Accounting/Finance  Banking  Accounting  Finance  excel  Microsoft Office  Financial Management, 5 - 7 Yrs of Exp 
Vendor Acquisition Senior Specialist,e Aswaaq Misr,"Smart Village, Giza, Egypt",6 days ago,https://wuzzuf.net/jobs/p/C85hHQ14MLsk-Vendor-Acquisition-Senior-Specialist-e-Aswaaq-Misr-Giza-Egypt?o=198&l=sp&t=sj&a=data |search-v3|navbg,Full Time, Business Development  Sales/Retail  Commerce  Communication skills  Sales  E-Commerce  English  Communication, 0 - 2 Yrs of Exp 
IT Help Desk,Urban Estate,"New Cairo, Cairo, Egypt",6 days ago,https://wuzzuf.net/jobs/p/VTLzqdAHibXP-IT-Help-Desk-Urban-Estate-Cairo-Egypt?o=199&l=sp&t=sj&a=data |search-v3|navbg,Full Time, IT/Software Development  IT  ERP  MS Dynamics  SAP  Help Desk  Information Technology (IT)  Computer Science  English  Oracle, 2 - 4 Yrs of Exp 
Costing Senior Accountant,Confidential,"6th of October, Giza, Egypt",6 days ago,https://wuzzuf.net/jobs/p/nM80CmqrL75y-Costing-Senior-Accountant-Giza-Egypt?o=200&l=sp&t=sj&a=data |search-v3|navbg,Full Time, Accounting/Finance  Finance  Accounting  Financial Analysis  Cost Accounting  Commerce  CMA  Financial Management  Manufacturing  Writing, 8 - 10 Yrs of Exp 
PHP Developer,Dimofinf Operations Center,"Nasr City, Cairo, Egypt",8 days ago,https://wuzzuf.net/jobs/p/cyIxlPCOLzMC-PHP-Developer-Dimofinf-Operations-Center-Cairo-Egypt?o=201&l=sp&t=sj&a=data |search-v3|navbg,Full Time, IT/Software Development  Engineering - Telecom/Technology  API  Computer Science  Engineering  PHP  MySQL  Software Development  Laravel  RESTful APIs, 4 - 6 Yrs of Exp 
Junior BI Developer,MegaSoft,"Heliopolis, Cairo, Egypt",7 days ago,https://wuzzuf.net/jobs/p/987iCGqEx8pR-Junior-BI-Developer-MegaSoft-Cairo-Egypt?o=202&l=sp&t=sj&a=data |search-v3|navbg,Full Time, IT/Software Development  Engineering - Telecom/Technology  SQL  Information Technology (IT)  Software Engineering  Computer Science  Software  IBM  Service Management  Reporting, 1 - 2 Yrs of Exp 
CCTV Operator,Talaat Moustafa Group,"Agouza, Giza, Egypt",7 days ago,https://wuzzuf.net/jobs/p/ARYEvETdpR5o-CCTV-Operator-Talaat-Moustafa-Group-Giza-Egypt?o=203&l=sp&t=sj&a=data |search-v3|navbg,Full Time, Other  Admin  CCTV  Surveillance  Administration, 2 - 5 Yrs of Exp 
SEO Specialist,Promech Engineering,"Maadi, Cairo, Egypt",21 days ago,https://wuzzuf.net/jobs/p/Zjff5HkItSCH-SEO-Specialist-Promech-Engineering-Cairo-Egypt?o=204&l=sp&t=sj&a=data |search-v3|navbg,Full Time, Marketing/PR/Advertising  Media/Journalism/Publishing  Analytics  SEO  Content Management  Google Analytics, 2 - 3 Yrs of Exp 
Senior backend developer – java,Informatique Education,"Cairo, Egypt",21 days ago,https://wuzzuf.net/jobs/p/E2yy0vd7dfHc-Senior-backend-developer-–-java-Informatique-Education-Cairo-Egypt?o=205&l=sp&t=sj&a=data |search-v3|navbg,Full Time, IT/Software Development  Engineering - Telecom/Technology  Computer Engineering  Computer Science  Information Technology (IT)  Agile  Angular  Design  Engineering  Java, 4+ Yrs of Exp 
Research & Development Specialist,Centro CDX,"Maadi, Cairo, Egypt",14 days ago,https://wuzzuf.net/jobs/p/poAX7y5OWHS2-Research-Development-Specialist-Centro-CDX-Cairo-Egypt?o=206&l=sp&t=sj&a=data |search-v3|navbg,Full Time, Business Development  Marketing/PR/Advertising  Sales/Retail  Communication  Business Development  Research  Market Research  analytical  Communication skills  computer, 1 - 3 Yrs of Exp 
Chief Accounting Officer,Al-Rowad for Plastic Pipes,"10th of Ramadan City, Sharqia, Egypt",21 days ago,https://wuzzuf.net/jobs/p/kUlXALwdfrpI-Chief-Accounting-Officer-Al-Rowad-for-Plastic-Pipes-Sharqia-Egypt?o=207&l=sp&t=sj&a=data |search-v3|navbg,Full Time, Accounting/Finance  Accounting  CMA  Commerce  Finance  ERP  Financial Analysis  Financial Management  IFRS  Management, 10 - 12 Yrs of Exp 
Accounting Manager,Avis Budget Egypt,"Sheikh Zayed, Giza, Egypt",9 days ago,https://wuzzuf.net/jobs/p/gcvhKhD62FrU-Accounting-Manager-Avis-Budget-Egypt-Giza-Egypt?o=208&l=sp&t=sj&a=data |search-v3|navbg,Full Time, Accounting/Finance  Finance  Financial Analysis  Accounting  Financial Management  Financial, 6 - 10 Yrs of Exp 
Quality Control Supervisor,SAVOLA,"Qanater Khairya, Qalubia, Egypt",9 days ago,https://wuzzuf.net/jobs/p/VNqGqdHexwfo-Quality-Control-Supervisor-SAVOLA-Qalubia-Egypt?o=209&l=sp&t=sj&a=data |search-v3|navbg,Full Time, R&D/Science  Manufacturing/Production  Quality  Quality Control  Quality Assurance  FMCG  Industrial  Engineering, 4 - 6 Yrs of Exp 
Accountant,Warped,"New Cairo, Cairo, Egypt",10 days ago,https://wuzzuf.net/jobs/p/aWuTqquqiPGT-Accountant-Warped-Cairo-Egypt?o=210&l=sp&t=sj&a=data |search-v3|navbg,Full TimeWork From Home, Accounting/Finance  E-Commerce  Accounting  Commerce  Egyptian Tax  English  ERP  Finance  Financial Analysis  Financial Management, 1 - 3 Yrs of Exp 
EG - Agency Management,qk,"Cairo, Egypt",10 hours ago,https://wuzzuf.net/jobs/p/XJgtgShwAHZu-EG---Agency-Management-qk-Cairo-Egypt?o=211&l=sp&t=sj&a=data |search-v3|navbg,Full Time, 英语  阿拉伯语, Administration 
Marketing Specialist,TechnoBit Group,"Sharabeya, Cairo, Egypt",1 day ago,https://wuzzuf.net/jobs/p/jYLErqYotuRQ-Marketing-Specialist-TechnoBit-Group-Cairo-Egypt?o=212&l=sp&t=sj&a=data |search-v3|navbg,Full Time, Marketing/PR/Advertising  Sales/Retail  Media/Journalism/Publishing  Market Research  Communication  Digital Marketing  Social Media  Writing  Sales  SEO, 1 - 3 Yrs of Exp 
Payroll Coordinator,Afro Egypt,"6th of October, Giza, Egypt",1 day ago,https://wuzzuf.net/jobs/p/muMdXO1ddZ84-Payroll-Coordinator-Afro-Egypt-Giza-Egypt?o=213&l=sp&t=sj&a=data |search-v3|navbg,Full Time, Human Resources  Human Resources (HR)  Microsoft Office  excel, 1 - 1 Yrs of Exp 
Ionic / angular developer,Confidential,"Maadi, Cairo, Egypt",2 days ago,https://wuzzuf.net/jobs/p/seKi9QIdfdo4-Ionic-angular-developer-Cairo-Egypt?o=214&l=sp&t=sj&a=data |search-v3|navbg,Full TimeWork From Home, IT/Software Development  Angular  Ionic  Ionic Framework  Cordova  JavaScript  Typescript, 1 - 3 Yrs of Exp 
Operations Manager,Stryve,"New Cairo, Cairo, Egypt",2 days ago,https://wuzzuf.net/jobs/p/IDMUOnbknoWo-Operations-Manager-Stryve-Cairo-Egypt?o=215&l=sp&t=sj&a=data |search-v3|navbg,Full Time, Operations/Management  Operations  card operations, 5 - 10 Yrs of Exp 
Python Technical Lead,RDI,"Dokki, Giza, Egypt",3 days ago,https://wuzzuf.net/jobs/p/jVAMAEFs9QN9-Python-Technical-Lead-RDI-Giza-Egypt?o=216&l=sp&t=sj&a=data |search-v3|navbg,Full Time, IT/Software Development  Operations/Management  Engineering - Telecom/Technology  Python  Flask  Django  MySQL  MongoDB  Docker  Kubernetes, 8+ Yrs of Exp 
FullStack Developer (Golang + React),Glorium Technologies,"East New York, United States",3 days ago,https://wuzzuf.net/jobs/p/rwAIan5OTrxh-FullStack-Developer-Golang-React-Glorium-Technologies-East-New-York-United-States?o=217&l=sp&t=sj&a=data |search-v3|navbg,Work From Home, Creative/Design/Art  IT/Software Development  Engineering - Telecom/Technology  Software Development  Debugging  Computer Science  Front end, 3 - 5 Yrs of Exp 
Budgeting & Reporting Section Head,Confidential,"6th of October, Giza, Egypt",3 days ago,https://wuzzuf.net/jobs/p/9jGcvfgZ9G5r-Budgeting-Reporting-Section-Head-Giza-Egypt?o=218&l=sp&t=sj&a=data |search-v3|navbg,Full Time, Accounting/Finance  Business Development  Analyst/Research  Budgeting  Accounting  Financial Management  Reporting  Finance, 5 - 7 Yrs of Exp 
Ass. Accounting Manager,Confidential,"6th of October, Giza, Egypt",3 days ago,https://wuzzuf.net/jobs/p/EHfkBqVh7ZBm-Ass-Accounting-Manager-Giza-Egypt?o=219&l=sp&t=sj&a=data |search-v3|navbg,Full Time, Accounting/Finance  Banking  Operations/Management  Accounting  Commerce  analytical  business  ERP  Finance  Financial Management, 7 - 10 Yrs of Exp 
Senior Business Analyst,Naeem,"Cairo, Egypt",22 days ago,https://wuzzuf.net/jobs/p/VAhwed9FE4wY-Senior-Business-Analyst-Naeem-Cairo-Egypt?o=220&l=sp&t=sj&a=data |search-v3|navbg,Full Time, IT/Software Development  business  Analysis  Business Analysis, 3 - 7 Yrs of Exp 
HR Planning Specialist,Andalusia Group,"Maadi, Cairo, Egypt",24 days ago,https://wuzzuf.net/jobs/p/1MkZZw8xZnTO-HR-Planning-Specialist-Andalusia-Group-Cairo-Egypt?o=221&l=sp&t=sj&a=data |search-v3|navbg,Full Time, Human Resources  Administration  business  Business Administration  Education  Healthcare  Recruitment  Human Resources  Human Resources (HR)  Management, 1 - 2 Yrs of Exp 
Technical Dynamics Consultant,Pillars,"Cairo, Egypt",10 days ago,https://wuzzuf.net/jobs/p/kgE1FdNnMGiB-Technical-Dynamics-Consultant-Pillars-Cairo-Egypt?o=222&l=sp&t=sj&a=data |search-v3|navbg,Full Time, IT/Software Development  Engineering - Telecom/Technology  Ax  D365  Dynamics  Dynamics 365  Dynamics AX  Information Technology (IT)  Ms dynamics  Software, 1 - 3 Yrs of Exp 
Growth Manager,Raya Distribution,"Maadi, Cairo, Egypt",1 month ago,https://wuzzuf.net/jobs/p/E6E7u4iCnaxH-Growth-Manager-Raya-Distribution-Cairo-Egypt?o=223&l=sp&t=sj&a=data |search-v3|navbg,Full Time, Operations/Management  Analysis  Analytics tools  Operations Management  growth, 4 - 6 Yrs of Exp 
Business Analyst,Misr Insurance Co,"Giza, Egypt",22 days ago,https://wuzzuf.net/jobs/p/UenU82PFV15d-Business-Analyst-Misr-Insurance-Co-Giza-Egypt?o=224&l=sp&t=sj&a=data |search-v3|navbg,Full Time, Project/Program Management  Analyst/Research  Analysis  Business Analysis  business, 5 - 7 Yrs of Exp 
Senior Marketer as Co-founder,Confidential,"Downtown, Cairo, Egypt",12 days ago,https://wuzzuf.net/jobs/p/5hEKQGPPJDMb-Senior-Marketer-as-Co-founder-Cairo-Egypt?o=225&l=sp&t=sj&a=data |search-v3|navbg,Part TimeFreelance / ProjectWork From Home, Operations/Management  Marketing/PR/Advertising  Media/Journalism/Publishing  Startup  Digital Marketing  Marketing  Media  Social Media  SEO  SEM, 4 - 8 Yrs of Exp 
web developer (Back end ) using php &laravel,Leadintop,"Maadi, Cairo, Egypt",16 days ago,https://wuzzuf.net/jobs/p/2EmavZAk9xhd-web-developer-Back-end-using-php-laravel-Leadintop-Cairo-Egypt?o=226&l=sp&t=sj&a=data |search-v3|navbg,Full TimeWork From Home, IT/Software Development  HTML  CSS  Software Development  jQuery  PHP  Bootstrap  JSON  AJAX  Web Development, 2 - 5 Yrs of Exp 
Paralegal,Ali & Co,"Zamalek, Cairo, Egypt",6 days ago,https://wuzzuf.net/jobs/p/6xzZnQAzZtGu-Paralegal-Ali-Co-Cairo-Egypt?o=227&l=sp&t=sj&a=data |search-v3|navbg,Full Time, Administration  Paralegal  Legal  English, 2 - 6 Yrs of Exp 
Accounting manager,A Market- Egypt,"10th of Ramadan City, Sharqia, Egypt",7 days ago,https://wuzzuf.net/jobs/p/C2to3EL8406W-Accounting-manager-A-Market--Egypt-Sharqia-Egypt?o=228&l=sp&t=sj&a=data |search-v3|navbg,Full Time, Accounting/Finance  Administration  Operations/Management  Accounting  Finance  Financial Accounting  Financial Management  Accounts, 8 - 10 Yrs of Exp 
Call Center Supervisor,AL-Matar,"Maadi, Cairo, Egypt",7 days ago,https://wuzzuf.net/jobs/p/q0mi2Ik8aVP8-Call-Center-Supervisor-AL-Matar-Cairo-Egypt?o=229&l=sp&t=sj&a=data |search-v3|navbg,Full Time, Customer Service/Support  Operations/Management  Call Center  CRM  CRM Systems  Customer Service  Communication  Systems  Customer Care, 4 - 6 Yrs of Exp 
Medical Specialist (Research) - Alexandria,Caduceus Lane,"Alexandria, Egypt",7 days ago,https://wuzzuf.net/jobs/p/MkBmI336awui-Medical-Specialist-Research---Alexandria-Caduceus-Lane-Alexandria-Egypt?o=230&l=sp&t=sj&a=data |search-v3|navbg,Full Time, Medical/Healthcare  Analyst/Research  Pharmaceutical  Research  Education  Writing  Pharmacy  Analysis  Biomedical Sciences  Clinical Research, 3+ Yrs of Exp 
Sales Manager,Confidential,"Cairo, Egypt",7 days ago,https://wuzzuf.net/jobs/p/XrKOkcZoQeEX-Sales-Manager-Cairo-Egypt?o=231&l=sp&t=sj&a=data |search-v3|navbg,Full Time, Administration  CRM  Sales Management  Sales  sales skills  Management, 10 - 15 Yrs of Exp 
AR Accountant,Yodawy,"Giza, Egypt",7 days ago,https://wuzzuf.net/jobs/p/kW8Sx98feJ3x-AR-Accountant-Yodawy-Giza-Egypt?o=232&l=sp&t=sj&a=data |search-v3|navbg,Full Time, Accounting/Finance  Administration  Operations/Management  Accounting  ERP System, 4 - 6 Yrs of Exp 
Head OF Accounting,Confidential,"Cairo, Egypt",8 days ago,https://wuzzuf.net/jobs/p/cvaFDtNKcfNG-Head-OF-Accounting-Cairo-Egypt?o=233&l=sp&t=sj&a=data |search-v3|navbg,Full Time, Accounting/Finance  Operations/Management  Accounting  Financial Management  business  Finance  Financial Analysis  Operations, 10 - 20 Yrs of Exp 
Internal Auditor,Confidential,"Mohandessin, Giza, Egypt",13 days ago,https://wuzzuf.net/jobs/p/pQx4ruYUaPuu-Internal-Auditor-Giza-Egypt?o=234&l=sp&t=sj&a=data |search-v3|navbg,Full Time, Accounting/Finance  Quality  Analyst/Research  Accounting  Auditing standards  Auditing  Finance  Financial Analysis  Procedures  MS Office, 5 - 10 Yrs of Exp 
HR Generalist,Digital Bridges,"Cairo, Egypt",8 days ago,https://wuzzuf.net/jobs/p/eFHuzBHR9EiU-HR-Generalist-Digital-Bridges-Cairo-Egypt?o=235&l=sp&t=sj&a=data |search-v3|navbg,Full Time, Administration  Human Resources  HR  Human Resources (HR)  Administration  Recruitment  Management  Development  Personnel  Microsoft Office, 5 - 10 Yrs of Exp 
Technical Lead (.net core & Angular),BI-Technologies,"New Cairo, Cairo, Egypt",9 days ago,https://wuzzuf.net/jobs/p/MVijsMeKtAoF-Technical-Lead-net-core-Angular-BI-Technologies-Cairo-Egypt?o=236&l=sp&t=sj&a=data |search-v3|navbg,Full Time, IT/Software Development  Operations/Management  Engineering - Telecom/Technology  ASP.Net  .Net  Computer Science  Design  Engineering  HTML5  Information Technology (IT), 7 - 12 Yrs of Exp 
Security Manager,Talaat harb mall,"Downtown, Cairo, Egypt",9 days ago,https://wuzzuf.net/jobs/p/umPyFWgWDDM4-Security-Manager-Talaat-harb-mall-Cairo-Egypt?o=237&l=sp&t=sj&a=data |search-v3|navbg,Full Time, Legal  Other  Security  Police, 7 - 10 Yrs of Exp 
Payroll Officer,Zewail City,"6th of October, Giza, Egypt",13 days ago,https://wuzzuf.net/jobs/p/jikQNwbbYFMx-Payroll-Officer-Zewail-City-Giza-Egypt?o=238&l=sp&t=sj&a=data |search-v3|navbg,Full Time, Human Resources  HR  Human Resources (HR)  Payroll  Labor Law  Accounting  Microsoft Office  MS Office, 3 - 5 Yrs of Exp 
Internal Auditor,Confidential,"Heliopolis, Cairo, Egypt",14 days ago,https://wuzzuf.net/jobs/p/9tqRAbZ4LgEl-Internal-Auditor-Cairo-Egypt?o=239&l=sp&t=sj&a=data |search-v3|navbg,Full Time, males_only  Accounting/Finance  Quality  Analyst/Research  analytical  Auditing  Finance  Accounting  English  Financial Analysis  Computer Skills, 4 - 5 Yrs of Exp 
Dynamics AX Functional Consultant,Egypt Gold,"Heliopolis, Cairo, Egypt",10 days ago,https://wuzzuf.net/jobs/p/RV7fakqC9zFn-Dynamics-AX-Functional-Consultant-Egypt-Gold-Cairo-Egypt?o=240&l=sp&t=sj&a=data |search-v3|navbg,Full Time, Accounting/Finance  IT/Software Development  Engineering - Telecom/Technology  Accounting  business  Computer Science  Microsoft Dynamics  D365  Dynamics  ERP, 4 - 6 Yrs of Exp 
SOC Analyst Tier1,Confidential,"Nasr City, Cairo, Egypt",15 days ago,https://wuzzuf.net/jobs/p/blqbKeydPYzX-SOC-Analyst-Tier1-Cairo-Egypt?o=241&l=sp&t=sj&a=data |search-v3|navbg,Full Time, IT/Software Development  Linux  SIEM  Information Technology (IT)  Technical Analysis, 1 - 2 Yrs of Exp 
Ionic angular developer,Confidential,"Maadi, Cairo, Egypt",11 days ago,https://wuzzuf.net/jobs/p/Byc8z65vdkHd-Ionic-angular-developer-Cairo-Egypt?o=242&l=sp&t=sj&a=data |search-v3|navbg,Full TimeWork From Home, IT/Software Development  Angular  Ionic  Ionic Framework  Cordova  JavaScript  Typescript, 1 - 3 Yrs of Exp 
Senior PHP Backend Developer,Kick Start Interactive,"Dokki, Giza, Egypt",22 days ago,https://wuzzuf.net/jobs/p/VdyB1Vu7zNXO-Senior-PHP-Backend-Developer-Kick-Start-Interactive-Giza-Egypt?o=243&l=sp&t=sj&a=data |search-v3|navbg,Full Time, IT/Software Development  API  Laravel  MySQL  PHP  Linux  MVC  Computer Science  JIRA  Github, 4 - 5 Yrs of Exp 
Security Manager,Ayman Shahin Group,"Obour City, Cairo, Egypt",12 days ago,https://wuzzuf.net/jobs/p/Z2kjcx4dnPiB-Security-Manager-Ayman-Shahin-Group-Cairo-Egypt?o=244&l=sp&t=sj&a=data |search-v3|navbg,Full Time, Operations/Management  CCTV  Security  Security manager  Police  army  Food & Beverage, 5+ Yrs of Exp 
Senior Full Stack Developer,Trufla,"Heliopolis, Cairo, Egypt",1 month ago,https://wuzzuf.net/jobs/p/hh4PopoV8Ey5-Senior-Full-Stack-Developer-Trufla-Cairo-Egypt?o=245&l=sp&t=sj&a=data |search-v3|navbg,Full Time, IT/Software Development  Engineering - Telecom/Technology  APIs  AWS  Computer Science  front-end  Information Technology (IT)  Java  JavaScript  Laravel, 6+ Yrs of Exp 
Senior .NET Developer,Confidential,"Nasr City, Cairo, Egypt",16 days ago,https://wuzzuf.net/jobs/p/6kB2y2HPAVAo-Senior-NET-Developer-Cairo-Egypt?o=246&l=sp&t=sj&a=data |search-v3|navbg,Full Time, IT/Software Development  Engineering - Telecom/Technology  Agile  .Net  Computer Science  Software Development  Software  Information Technology (IT)  DevOps  Development, 4+ Yrs of Exp 
Database Administrator,Perfect Presentation,"6th of October, Giza, Egypt",23 days ago,https://wuzzuf.net/jobs/p/X91WatZ2PvZa-Database-Administrator-Perfect-Presentation-Giza-Egypt?o=247&l=sp&t=sj&a=data |search-v3|navbg,Full Time, IT/Software Development  Database Administrator  Database  Oracle  SQL  Information Technology (IT)  Computer Science  Administrator, 8 - 12 Yrs of Exp 
Senior Sales Engineer,AL MOTAHEDA,"Cairo, Egypt",13 days ago,https://wuzzuf.net/jobs/p/Ch20olMkzVI1-Senior-Sales-Engineer-AL-MOTAHEDA-Cairo-Egypt?o=248&l=sp&t=sj&a=data |search-v3|navbg,Full Time, Business Development  Sales/Retail  Engineering - Mechanical/Electrical  Electrical Engineering  B2B Sales  Strategic Sales  Customer Relationship Management  Communication Skills  Target Oriented  Task Oriented, 5+ Yrs of Exp 
HR Coordinator,Egypt Gold,"Heliopolis, Cairo, Egypt",13 days ago,https://wuzzuf.net/internship/srsZPeXztSKZ-HR-Coordinator-Egypt-Gold-Cairo-Egypt?o=249&l=sp&t=sj&a=data |search-v3|navbg,Internship, HR  Hr coordinator  Human Resources  Human Resources (HR)  Recruitment  Sourcing  internship, Human Resources 
Oracle Developer,Rowad Modern Engineering,"New Cairo, Cairo, Egypt",16 days ago,https://wuzzuf.net/jobs/p/yv0InfmelAZR-Oracle-Developer-Rowad-Modern-Engineering-Cairo-Egypt?o=250&l=sp&t=sj&a=data |search-v3|navbg,Full Time, IT/Software Development  Engineering - Telecom/Technology  English  Information Technology (IT)  Oracle  Software Development, 3 - 5 Yrs of Exp 
Evaluation and Impact Assessment Specialist,Misr Elkheir Foundation,"Cairo, Egypt",54 minutes ago,https://wuzzuf.net/jobs/p/SCY88yEKvHiD-Evaluation-and-Impact-Assessment-Specialist-Misr-Elkheir-Foundation-Cairo-Egypt?o=251&l=sp&t=sj&a=data |search-v3|navbg,Full Time, males_only  Operations/Management  Project/Program Management  Project Management  Management  MIS  Projects, 1 - 3 Yrs of Exp 
Finance & HR Assistant (Salam Project) re-advertisement,Medecins Sans Frontieres,"Salam City, Cairo, Egypt",1 hour ago,https://wuzzuf.net/jobs/p/6k8fs6gKUOe8-Finance-HR-Assistant-Salam-Project-re-advertisement-Medecins-Sans-Frontieres-Cairo-Egypt?o=252&l=sp&t=sj&a=data |search-v3|navbg,Full Time, Accounting/Finance  Administration  Human Resources  Human Resources (HR)  NGOS  Accounting  Administration  Finance, 2 - 5 Yrs of Exp 
Sales Account Manager,Innovera for Education Technology,"New Cairo, Cairo, Egypt",3 hours ago,https://wuzzuf.net/jobs/p/EaLk7ySQe9R6-Sales-Account-Manager-Innovera-for-Education-Technology-Cairo-Egypt?o=253&l=sp&t=sj&a=data |search-v3|navbg,Full Time, Business Development  Sales/Retail  Sales  sales skills  Communication  Sales Target  Customer Service, 2 - 3 Yrs of Exp 
Sales Representative,Confidential,"Tanta, Gharbia, Egypt",3 hours ago,https://wuzzuf.net/jobs/p/JnkRTv9X274f-Sales-Representative-Gharbia-Egypt?o=254&l=sp&t=sj&a=data |search-v3|navbg,Full Time, Sales/Retail  Sales Target  Sales  Sales Skills  Computer Skills  Communication, 1 - 3 Yrs of Exp 
Senior Linux System Administrator,3D Diagnostix,"Cairo, Egypt",17 days ago,https://wuzzuf.net/jobs/p/ydm1WzAgL5Jx-Senior-Linux-System-Administrator-3D-Diagnostix-Cairo-Egypt?o=255&l=sp&t=sj&a=data |search-v3|navbg,Full Time, Installation/Maintenance/Repair  IT/Software Development  Engineering - Telecom/Technology  Administrator  Computer Science  Engineering  Information Technology (IT)  senior  system  System Administration, 6+ Yrs of Exp 
Costing Section Head,Neisco for Modern Water Systems Production,"Nasr City, Cairo, Egypt",1 day ago,https://wuzzuf.net/jobs/p/gav7S3Wq9mSw-Costing-Section-Head-Neisco-for-Modern-Water-Systems-Production-Cairo-Egypt?o=256&l=sp&t=sj&a=data |search-v3|navbg,Full Time, males_only  Accounting/Finance  Administration  Banking  Cost Accounting  ERP System  Cost  Accounting  Financial Management  Financial Analysis  ERP, 3 - 5 Yrs of Exp 
Senior Java Developer,Wonder Travel,"Maadi, Cairo, Egypt",1 day ago,https://wuzzuf.net/jobs/p/DjdcPYRCCB6j-Senior-Java-Developer-Wonder-Travel-Cairo-Egypt?o=257&l=sp&t=sj&a=data |search-v3|navbg,Full Time, males_preferred  IT/Software Development  Engineering - Telecom/Technology  Computer Engineering  Computer Science  Information Technology (IT)  OOP  Java  Software Engineering  Spring  Hibernate, 5+ Yrs of Exp 
senior Odoo Developer,Confidential,"Cairo, Egypt",1 day ago,https://wuzzuf.net/jobs/p/eyvvLoNva4A9-senior-Odoo-Developer-Cairo-Egypt?o=258&l=sp&t=sj&a=data |search-v3|navbg,Full Time, males_only  Accounting/Finance  IT/Software Development  Engineering - Telecom/Technology  Computer Science  ERP  Engineering  Software Development  Odoo  Programming, 5 - 10 Yrs of Exp 
Senior Oracle Database Developer,Ejada,"Cairo, Egypt",1 day ago,https://wuzzuf.net/jobs/p/7ED4NaQMpjus-Senior-Oracle-Database-Developer-Ejada-Cairo-Egypt?o=259&l=sp&t=sj&a=data |search-v3|navbg,Full Time, Banking  IT/Software Development  Information Technology (IT)  Database  Oracle, 5 - 10 Yrs of Exp 
Network Administrator,Heliopolis University,"Obour City, Cairo, Egypt",1 day ago,https://wuzzuf.net/jobs/p/BvwEG4ZZFMDI-Network-Administrator-Heliopolis-University-Cairo-Egypt?o=260&l=sp&t=sj&a=data |search-v3|navbg,Full Time, IT/Software Development  Cisco  CCNA  MCSE, 5 - 7 Yrs of Exp 
Key Account Manager,Shezlong,"Sheikh Zayed, Giza, Egypt",2 days ago,https://wuzzuf.net/jobs/p/4CcHmETfd7KN-Key-Account-Manager-Shezlong-Giza-Egypt?o=261&l=sp&t=sj&a=data |search-v3|navbg,Full Time, Operations/Management  Customer Service  Communication skills  Sales Target  Account Management  Key Account Management, 3 - 7 Yrs of Exp 
IT Operations Manager,Nile Sugar,"Agouza, Giza, Egypt",2 days ago,https://wuzzuf.net/jobs/p/tIjbjqMsa6T7-IT-Operations-Manager-Nile-Sugar-Giza-Egypt?o=262&l=sp&t=sj&a=data |search-v3|navbg,Full Time, Operations/Management  Communication Engineering  Information Technology (IT)  Management  Operations, 8 - 9 Yrs of Exp 
Linux System Administrator,Fixed Solutions,"Sheraton, Cairo, Egypt",2 days ago,https://wuzzuf.net/jobs/p/84n8dWlJkDAb-Linux-System-Administrator-Fixed-Solutions-Cairo-Egypt?o=263&l=sp&t=sj&a=data |search-v3|navbg,Full Time, IT/Software Development  Engineering - Telecom/Technology  Administration  CCNA  Computer Engineering  Computer Science  Engineering  Information Technology (IT)  Linux  Network Administration, 2 - 4 Yrs of Exp 
Telesales Agent ( English Account ),Optimus For Business Education,"Nasr City, Cairo, Egypt",2 days ago,https://wuzzuf.net/jobs/p/xryXqzuVp7ZE-Telesales-Agent-English-Account-Optimus-For-Business-Education-Cairo-Egypt?o=264&l=sp&t=sj&a=data |search-v3|navbg,Full Time, Sales/Retail  Selling  sales skills  Telesales  Communication  Customer Service  English  housing  Sales  Sales advisor, 1 - 3 Yrs of Exp 
Full Stack Team Leader (NodeJs & ReactJS),CrossWorkers,"New Cairo, Cairo, Egypt",2 days ago,https://wuzzuf.net/jobs/p/vzaXkrdPQ2iX-Full-Stack-Team-Leader-NodeJs-ReactJS-CrossWorkers-Cairo-Egypt?o=265&l=sp&t=sj&a=data |search-v3|navbg,Full Time, IT/Software Development  Node.js  React.js  React js  MongoDB  Microservices  Typescript, 6+ Yrs of Exp 
Senior Accountant,Confidential,"Heliopolis, Cairo, Egypt",2 days ago,https://wuzzuf.net/jobs/p/Vp6u7u2UsfMQ-Senior-Accountant-Cairo-Egypt?o=266&l=sp&t=sj&a=data |search-v3|navbg,Full Time, Accounting/Finance  Accounting  Financial Analysis  MS Office  ERP systems  SAP  Finance, 5 - 8 Yrs of Exp 
Junior Marketing Researcher,MENA INTEL,"Nasr City, Cairo, Egypt",2 days ago,https://wuzzuf.net/jobs/p/FkK3jec0jT4p-Junior-Marketing-Researcher-MENA-INTEL-Cairo-Egypt?o=267&l=sp&t=sj&a=data |search-v3|navbg,Full Time, Customer Service/Support  Analyst/Research  Market Research  sales skills  Call Center  Telemarketing  English  Marketing  Customer Support  Research Analysis, 0 - 2 Yrs of Exp 
Senior Business Developer,IMUT International Marathon United Technology,"Obour City, Cairo, Egypt",2 days ago,https://wuzzuf.net/jobs/p/HhHwel88UBL6-Senior-Business-Developer-IMUT-International-Marathon-United-Technology-Cairo-Egypt?o=268&l=sp&t=sj&a=data |search-v3|navbg,Full Time, Business Development  Sales/Retail  Marketing  E-Marketing  Business Development  Business Administration  CRM  Sales, 5 - 9 Yrs of Exp 
Sales Analyst,Saint-Gobain,"New Cairo, Cairo, Egypt",2 days ago,https://wuzzuf.net/jobs/p/yQnmZz2ikKjV-Sales-Analyst-Saint-Gobain-Cairo-Egypt?o=269&l=sp&t=sj&a=data |search-v3|navbg,Full Time, Analyst/Research  Sales/Retail  Finance  Sales Analysis  SAP  Analysis  Microsoft Office  Administration  Sales  CRM, 1 - 3 Yrs of Exp 
HR Payroll Specialist,Arma Non Food,"10th of Ramadan City, Cairo, Egypt",2 days ago,https://wuzzuf.net/jobs/p/tHgNPWMostUV-HR-Payroll-Specialist-Arma-Non-Food-Cairo-Egypt?o=270&l=sp&t=sj&a=data |search-v3|navbg,Full Time, Accounting/Finance  Administration  Human Resources  Commerce  excel  Human Resources (HR)  Payroll  Personnel  powerpoint  English, 1 - 3 Yrs of Exp 
Junior Python Developer,RDI,"Dokki, Giza, Egypt",3 days ago,https://wuzzuf.net/jobs/p/w9gACyzkbBpQ-Junior-Python-Developer-RDI-Giza-Egypt?o=271&l=sp&t=sj&a=data |search-v3|navbg,Full Time, Business Development  IT/Software Development  Engineering - Telecom/Technology  Python  MySQL  JavaScript  React  Angular  RESTful  Django, 1 - 3 Yrs of Exp 
Project Control Engineer,Jozoor Landscapes,"Shorouk City, Cairo, Egypt",3 days ago,https://wuzzuf.net/jobs/p/Rcw139uMDcWB-Project-Control-Engineer-Jozoor-Landscapes-Cairo-Egypt?o=272&l=sp&t=sj&a=data |search-v3|navbg,Full Time, males_preferred  Engineering - Construction/Civil/Architecture  Project/Program Management  Quality  Primavera 6.0  Planning  Project Cost Control  Civil Engineering  Cost Control  Construction  Landscape Engineering, 5 - 7 Yrs of Exp 
Internal Audit Head - Pastry Industry FMCG,Confidential,"6th of October, Giza, Egypt",3 days ago,https://wuzzuf.net/jobs/p/nPleMSGqYAEb-Internal-Audit-Head---Pastry-Industry-FMCG-Giza-Egypt?o=273&l=sp&t=sj&a=data |search-v3|navbg,Full Time, males_only  Accounting/Finance  Hospitality/Hotels/Food Services  Operations/Management  Food & Beverage  FMCG  Finance  Accounting  Management  Cost Control  Accounting System, 7 - 10 Yrs of Exp 
Google Ads & SEO,TechMart,"Sheikh Zayed, Giza, Egypt",3 days ago,https://wuzzuf.net/jobs/p/1LvKjn3hpEOe-Google-Ads-SEO-TechMart-Giza-Egypt?o=274&l=sp&t=sj&a=data |search-v3|navbg,Full Time, Writing/Editorial  Marketing/PR/Advertising  Media/Journalism/Publishing  Digital  Google Ads  Marketing  Search Engine Optimization  SEO  Social Media  Digital Marketing, 1+ Yrs of Exp 
Billing Officer,Zaki Hashem & Partners,"Downtown, Cairo, Egypt",3 days ago,https://wuzzuf.net/jobs/p/ziTUWK5MbtlY-Billing-Officer-Zaki-Hashem-Partners-Cairo-Egypt?o=275&l=sp&t=sj&a=data |search-v3|navbg,Full Time, Accounting/Finance  Customer Service/Support  Billing  Accounting  Customer Service  Finance  excel, 3 - 5 Yrs of Exp 
Sales Coordinator,Gest For Metals,"10th of Ramadan City, Sharqia, Egypt",3 days ago,https://wuzzuf.net/jobs/p/UFqClZRG9fjV-Sales-Coordinator-Gest-For-Metals-Sharqia-Egypt?o=276&l=sp&t=sj&a=data |search-v3|navbg,Full Time, Administration  Customer Service/Support  Sales/Retail  Customer Service  Customer Support  Customer  Administration  ERP  English  sales skills, 3 - 5 Yrs of Exp 
Recruitment & OD Section Head,Confidential,"Cairo, Egypt",3 days ago,https://wuzzuf.net/jobs/p/1pQTUq3dRc3L-Recruitment-OD-Section-Head-Cairo-Egypt?o=277&l=sp&t=sj&a=data |search-v3|navbg,Full Time, Human Resources  Operations/Management  Recruitment  Human Resources (HR)  OD  Microsoft Office  Blue Collar  HR  Manufacturing  Retail, 3+ Yrs of Exp 
Product Manager (Business),Bydotpy,"New Cairo, Cairo, Egypt",14 days ago,https://wuzzuf.net/jobs/p/KScpNv2JMTHR-Product-Manager-Business-Bydotpy-Cairo-Egypt?o=278&l=sp&t=sj&a=data |search-v3|navbg,Full Time, Business Development  business  Marketing  Communication  Business Planning  Management  Market Research  product manager  Product Management  Research, 3+ Yrs of Exp 
Marketing And Sales Manager,AGF  Panel,"New Nozha, Cairo, Egypt",14 days ago,https://wuzzuf.net/jobs/p/iT9PPK3LZI77-Marketing-And-Sales-Manager-AGF-Panel-Cairo-Egypt?o=279&l=sp&t=sj&a=data |search-v3|navbg,Full Time, Administration  Engineering - Construction/Civil/Architecture  Marketing  sales skills  Sales Target, 3 - 5 Yrs of Exp 
Senior Tendering & Estimation Engineer,ElEZZ  Construction & Trading,"New Cairo, Cairo, Egypt",4 days ago,https://wuzzuf.net/jobs/p/QKJB1xgGqSXk-Senior-Tendering-Estimation-Engineer-ElEZZ-Construction-Trading-Cairo-Egypt?o=280&l=sp&t=sj&a=data |search-v3|navbg,Full Time, Engineering - Construction/Civil/Architecture  Purchasing/Procurement  Engineering - Other  Civil  Civil Engineering  Construction  Engineering  Estimating  Planning  Project Management, 5 - 10 Yrs of Exp 
Experienced Java Spring Developer,Yespays,"New Cairo, Cairo, Egypt",14 days ago,https://wuzzuf.net/jobs/p/e770w8yOra0n-Experienced-Java-Spring-Developer-Yespays-Cairo-Egypt?o=281&l=sp&t=sj&a=data |search-v3|navbg,Full TimePart Time, Creative/Design/Art  IT/Software Development  Engineering - Telecom/Technology  Engineering  Computer Science  Information Technology (IT)  Java  Programming  Software  Software Development, 4 - 7 Yrs of Exp 
Organizational Development Section Head,El Shorbagy,"Qalyub, Qalubia, Egypt",4 days ago,https://wuzzuf.net/jobs/p/tFFoD7rE3fEr-Organizational-Development-Section-Head-El-Shorbagy-Qalubia-Egypt?o=282&l=sp&t=sj&a=data |search-v3|navbg,Full Time, Administration  Human Resources  Operations/Management  Human Resources  OD  Recruitment  English  Organizational Development  Human Resources (HR), 6 - 10 Yrs of Exp 
Sales and Marketing Manager,Confidential,"6th of October, Giza, Egypt",14 days ago,https://wuzzuf.net/jobs/p/9eTniLktTB1g-Sales-and-Marketing-Manager-Giza-Egypt?o=283&l=sp&t=sj&a=data |search-v3|navbg,Full Time, Marketing/PR/Advertising  Sales/Retail  Sales Manager  Marketing  sales skills  Manager  Sales  Marketing manager  Sales and marketing, 3 - 5 Yrs of Exp 
Performance Marketing Senior Executive,Ulemt,"New Cairo, Cairo, Egypt",26 days ago,https://wuzzuf.net/jobs/p/YRwmHEXss6Cv-Performance-Marketing-Senior-Executive-Ulemt-Cairo-Egypt?o=284&l=sp&t=sj&a=data |search-v3|navbg,Full Time, Business Development  Marketing/PR/Advertising  Media/Journalism/Publishing  Communication  Communication skills  Digital Marketing  English  Google Analytics  Marketing  media, 3 - 6 Yrs of Exp 
Payroll Senior Specialist,PICO,"Zamalek, Cairo, Egypt",17 days ago,https://wuzzuf.net/jobs/p/uqlKDz8GPNGW-Payroll-Senior-Specialist-PICO-Cairo-Egypt?o=285&l=sp&t=sj&a=data |search-v3|navbg,Full Time, Human Resources  Human Resources (HR)  Payroll  ERP, 5 - 6 Yrs of Exp 
SAP Development Manager,Partner & More,"Abu Rawash, Giza, Egypt",15 days ago,https://wuzzuf.net/jobs/p/K1T9qIOuR4Wy-SAP-Development-Manager-Partner-More-Giza-Egypt?o=286&l=sp&t=sj&a=data |search-v3|navbg,Full Time, IT/Software Development  SAP  Software Development  ABAP  OO ABAP  S/4 HANA  BI  Web API  SAP BAPI  LSMW, 3 - 5 Yrs of Exp 
Senior Account Payable Accountant,National Company For Maize Products,"10th of Ramadan City, Sharqia, Egypt",6 days ago,https://wuzzuf.net/jobs/p/rxLvWlPTtTQM-Senior-Account-Payable-Accountant-National-Company-For-Maize-Products-Sharqia-Egypt?o=287&l=sp&t=sj&a=data |search-v3|navbg,Full Time, males_only  Accounting/Finance  Banking  Account Payable  accountant  Finance  Financial Analysis, 5 - 7 Yrs of Exp 
Senior Business Analyst,Johnson Controls,"Nasr City, Cairo, Egypt",6 days ago,https://wuzzuf.net/jobs/p/pfWZZZq2jqA8-Senior-Business-Analyst-Johnson-Controls-Cairo-Egypt?o=288&l=sp&t=sj&a=data |search-v3|navbg,Full Time, IT/Software Development  Analyst/Research  Engineering - Telecom/Technology  Accounting  analytical  Business Analysis  Business Development  Communication  Communication skills  Computer Science, 5 - 7 Yrs of Exp 
Draftsman,Groupe- Atlantic,"10th of Ramadan City, Cairo, Egypt",6 days ago,https://wuzzuf.net/jobs/p/SPsM1UpSQh3N-Draftsman-Groupe--Atlantic-Cairo-Egypt?o=289&l=sp&t=sj&a=data |search-v3|navbg,Full Time, Engineering - Construction/Civil/Architecture  Creative/Design/Art  3D  AutoCAD  Drawings  English  Sheet Metal  Technical Drawings, 3 - 5 Yrs of Exp 
Environmental Engineer,Alstom,"Cairo, Egypt",6 days ago,https://wuzzuf.net/jobs/p/PZvIgOcgOoUG-Environmental-Engineer-Alstom-Cairo-Egypt?o=290&l=sp&t=sj&a=data |search-v3|navbg,Full Time, Engineering - Other  Environmental Engineering  Engineering  Environmental  Chemical  Science, 5 - 8 Yrs of Exp 
Warehouse Specialist,National Electricity Technology Co.,"Belbes, Sharqia, Egypt",15 days ago,https://wuzzuf.net/jobs/p/t9cpuguQGd8M-Warehouse-Specialist-National-Electricity-Technology-Co-Sharqia-Egypt?o=291&l=sp&t=sj&a=data |search-v3|navbg,Full Time, males_only  Logistics/Supply Chain  Warehouse Management  Supply Chain  Logistics Operations  Inventory Management  Oracle  Inventory Control, 2 - 5 Yrs of Exp 
HL7 Interface Developer,Confidential,"Maadi, Cairo, Egypt",15 days ago,https://wuzzuf.net/jobs/p/09HMRE5Sogd6-HL7-Interface-Developer-Cairo-Egypt?o=292&l=sp&t=sj&a=data |search-v3|navbg,Full Time, IT/Software Development  Computer Engineering  Computer Science, 3 - 5 Yrs of Exp 
PR Specialist,Pro angles Media,"Giza, Egypt",15 days ago,https://wuzzuf.net/jobs/p/gLt9Z2tqsfJe-PR-Specialist-Pro-angles-Media-Giza-Egypt?o=293&l=sp&t=sj&a=data |search-v3|navbg,Full TimePart Time, Marketing/PR/Advertising  Media/Journalism/Publishing  Advertising Media  Media Production  Marketing, 2 - 4 Yrs of Exp 
Senior SAP FICO Consultant,Elhazek Construction,"Downtown, Cairo, Egypt",15 days ago,https://wuzzuf.net/jobs/p/Q0NXX7E4Zvkf-Senior-SAP-FICO-Consultant-Elhazek-Construction-Cairo-Egypt?o=294&l=sp&t=sj&a=data |search-v3|navbg,Full Time, Accounting/Finance  Engineering - Construction/Civil/Architecture  IT/Software Development  Computer Science  Information Technology (IT)  SAP  Analysis  SAP FICO  SAP HCM  SAP SD, 5 - 10 Yrs of Exp 
Group CFO,Confidential,"Dokki, Giza, Egypt",15 days ago,https://wuzzuf.net/jobs/p/wLWMG8tDriFV-Group-CFO-Giza-Egypt?o=295&l=sp&t=sj&a=data |search-v3|navbg,Full Time, Accounting/Finance  Pharmaceutical  C-Level Executive/GM/Director  Finance  CMA  CPA  CFA  Manufacturing Industry  CFO  Accounting, 15 - 17 Yrs of Exp 
Merchandising Officer,Sharaf DG,"Giza, Egypt",7 days ago,https://wuzzuf.net/jobs/p/SDweLcDAILZ6-Merchandising-Officer-Sharaf-DG-Giza-Egypt?o=296&l=sp&t=sj&a=data |search-v3|navbg,Full Time, Purchasing/Procurement  Communication skills  Category Management  Retail  Merchandising, 5+ Yrs of Exp 
Medical Supervisor,Medecins Sans Frontieres,"Salam City, Cairo, Egypt",8 days ago,https://wuzzuf.net/jobs/p/bl8E7HncGrrx-Medical-Supervisor-Medecins-Sans-Frontieres-Cairo-Egypt?o=297&l=sp&t=sj&a=data |search-v3|navbg,Full Time, Medical/Healthcare  Healthcare  Microsoft Office  English  Arabic  medical  people management  team leader, 5 - 8 Yrs of Exp 
Recruitment and OD Specialist,Amer Vision Group,"Sheraton, Cairo, Egypt",8 days ago,https://wuzzuf.net/jobs/p/Dmquqt14MCTk-Recruitment-and-OD-Specialist-Amer-Vision-Group-Cairo-Egypt?o=298&l=sp&t=sj&a=data |search-v3|navbg,Full Time, Human Resources  Hiring  Human Resources  Human Resources (HR)  OD  Recruitment  Sourcing  English, 1 - 3 Yrs of Exp 
Media Buyer,e Aswaaq Misr,"Smart Village, Giza, Egypt",8 days ago,https://wuzzuf.net/internship/k8N4oKMCD4L2-Media-Buyer-e-Aswaaq-Misr-Giza-Egypt?o=299&l=sp&t=sj&a=data |search-v3|navbg,Internship, Media/Journalism/Publishing  Computer Skills  Digital Marketing  Google Analytics  Marketing  Skills  Social Media  media, Marketing/PR/Advertising 
Digital Marketing Team Lead - Alexandria,Caduceus Lane,"San Stefano, Alexandria, Egypt",8 days ago,https://wuzzuf.net/jobs/p/i7HvHfxuYHk9-Digital-Marketing-Team-Lead---Alexandria-Caduceus-Lane-Alexandria-Egypt?o=300&l=sp&t=sj&a=data |search-v3|navbg,Full Time, Marketing/PR/Advertising  Media/Journalism/Publishing  SEO  PPC  SEM  Social Media  Online Marketing  Digital Marketing  E-Marketing  Marketing, 10 - 12 Yrs of Exp 
PHP Web Developer,(MSA) October University,"6th of October, Giza, Egypt",8 days ago,https://wuzzuf.net/jobs/p/CcVsSItRGVIh-PHP-Web-Developer-MSA-October-University-Giza-Egypt?o=301&l=sp&t=sj&a=data |search-v3|navbg,Full Time, IT/Software Development  Engineering - Telecom/Technology  Computer Engineering  Computer Science  HTML5  JavaScript  CSS3  Web Development  PHP  Laravel, 4 - 6 Yrs of Exp 
Senior Technical Office Engineer,Rowad Modern Engineering,"North Coast, Matruh, Egypt",8 days ago,https://wuzzuf.net/jobs/p/RTvmSnvx92xJ-Senior-Technical-Office-Engineer-Rowad-Modern-Engineering-Matruh-Egypt?o=302&l=sp&t=sj&a=data |search-v3|navbg,Full Time, Engineering - Construction/Civil/Architecture  Civil Engineering  Construction  Engineering  Residential Projects  Technical Office  Quantity Surveying  Shop Drawings, 8 - 10 Yrs of Exp 
Senior Electrical Design Engineer,Deutschland Technology Limited,"Sheraton, Cairo, Egypt",16 days ago,https://wuzzuf.net/jobs/p/u10jc9ANdpy0-Senior-Electrical-Design-Engineer-Deutschland-Technology-Limited-Cairo-Egypt?o=303&l=sp&t=sj&a=data |search-v3|navbg,Full Time, Engineering - Mechanical/Electrical  Communication  Design  Electrical  Electrical Design  Engineering  Fire Alarm  Microsoft Office  English  AutoCAD, 3 - 5 Yrs of Exp 
Senior Material Engineer,Concrete Plus,"Cairo, Egypt",16 days ago,https://wuzzuf.net/jobs/p/dCTsW4uXu4tV-Senior-Material-Engineer-Concrete-Plus-Cairo-Egypt?o=304&l=sp&t=sj&a=data |search-v3|navbg,Full Time, Engineering - Construction/Civil/Architecture  material  Engineering  Construction, 5 - 7 Yrs of Exp 
Digital Transformation Manager,Kandil Industries,"10th of Ramadan City, Cairo, Egypt",2 hours ago,https://wuzzuf.net/jobs/p/yYNh5k1qfTEs-Digital-Transformation-Manager-Kandil-Industries-Cairo-Egypt?o=305&l=sp&t=sj&a=data |search-v3|navbg,Full Time, IT/Software Development  Information Technology (IT)  digital Transformation  Software Development  Software Engineering  ERP  ERP Software  ERP Solutions, 10 - 15 Yrs of Exp 
Chief Financial Officer (CFO),Confidential,"New Cairo, Cairo, Egypt",3 hours ago,https://wuzzuf.net/jobs/p/Qvpv8vlMyeYR-Chief-Financial-Officer-CFO-Cairo-Egypt?o=306&l=sp&t=sj&a=data |search-v3|navbg,Full Time, Accounting/Finance  Accounting  CFO  Financial Management  Financial Analysis  Risk Management  MBA  Budgeting, 10 - 20 Yrs of Exp 
Product Manager,Stryve,"New Cairo, Cairo, Egypt",4 hours ago,https://wuzzuf.net/jobs/p/V8yeoT4VN2hy-Product-Manager-Stryve-Cairo-Egypt?o=307&l=sp&t=sj&a=data |search-v3|navbg,Full Time, Banking  Business Development  Operations/Management  Product  Management  Product Management  Design  business  Communication, 7 - 12 Yrs of Exp 
Complaint Supervisor,4level1,"Maadi, Cairo, Egypt",5 hours ago,https://wuzzuf.net/jobs/p/CtCWBKn5hJlo-Complaint-Supervisor-4level1-Cairo-Egypt?o=308&l=sp&t=sj&a=data |search-v3|navbg,Full Time, males_preferred  Customer Service/Support  Customer Service  Customer Support  Communication  Support  CS  Handling  Customer Care  Complaints  customer complaints, 2 - 4 Yrs of Exp 
EHS Manager,Confidential,"Alsadat City, Monufya, Egypt",6 hours ago,https://wuzzuf.net/jobs/p/pUukKyxyfNs6-EHS-Manager-Monufya-Egypt?o=309&l=sp&t=sj&a=data |search-v3|navbg,Full Time, males_only  R&D/Science  Quality  Engineering - Other  HSE  Health And Safety  Engineering  Quality  Health & Safety  Safety  Management, 15 - 20 Yrs of Exp 
Senior Mobile Developer (Flutter),Dimofinf Operations Center,"Nasr City, Cairo, Egypt",18 hours ago,https://wuzzuf.net/jobs/p/kJPiec2n9xOT-Senior-Mobile-Developer-Flutter-Dimofinf-Operations-Center-Cairo-Egypt?o=310&l=sp&t=sj&a=data |search-v3|navbg,Full Time, IT/Software Development  Engineering - Telecom/Technology  Android  Computer Science  Agile  Engineering  Git  Information Technology (IT)  Mobile Development  Software Development, 4+ Yrs of Exp 
Supply Chain Section Head,Confidential,"10th of Ramadan City, Sharqia, Egypt",1 day ago,https://wuzzuf.net/jobs/p/ULnEyTvjxezJ-Supply-Chain-Section-Head-Sharqia-Egypt?o=311&l=sp&t=sj&a=data |search-v3|navbg,Full Time, Administration  Sales  Management  Supply Chain  English, 5 - 7 Yrs of Exp 
Full-stack Developer (Django & ReactJS),SSC Egypt,"Maadi, Cairo, Egypt",1 day ago,https://wuzzuf.net/jobs/p/XmEUvMXl7AW9-Full-stack-Developer-Django-ReactJS-SSC-Egypt-Cairo-Egypt?o=312&l=sp&t=sj&a=data |search-v3|navbg,Full Time, IT/Software Development  REST  Python  JavaScript  diango  Git  HTML  CSS  React  Docker, 3 - 4 Yrs of Exp 
Oracle Fusion Technical Consultant (Cairo & Alex),Ejada,"Cairo, Egypt",1 day ago,https://wuzzuf.net/jobs/p/p05PVtoc7YGR-Oracle-Fusion-Technical-Consultant-Cairo-Alex-Ejada-Cairo-Egypt?o=313&l=sp&t=sj&a=data |search-v3|navbg,Full Time, IT/Software Development  Oracle  Technical Consultant  Computer Science  Oracle Fusion, 3+ Yrs of Exp 
Client Relations Business Analyst,Majorel Egypt,"Katameya, Cairo, Egypt",9 days ago,https://wuzzuf.net/jobs/p/93kTd94i3UwJ-Client-Relations-Business-Analyst-Majorel-Egypt-Cairo-Egypt?o=314&l=sp&t=sj&a=data |search-v3|navbg,Full Time, Customer Service/Support  Analyst/Research  business  Analyst  Business Development  Sales  Client Relations  sales skills, 1 - 3 Yrs of Exp 
electrical technical support officer,al-massagroup,"Cairo, Egypt",2 days ago,https://wuzzuf.net/jobs/p/GVWBwkcy7LlB-electrical-technical-support-officer-al-massagroup-Cairo-Egypt?o=315&l=sp&t=sj&a=data |search-v3|navbg,Full Time, Installation/Maintenance/Repair  Engineering - Telecom/Technology  Engineering - Mechanical/Electrical  Engineering  Electrical Engineering  Technical Support  Operations  Support  technical  HelpDesk, 5 - 20 Yrs of Exp 
Financial Planning Analyst,Ghabbour Auto,"6th of October, Giza, Egypt",9 days ago,https://wuzzuf.net/jobs/p/cIk5V5V0RKCE-Financial-Planning-Analyst-Ghabbour-Auto-Giza-Egypt?o=316&l=sp&t=sj&a=data |search-v3|navbg,Full Time, Accounting/Finance  Analysis  Accounting  Financial Management  Finance  Financial Analysis  Budgeting, 1 - 3 Yrs of Exp 
Senior UC change and release Manager,Orange Business,"Nasr City, Cairo, Egypt",2 days ago,https://wuzzuf.net/jobs/p/Wsr77XznL65P-Senior-UC-change-and-release-Manager-Orange-Business-Cairo-Egypt?o=317&l=sp&t=sj&a=data |search-v3|navbg,Full Time, IT/Software Development  itil v4  audiocodes  Microsoft Office 365  direct routing enabling program  ip telephony  IPTV  IP  VoIP  voice change management, 2 - 8 Yrs of Exp 
Payroll Trainee,LEONI Wiring System Egypt S.A.E,"Nasr City, Cairo, Egypt",22 days ago,https://wuzzuf.net/jobs/p/obqu3uVSxpc2-Payroll-Trainee-LEONI-Wiring-System-Egypt-S-A-E-Cairo-Egypt?o=318&l=sp&t=sj&a=data |search-v3|navbg,Part Time, Human Resources  Payroll  Human Resources (HR)  Payroll System  Payroll Accounting, 0 - 1 Yrs of Exp 
Digital Marketing Executive,ACTIVA International,"10th of Ramadan City, Sharqia, Egypt",2 days ago,https://wuzzuf.net/jobs/p/WkA5Fv5PMTkI-Digital-Marketing-Executive-ACTIVA-International-Sharqia-Egypt?o=319&l=sp&t=sj&a=data |search-v3|navbg,Full Time, Marketing/PR/Advertising  Digital Marketing  Marketing  Digital  media  PPC  SEO  Social Media  Advertising, 3 - 6 Yrs of Exp 
Oracle Apps DBA,Egabi FSI,"Sheraton, Cairo, Egypt",2 days ago,https://wuzzuf.net/jobs/p/Ya26OJaifWdg-Oracle-Apps-DBA-Egabi-FSI-Cairo-Egypt?o=320&l=sp&t=sj&a=data |search-v3|navbg,Full Time, IT/Software Development  Engineering - Telecom/Technology  Administration  Oracle Database  Oracle Database Administration  RAC  Information Technology (IT)  database administration  Database  OCA, 3+ Yrs of Exp 
Mechanical Sales Engineer,Sierra Engineering & Manufacturing,"Cairo, Egypt",3 days ago,https://wuzzuf.net/jobs/p/I4feGoTX9fjH-Mechanical-Sales-Engineer-Sierra-Engineering-Manufacturing-Cairo-Egypt?o=321&l=sp&t=sj&a=data |search-v3|navbg,Full Time, Sales/Retail  Engineering - Mechanical/Electrical  Engineering  Mechanical Engineering  Sales  sales skills  Communication Skills, 2 - 3 Yrs of Exp 
Senior React Native Developer,Our Education,"Nasr City, Cairo, Egypt",3 days ago,https://wuzzuf.net/jobs/p/ke5MyNqoS0s9-Senior-React-Native-Developer-Our-Education-Cairo-Egypt?o=322&l=sp&t=sj&a=data |search-v3|navbg,Full Time, Creative/Design/Art  IT/Software Development  Engineering - Telecom/Technology  Information Technology (IT)  Software Development  javaScript  React Native  Android  React  Computer Science, 2 - 4 Yrs of Exp 
Digital Marketing Manager,Almsrya Furniture,"Alsadat City, Monufya, Egypt",3 days ago,https://wuzzuf.net/jobs/p/pRWB12SLjMim-Digital-Marketing-Manager-Almsrya-Furniture-Monufya-Egypt?o=323&l=sp&t=sj&a=data |search-v3|navbg,Full Time, Marketing/PR/Advertising  Media/Journalism/Publishing  Digital  Digital Marketing  E-Marketing  Google Adwords  Google Analytics  Marketing  Online Marketing  SEM, 4 - 10 Yrs of Exp 
Oracle Fusion FIN Functional Consultant,Ejada,"Riyadh, Saudi Arabia",22 days ago,https://wuzzuf.net/jobs/p/YUldIrk8saTE-Oracle-Fusion-FIN-Functional-Consultant-Ejada-Riyadh-Saudi-Arabia?o=324&l=sp&t=sj&a=data |search-v3|navbg,Full Time, IT/Software Development  Oracle Fusion  EBS  Cloud  Fusion  Oracle  Information Technology (IT), 3 - 5 Yrs of Exp 
Warehouse Supervisor,TechMart,"Sheikh Zayed, Giza, Egypt",3 days ago,https://wuzzuf.net/jobs/p/ruBBVrLfirCd-Warehouse-Supervisor-TechMart-Giza-Egypt?o=325&l=sp&t=sj&a=data |search-v3|navbg,Full Time, Logistics/Supply Chain  Warehousing  Supply Chain  Logistics  Stock  Microsoft Office  Inventory  Merchandising  Warehouse  Management, 3 - 5 Yrs of Exp 
Marketing Manager,Lewaa El Hamd Group,"Ameria, Alexandria, Egypt",3 days ago,https://wuzzuf.net/jobs/p/Q9meSmwPhRHC-Marketing-Manager-Lewaa-El-Hamd-Group-Alexandria-Egypt?o=326&l=sp&t=sj&a=data |search-v3|navbg,Full Time, Marketing/PR/Advertising  Medical/Healthcare  Marketing  Digital Marketing  Market Research  Communication  Advertising  Communication skills  Social Media  Digital, 10+ Yrs of Exp 
Real Estate Sales Specialist,AlGammal Contracting,"Nasr City, Cairo, Egypt",3 days ago,https://wuzzuf.net/jobs/p/190FmjMpQpbO-Real-Estate-Sales-Specialist-AlGammal-Contracting-Cairo-Egypt?o=327&l=sp&t=sj&a=data |search-v3|navbg,Full Time, Customer Service/Support  Sales/Retail  business  Customer Service  sales skills  Sales Target  Sales  Real Estate  Experience  Skills, 3 - 5 Yrs of Exp 
Workforce Analyst,AL-Matar,"Maadi, Cairo, Egypt",3 days ago,https://wuzzuf.net/jobs/p/UcBgHTiOCTxR-Workforce-Analyst-AL-Matar-Cairo-Egypt?o=328&l=sp&t=sj&a=data |search-v3|navbg,Full Time, Customer Service/Support  Analyst/Research  Analysis  Customer Care  Customer Service  Planning  Call Center, 3 - 6 Yrs of Exp 
Dev0ps Engineer,ITS,"Cairo, Egypt",27 days ago,https://wuzzuf.net/jobs/p/0JWZBtjb9Dl0-Dev0ps-Engineer-ITS-Cairo-Egypt?o=329&l=sp&t=sj&a=data |search-v3|navbg,Full Time, IT/Software Development  DevOps  Information Technology (IT)  Software Development, 2 - 3 Yrs of Exp 
Junior A/P - A/R Accountant,Dar Elelm,"Sheikh Zayed, Giza, Egypt",10 days ago,https://wuzzuf.net/jobs/p/fIM0GGMvty4r-Junior-AP---AR-Accountant-Dar-Elelm-Giza-Egypt?o=330&l=sp&t=sj&a=data |search-v3|navbg,Full Time, Accounting/Finance  Accounting  Financial Reporting  excel, 0 - 1 Yrs of Exp 
HCC Leadership Internship Program - Social Media Marketing Specialist,Health Care Company,"New Cairo, Cairo, Egypt",10 days ago,https://wuzzuf.net/internship/LaOPj8RoKJmA-HCC-Leadership-Internship-Program---Social-Media-Marketing-Specialist-Horizon-Creative-Corporation-Cairo-Egypt?o=331&l=sp&t=sj&a=data |search-v3|navbg,Internship, Social Media  Internship  Leadership  Marketing  Digital Marketing  Facebook Marketing  Online Marketing  Paid Internship, Marketing/PR/Advertising 
Media Buyer / Digital Marketing,Confidential,"Cairo, Egypt",10 days ago,https://wuzzuf.net/jobs/p/6u3zhWnAAz4k-Media-Buyer-Digital-Marketing-Cairo-Egypt?o=332&l=sp&t=sj&a=data |search-v3|navbg,Full Time, Marketing/PR/Advertising  E-Marketing  Digital Marketing  Marketing  Social Media  Media Buying  Google Ads  Online Ads  Ads, 3 - 10 Yrs of Exp 
Senior Linux / Nginx Admin,Universal Payment Services,"Nasr City, Cairo, Egypt",10 days ago,https://wuzzuf.net/jobs/p/FelE1NyNfelb-Senior-Linux-Nginx-Admin-Universal-Payment-Services-Cairo-Egypt?o=333&l=sp&t=sj&a=data |search-v3|navbg,Full Time, IT/Software Development  Engineering - Telecom/Technology  Linux  MySQL  Nginx  Database  Information Technology (IT)  Configuration  Troubleshooting  Computer Science, 2+ Yrs of Exp 
Backend Developer,Zewail City,"6th of October, Giza, Egypt",10 days ago,https://wuzzuf.net/jobs/p/98s7IIB2eNQ7-Backend-Developer-Zewail-City-Giza-Egypt?o=334&l=sp&t=sj&a=data |search-v3|navbg,Full Time, IT/Software Development  Information Technology (IT)  Software  Software Development  Troubleshooting  SQL  Database  CSS  Information Systems  Computer Science, 1 - 3 Yrs of Exp 
Accounting Manager,Confidential,"6th of October, Giza, Egypt",10 days ago,https://wuzzuf.net/jobs/p/n09RqegBfmNF-Accounting-Manager-Giza-Egypt?o=335&l=sp&t=sj&a=data |search-v3|navbg,Full Time, Accounting/Finance  Operations/Management  Accounting  Finance  Financial Management  Industrial Engineering  Manufacturing Industry  Steel Industry  Construction Engineering  Industrial Design, 10 - 15 Yrs of Exp 
Marketing Specialist,International Smart for Education Services - ISES,"Mokattam, Cairo, Egypt",17 days ago,https://wuzzuf.net/jobs/p/LHuptFD56Fc1-Marketing-Specialist-International-Smart-for-Education-Services---ISES-Cairo-Egypt?o=336&l=sp&t=sj&a=data |search-v3|navbg,Full Time, Project/Program Management  Education/Teaching  Training/Instructor  marketing Specialist  Marketing  Market Research  media  Social Media  Communication  social, 2 - 6 Yrs of Exp 
Planning and Budgeting Manager,Shaheen Center,"6th of October, Giza, Egypt",6 days ago,https://wuzzuf.net/jobs/p/5Sn9vYJfEMpr-Planning-and-Budgeting-Manager-Shaheen-Center-Giza-Egypt?o=337&l=sp&t=sj&a=data |search-v3|navbg,Full Time, males_only  Accounting/Finance  Operations/Management  Accounting  Analysis  Project Management  Planning  ERP  Financial Analysis  Microsoft Office  Management, 5 - 7 Yrs of Exp 
Senior Android Developer,Your Parts,"Maadi, Cairo, Egypt",17 days ago,https://wuzzuf.net/jobs/p/HqDzbCofVzTL-Senior-Android-Developer-Your-Parts-Cairo-Egypt?o=338&l=sp&t=sj&a=data |search-v3|navbg,Full Time, IT/Software Development  Engineering - Telecom/Technology  Android  Computer Science  Information Technology (IT)  Software Development  Mobile Development  Android SDK  REST  Computer Engineering, 4+ Yrs of Exp 
Senior iOS Developer,Perfect Presentation,"6th of October, Giza, Egypt",6 days ago,https://wuzzuf.net/jobs/p/4GbUICA19QYG-Senior-iOS-Developer-Perfect-Presentation-Giza-Egypt?o=339&l=sp&t=sj&a=data |search-v3|navbg,Full Time, IT/Software Development  iOS  Software Development  Software Engineering, 4 - 8 Yrs of Exp 
Medical Digitization Officer - Cairo,Digital Bridges,"Maadi, Cairo, Egypt",17 days ago,https://wuzzuf.net/jobs/p/sKdQoPfc81oH-Medical-Digitization-Officer---Cairo-Digital-Bridges-Cairo-Egypt?o=340&l=sp&t=sj&a=data |search-v3|navbg,Full TimeShift Based, Medical/Healthcare  Pharmaceutical  Startup  Pharmacist  Pharmacy  Digitization  Insurance  Medical  Chain Pharmacy  English, 1+ Yrs of Exp 
Senior Full Stack Developer,3S Software,"Nasr City, Cairo, Egypt",6 days ago,https://wuzzuf.net/jobs/p/tHM0TCWcqOxH-Senior-Full-Stack-Developer-3S-Software-Cairo-Egypt?o=341&l=sp&t=sj&a=data |search-v3|navbg,Full Time, Installation/Maintenance/Repair  IT/Software Development  Engineering - Telecom/Technology  MySQL  Angular  Computer Science  CSS  .Net  HTML  HTML5, 3 - 5 Yrs of Exp 
Senior iOS Developer,DBS,"New Cairo, Cairo, Egypt",6 days ago,https://wuzzuf.net/jobs/p/NptQYBnEhIej-Senior-iOS-Developer-DBS-Cairo-Egypt?o=342&l=sp&t=sj&a=data |search-v3|navbg,Full Time, IT/Software Development  Engineering - Telecom/Technology  iOS  Computer Science  Engineering  Information Technology (IT)  Development  Software Engineering  Software Development  RESTful, 3+ Yrs of Exp 
Account Manager,Mico World Limited,"Maadi, Cairo, Egypt",1 month ago,https://wuzzuf.net/jobs/p/3ojM0e9dOLP4-Account-Manager-Mico-World-Limited-Cairo-Egypt?o=343&l=sp&t=sj&a=data |search-v3|navbg,Full Time, males_only  Customer Service/Support  Operations/Management  Customer Service  Customer Care  Sales  Analysis  Sales Target  sales skills  Advertising  Communication, 1 - 2 Yrs of Exp 
Marketing Account Executive,Confidential,"Cairo, Egypt",6 days ago,https://wuzzuf.net/jobs/p/saEExHuXQHI2-Marketing-Account-Executive-Cairo-Egypt?o=344&l=sp&t=sj&a=data |search-v3|navbg,Full Time, Marketing/PR/Advertising  Media/Journalism/Publishing  Business Administration  E-Marketing  Communication  business  Google Analytics  media  Content  Editing, 5 - 10 Yrs of Exp 
Senior SOC Engineer,Union Coop,"Dokki, Giza, Egypt",1 month ago,https://wuzzuf.net/jobs/p/My61M65tcjR0-Senior-SOC-Engineer-Union-Coop-Giza-Egypt?o=345&l=sp&t=sj&a=data |search-v3|navbg,Full Time, IT/Software Development  Engineering - Telecom/Technology  Information Technology (IT)  Computer Science  Security, 3 - 5 Yrs of Exp 
Senior IOS Developer,Al Ahly Capital Holding,"Zamalek, Cairo, Egypt",7 days ago,https://wuzzuf.net/jobs/p/0y4BXtRe31Wk-Senior-IOS-Developer-Al-Ahly-Capital-Holding-Cairo-Egypt?o=346&l=sp&t=sj&a=data |search-v3|navbg,Full Time, IT/Software Development  iOS  Software  OOP  Swift  Software Development  Engineering  Design  Computer Science  Information Technology (IT), 4 - 8 Yrs of Exp 
Junior .NET Developer,Ejada,"Cairo, Egypt",7 days ago,https://wuzzuf.net/jobs/p/nBfGt6HbPERR-Junior-NET-Developer-Ejada-Cairo-Egypt?o=347&l=sp&t=sj&a=data |search-v3|navbg,Full Time, IT/Software Development  .Net  Computer Science, 1 - 3 Yrs of Exp 
Store Keeper,El Mohandess Print House,"10th of Ramadan City, Sharqia, Egypt",7 days ago,https://wuzzuf.net/jobs/p/lpBomWkkTplc-Store-Keeper-El-Mohandess-Print-House-Sharqia-Egypt?o=348&l=sp&t=sj&a=data |search-v3|navbg,Full Time, Logistics/Supply Chain  Store Keeping  Supply Chain  Warehousing  Warehouse  Administration  Business Administration  Logistics, 2 - 3 Yrs of Exp 
Chief Product Officer,Turbo,"Agouza, Giza, Egypt",28 days ago,https://wuzzuf.net/jobs/p/0GBtDKKrwVFE-Chief-Product-Officer-Turbo-Giza-Egypt?o=349&l=sp&t=sj&a=data |search-v3|navbg,Full Time, Logistics/Supply Chain  Product Management  cpo  Logistics  Supply Chain, 5 - 7 Yrs of Exp 
Senior OD Specialist,etisal for advanced industries,"6th of October, Giza, Egypt",23 days ago,https://wuzzuf.net/jobs/p/G2mNmuL3J8JJ-Senior-OD-Specialist-etisal-for-advanced-industries-Giza-Egypt?o=350&l=sp&t=sj&a=data |search-v3|navbg,Full Time, Human Resources  Communication  Human Resources (HR)  Microsoft Office  Skills  MS, 2 - 4 Yrs of Exp 
Procurement Team Leader,Solera,"Cairo, Egypt",8 days ago,https://wuzzuf.net/jobs/p/U5BO46aHUiPH-Procurement-Team-Leader-Solera-Cairo-Egypt?o=351&l=sp&t=sj&a=data |search-v3|navbg,Full Time, Engineering - Mechanical/Electrical  Engineering  Leadership  Communication  Procurement  Mechanical Engineering  Electrical Engineering, 9 - 11 Yrs of Exp 
Backend Developer (PHP Laravel),Cloud Secrets,"Dokki, Giza, Egypt",28 days ago,https://wuzzuf.net/jobs/p/m5Saat9FibwG-Backend-Developer-PHP-Laravel-Cloud-Secrets-Giza-Egypt?o=352&l=sp&t=sj&a=data |search-v3|navbg,Full Time, IT/Software Development  Engineering - Telecom/Technology  Engineering - Other  backend  Backend developer  Computer Science  developer  Information Technology (IT)  Laravel  PHP Laravel, 3 - 10 Yrs of Exp 
Senior IT and Operation Internal Auditor,Confidential,"Mohandessin, Giza, Egypt",8 days ago,https://wuzzuf.net/jobs/p/213T0IZ6mMsy-Senior-IT-and-Operation-Internal-Auditor-Giza-Egypt?o=353&l=sp&t=sj&a=data |search-v3|navbg,Full Time, Accounting/Finance  IT/Software Development  Operations/Management  Accounting  Auditing  Information Technology (IT)  Internal audit  Operations  ERP  CIA, 3 - 6 Yrs of Exp 
Odoo Developer,Arabia for Information Technology,"Cairo, Egypt",8 days ago,https://wuzzuf.net/jobs/p/NdyzaIn7yuBA-Odoo-Developer-Arabia-for-Information-Technology-Cairo-Egypt?o=354&l=sp&t=sj&a=data |search-v3|navbg,Full Time, IT/Software Development  Engineering - Telecom/Technology  Odoo  Python  PostgreSQL  ERP  Odoo Development  Odoo ERP, 3+ Yrs of Exp 
IT Specialist,Confidential,"Qalyub, Qalubia, Egypt",28 days ago,https://wuzzuf.net/jobs/p/yM63ezJ34vLg-IT-Specialist-Qalubia-Egypt?o=355&l=sp&t=sj&a=data |search-v3|navbg,Full Time, IT/Software Development  Project/Program Management  Engineering - Telecom/Technology  IT  Information Technology (IT)  Software  Engineering  Computer Science  Analysis  Software Engineering, 2 - 5 Yrs of Exp 
E-Commerce Specialist,Obsession Boutique,"Cairo, Egypt",18 days ago,https://wuzzuf.net/jobs/p/QTVxtZxhe6RT-E-Commerce-Specialist-Obsession-Boutique-Cairo-Egypt?o=356&l=sp&t=sj&a=data |search-v3|navbg,Full Time, Writing/Editorial  Marketing/PR/Advertising  Media/Journalism/Publishing  Digital Marketing  Digital  E-Marketing  Market Research  Marketing  Social Media  E Commerce, 2+ Yrs of Exp 
Marketing Specialist,Hijab Boutique,"Cairo, Egypt",18 days ago,https://wuzzuf.net/jobs/p/0wbOs1XL737H-Marketing-Specialist-Hijab-Boutique-Cairo-Egypt?o=357&l=sp&t=sj&a=data |search-v3|navbg,Full Time, Marketing/PR/Advertising  Sales/Retail  Digital Marketing  Google Adwords  E-Marketing  Marketing  SEO  Writing  Social Media  Market Research, 1 - 5 Yrs of Exp 
POS Acquiring Implementation Assistant Manager,Masria Digital Payment (MDP),"New Cairo, Cairo, Egypt",9 days ago,https://wuzzuf.net/jobs/p/v610VPC9MRsM-POS-Acquiring-Implementation-Assistant-Manager-Masria-Digital-Payment-MDP-Cairo-Egypt?o=358&l=sp&t=sj&a=data |search-v3|navbg,Full Time, Banking  Operations/Management  Acceptance  ATM  Banking  Management  Oracle  Pos  Sales  Testing, 6 - 8 Yrs of Exp 
Senior POS Acquiring Implementation Engineer,Masria Digital Payment (MDP),"New Cairo, Cairo, Egypt",9 days ago,https://wuzzuf.net/jobs/p/fyXpsiY4gRwl-Senior-POS-Acquiring-Implementation-Engineer-Masria-Digital-Payment-MDP-Cairo-Egypt?o=359&l=sp&t=sj&a=data |search-v3|navbg,Full Time, Banking  IT/Software Development  Engineering - Telecom/Technology  Computer Science  Debugging  Engineering  Information Technology (IT)  Linux  Oracle  Pos, 3 - 5 Yrs of Exp 
ATM Acquiring Implementation Assistant Manager,Masria Digital Payment (MDP),"New Cairo, Cairo, Egypt",9 days ago,https://wuzzuf.net/jobs/p/SM0Yyssj8EP4-ATM-Acquiring-Implementation-Assistant-Manager-Masria-Digital-Payment-MDP-Cairo-Egypt?o=360&l=sp&t=sj&a=data |search-v3|navbg,Full Time, Banking  ATM  Banking Operations  Charge back  Oracle  Pos  Testing, 6 - 8 Yrs of Exp 
Senior ATM Acquiring Implementation Engineer,Masria Digital Payment (MDP),"New Cairo, Cairo, Egypt",9 days ago,https://wuzzuf.net/jobs/p/zi0cAxY0aId2-Senior-ATM-Acquiring-Implementation-Engineer-Masria-Digital-Payment-MDP-Cairo-Egypt?o=361&l=sp&t=sj&a=data |search-v3|navbg,Full Time, Banking  IT/Software Development  Engineering - Telecom/Technology  ATM  Computer Science  Debugging  Engineering  Implementation  is  Linux, 3 - 5 Yrs of Exp 
Senior Oracle Database Developer - KSA,Ejada,"Jeddah, Saudi Arabia",13 days ago,https://wuzzuf.net/jobs/p/64UT0SeEPB85-Senior-Oracle-Database-Developer---KSA-Ejada-Jeddah-Saudi-Arabia?o=362&l=sp&t=sj&a=data |search-v3|navbg,Full Time, IT/Software Development  CI/CD  Information Technology (IT)  Oracle  PostgreSQL, 5+ Yrs of Exp 
sales operations executive,Confidential,"New Cairo, Cairo, Egypt",19 days ago,https://wuzzuf.net/jobs/p/KZg4q2caPs2L-sales-operations-executive-Cairo-Egypt?o=363&l=sp&t=sj&a=data |search-v3|navbg,Full Time, Customer Service/Support  Sales/Retail  Operations  Sales Operations  Real Estate, 3 - 5 Yrs of Exp 
AP Accountant,Partner & More,"New Cairo, Cairo, Egypt",13 days ago,https://wuzzuf.net/jobs/p/nSXAlMDwvEUJ-AP-Accountant-Partner-More-Cairo-Egypt?o=364&l=sp&t=sj&a=data |search-v3|navbg,Full Time, Accounting/Finance  Accounting  AP  ERP  English  Payable  Finance  Accounts Payable  Communication skills  ERP systems, 4 - 5 Yrs of Exp 
Electrical Maintenance Engineer,Wadi Group,"Alsadat City, Monufya, Egypt",13 days ago,https://wuzzuf.net/jobs/p/KeLbRi2l29cu-Electrical-Maintenance-Engineer-Wadi-Group-Monufya-Egypt?o=365&l=sp&t=sj&a=data |search-v3|navbg,Full Time, Engineering - Mechanical/Electrical  Engineering  Maintenance  Electrical Engineering, 2 - 5 Yrs of Exp 
Senior Account Payable Accountant,Interact Technology Solutions,"Maadi, Cairo, Egypt",13 days ago,https://wuzzuf.net/jobs/p/8wG0uP4Bq4QZ-Senior-Account-Payable-Accountant-Interact-Technology-Solutions-Cairo-Egypt?o=366&l=sp&t=sj&a=data |search-v3|navbg,Full Time, Accounting/Finance  Banking  Finance  Accounts Receivable  Microsoft Dynamics  Accounting  Receivable  Financial Analysis  Financial Management  Accounts Payable, 3 - 5 Yrs of Exp 
Financial Planning & Analysis (FP&A) Analyst,Confidential,"Heliopolis, Cairo, Egypt",13 days ago,https://wuzzuf.net/jobs/p/2EDthhj72gdK-Financial-Planning-Analysis-FPA-Analyst-Cairo-Egypt?o=367&l=sp&t=sj&a=data |search-v3|navbg,Full Time, Accounting/Finance  Manufacturing/Production  Analyst/Research  Finance  Financial Management  Financial Analysis  Financial Reporting  Budgeting  SAP  Accounting, 3+ Yrs of Exp 
Senior Marketing Specialist,Cleopatra Developments,"Mohandessin, Giza, Egypt",10 days ago,https://wuzzuf.net/jobs/p/FMlTTy7xapgm-Senior-Marketing-Specialist-Cleopatra-Developments-Giza-Egypt?o=368&l=sp&t=sj&a=data |search-v3|navbg,Full Time, Marketing/PR/Advertising  Marketing  communications  E-Marketing  Communication skills  Communication  Real Estate  real-estate, 4 - 5 Yrs of Exp 
Medical Reviewer -Alexandria,Caduceus Lane,"San Stefano, Alexandria, Egypt",21 days ago,https://wuzzuf.net/jobs/p/tQhq4vlEoqbS-Medical-Reviewer--Alexandria-Caduceus-Lane-Alexandria-Egypt?o=369&l=sp&t=sj&a=data |search-v3|navbg,Full Time, Medical/Healthcare  Pharmaceutical  Pharmacy  Reviewing  Clinical Research  Medical  Scientific Research  Scientific Writing, 6 - 8 Yrs of Exp 
Medical Project Officer - Alexandria,Caduceus Lane,"Alexandria, Egypt",21 days ago,https://wuzzuf.net/jobs/p/wkEwVwd1GS82-Medical-Project-Officer---Alexandria-Caduceus-Lane-Alexandria-Egypt?o=370&l=sp&t=sj&a=data |search-v3|navbg,Full Time, Medical/Healthcare  Project/Program Management  Pharmaceutical  Project Management  Microsoft Office  Medical  PMP  Pharmaceutical  Management  Research, 1 - 3 Yrs of Exp 
System Analyst,Masary,"Maadi, Cairo, Egypt",10 days ago,https://wuzzuf.net/jobs/p/chobFQDjmktX-System-Analyst-Masary-Cairo-Egypt?o=371&l=sp&t=sj&a=data |search-v3|navbg,Full Time, IT/Software Development  Analyst/Research  Analysis  Computer Science  Software Development  Information Systems  Information Technology (IT)  Testing  Software, 2 - 3 Yrs of Exp 
Senior Financial Planning and Analysis,Sky Holding,"Maadi, Cairo, Egypt",10 days ago,https://wuzzuf.net/jobs/p/oT3gvnm7t1xG-Senior-Financial-Planning-and-Analysis-Sky-Holding-Cairo-Egypt?o=372&l=sp&t=sj&a=data |search-v3|navbg,Full Time, Accounting/Finance  Accounting  Accounting Systems  analytical  English  Finance  Financial  Financial Management  Financial Analysis  MS Office, 4 - 10 Yrs of Exp 
Commercial Director,Confidential,"10th of Ramadan City, Sharqia, Egypt",10 days ago,https://wuzzuf.net/jobs/p/DtSQVeNYbH5h-Commercial-Director-Sharqia-Egypt?o=373&l=sp&t=sj&a=data |search-v3|navbg,Full Time, Business Development  Marketing/PR/Advertising  Sales/Retail  Commerce  Management, 15 - 20 Yrs of Exp 
Senior Backend Engineer - Java / Spring Boot,ISFP,"Smouha, Alexandria, Egypt",10 days ago,https://wuzzuf.net/jobs/p/wQVhXptse9GT-Senior-Backend-Engineer---Java-Spring-Boot-ISFP-Alexandria-Egypt?o=374&l=sp&t=sj&a=data |search-v3|navbg,Full Time, IT/Software Development  Engineering - Telecom/Technology  Design Patterns  Java  Software Development  SQL  Spring  Computer Science  Information Technology (IT)  Engineering, 2 - 5 Yrs of Exp 
HR Manager,Urban plates,"New Cairo, Cairo, Egypt",10 days ago,https://wuzzuf.net/jobs/p/PeL9TwIZhrNI-HR-Manager-Urban-plates-Cairo-Egypt?o=375&l=sp&t=sj&a=data |search-v3|navbg,Full Time, Administration  Human Resources  Performance Management  Human Resources (HR)  Management  Hiring  Benefits  Recruitment  Communication, 5 - 7 Yrs of Exp 
Supply Chain Senior Specialist,Confidential,"Mokattam, Cairo, Egypt",10 days ago,https://wuzzuf.net/jobs/p/lpnVXF9Ozmsb-Supply-Chain-Senior-Specialist-Cairo-Egypt?o=376&l=sp&t=sj&a=data |search-v3|navbg,Full Time, Logistics/Supply Chain  Medical/Healthcare  Pharmaceutical  Medical  Pharmacy  Supply Chain  Logistics  Warehousing  Veterinarian  Microsoft Office, 1 - 3 Yrs of Exp 
ElectronJS (Web) Developer,VRapeutic,"Cairo, Egypt",10 days ago,https://wuzzuf.net/jobs/p/uxcZIrFVDTi3-ElectronJS-Web-Developer-VRapeutic-Cairo-Egypt?o=377&l=sp&t=sj&a=data |search-v3|navbg,Freelance / Project, IT/Software Development  Electron  Electronjs  JavaScript  React  Web Development, 2 - 5 Yrs of Exp 
Flutter Developer,Clavis Business Solutions,"6th of October, Giza, Egypt",10 days ago,https://wuzzuf.net/jobs/p/n9S658tPQlgG-Flutter-Developer-Clavis-Business-Solutions-Giza-Egypt?o=378&l=sp&t=sj&a=data |search-v3|navbg,Full Time, IT/Software Development  APIs  RESTful APIs  flutter  Firebase  Computer Science  Software Development  RESTful, 1 - 2 Yrs of Exp 
Sr. Quality Assurance,WSM Co.,"Cairo, Egypt",10 days ago,https://wuzzuf.net/jobs/p/Uhgzxksz2ygY-Sr-Quality-Assurance-WSM-Co-Cairo-Egypt?o=379&l=sp&t=sj&a=data |search-v3|navbg,Full Time, Engineering - Construction/Civil/Architecture  IT/Software Development  Quality  Quality Assurance  Quality Control  QA, 3 - 5 Yrs of Exp 
Odoo Senior Developer,IT Systems Corporation,"6th of October, Giza, Egypt",10 days ago,https://wuzzuf.net/jobs/p/j0UTG7vqx2k8-Odoo-Senior-Developer-IT-Systems-Corporation-Giza-Egypt?o=380&l=sp&t=sj&a=data |search-v3|navbg,Full TimePart TimeWork From Home, IT/Software Development  Engineering - Telecom/Technology  Information Technology (IT)  Computer Science  Python  ODOO  Development  Django  E-commerce  Postgres, 2+ Yrs of Exp 
Full Stack Developer - Laravel/ReactJS/VueJS (FinTech/Community),Bright Creations,"Smart Village, Giza, Egypt",14 days ago,https://wuzzuf.net/jobs/p/ZY0XfCpg5kMZ-Full-Stack-Developer---LaravelReactJSVueJS-FinTechCommunity-Bright-Creations-Giza-Egypt?o=381&l=sp&t=sj&a=data |search-v3|navbg,Full Time, IT/Software Development  Engineering - Telecom/Technology  Engineering  APIs  JavaScript  Laravel  PHP  Vue.js  React.js  Front-End Development, 4+ Yrs of Exp 
Senior Odoo Developer,Peerless,"Mohandessin, Giza, Egypt",14 days ago,https://wuzzuf.net/jobs/p/mPod5Xibz9s6-Senior-Odoo-Developer-Peerless-Giza-Egypt?o=382&l=sp&t=sj&a=data |search-v3|navbg,Full Time, IT/Software Development  Engineering - Telecom/Technology  Odoo  PostgreSQL  jQuery  JavaScript  XML  HTML  Odoo Development  odoo migration, 3 - 5 Yrs of Exp 
Full Stack Developer (Junior or mid level) (.net - angular/react),MiracleEgypt,"Hadayek Alahram, Giza, Egypt",14 days ago,https://wuzzuf.net/jobs/p/t3NWLKCQ1bwc-Full-Stack-Developer-Junior-or-mid-level-net---angularreact-MiracleEgypt-Giza-Egypt?o=383&l=sp&t=sj&a=data |search-v3|navbg,Full Time, IT/Software Development  Full Stack  Full Stack Developer  front-end  developer  Computer Science  Information Technology (IT)  Software Development  React  JavaScript, 0 - 4 Yrs of Exp 
Network And System Administrator,Al Amin Technological Systems,"Heliopolis, Cairo, Egypt",14 days ago,https://wuzzuf.net/jobs/p/o8TvGj8oDkFy-Network-And-System-Administrator-Al-Amin-Technological-Systems-Cairo-Egypt?o=384&l=sp&t=sj&a=data |search-v3|navbg,Full Time, Administration  Installation/Maintenance/Repair  IT/Software Development  Hardware  Information Technology (IT)  network  System Administration  Troubleshooting, 3 - 7 Yrs of Exp 
Senior Information System Officer ( SAP FICO Support & Implementation),Confidential,"New Cairo, Cairo, Egypt",11 days ago,https://wuzzuf.net/jobs/p/Al8xiGTYiTiX-Senior-Information-System-Officer-SAP-FICO-Support-Implementation-Cairo-Egypt?o=385&l=sp&t=sj&a=data |search-v3|navbg,Full Time, IT/Software Development  SAP  Computer Science  Computer Engineering  Software Development  SAP FICO  SAP MM, 2 - 5 Yrs of Exp 
R&D Stability Analyst,Al Andalous Pharmaceutical Industries,"6th of October, Giza, Egypt",14 days ago,https://wuzzuf.net/jobs/p/klG8DMykzrgH-RD-Stability-Analyst-Al-Andalous-Pharmaceutical-Industries-Giza-Egypt?o=386&l=sp&t=sj&a=data |search-v3|navbg,Full Time, R&D/Science  Manufacturing/Production  Pharmaceutical  Pharmaceutical  Research  Analysis  Pharmacy  R&amp;D  Science  Pharmaceutical Industries, 1 - 3 Yrs of Exp 
Piping Engineer (at Suez),Micro Engineering,"Suez, Suez, Egypt",22 days ago,https://wuzzuf.net/jobs/p/mHLJsSJc3QzT-Piping-Engineer-at-Suez-Micro-Engineering-Suez-Egypt?o=387&l=sp&t=sj&a=data |search-v3|navbg,Full Time, Engineering - Mechanical/Electrical  CAD  Communication skills  Mechanical  Mechanical Engineering  Drawing  piping  Pipes  Valves  AutoCAD, 2+ Yrs of Exp 
E-Commerce Director,Shaheen Center,"6th of October, Giza, Egypt",20 days ago,https://wuzzuf.net/jobs/p/BbekUSu8pMpO-E-Commerce-Director-Shaheen-Center-Giza-Egypt?o=388&l=sp&t=sj&a=data |search-v3|navbg,Full Time, Operations/Management  Marketing/PR/Advertising  Media/Journalism/Publishing  E-Commerce  Digital Marketing  E-Marketing  Marketing  media  Microsoft Office  Sales, 5 - 10 Yrs of Exp 
Credit Officer,Confidential,"Maadi, Cairo, Egypt",20 days ago,https://wuzzuf.net/jobs/p/MMHR0aGcpGpd-Credit-Officer-Cairo-Egypt?o=389&l=sp&t=sj&a=data |search-v3|navbg,Full Time, Banking  Analyst/Research  Financial Analysis  credit, 3 - 5 Yrs of Exp 
Senior Financial Auditor,MBCC Egypt,"Cairo, Egypt",22 days ago,https://wuzzuf.net/jobs/p/29Y23dst9XWX-Senior-Financial-Auditor-MBCC-Egypt-Cairo-Egypt?o=390&l=sp&t=sj&a=data |search-v3|navbg,Full Time, Accounting/Finance  Analyst/Research  Financial  Auditing  auditor  CMA  CPA  Finance  Financial Management  Accounting, 7 - 10 Yrs of Exp 
Learning & Development Trainee,LEONI Wiring System Egypt S.A.E,"Nasr City, Cairo, Egypt",22 days ago,https://wuzzuf.net/jobs/p/CDpH0CgXQmsF-Learning-Development-Trainee-LEONI-Wiring-System-Egypt-S-A-E-Cairo-Egypt?o=391&l=sp&t=sj&a=data |search-v3|navbg,Part Time, Human Resources  Development  HR  Human Resources (HR)  learning  Training  Training Management  Culture Management  Leadership Management, 0 - 1 Yrs of Exp 
Senior Admin Assistant,Zewail City,"6th of October, Giza, Egypt",20 days ago,https://wuzzuf.net/jobs/p/Lv03dPnKVKML-Senior-Admin-Assistant-Zewail-City-Giza-Egypt?o=392&l=sp&t=sj&a=data |search-v3|navbg,Full Time, Administration  Administration  Communication  Communication skills  Office management, 6 - 9 Yrs of Exp 
Financial Director,Confidential,"Maadi, Cairo, Egypt",15 days ago,https://wuzzuf.net/jobs/p/oefzkXZX6FTc-Financial-Director-Cairo-Egypt?o=393&l=sp&t=sj&a=data |search-v3|navbg,Full Time, Accounting/Finance  Accounting  Budgeting  Finance  Financial Management  Financial Analysis, 10 - 15 Yrs of Exp 
Freight Forwarding Sales Executive,MTS Logistics,"New Cairo, Cairo, Egypt",15 days ago,https://wuzzuf.net/jobs/p/uR4H9p4KTa1M-Freight-Forwarding-Sales-Executive-MTS-Logistics-Cairo-Egypt?o=394&l=sp&t=sj&a=data |search-v3|navbg,Full Time, Business Development  Logistics/Supply Chain  Sales/Retail  Sales  Customer Service  Market Research  analytical  Freight Forwarding  freight  Logistics, 0 - 2 Yrs of Exp 
Sales Force Effectiveness Manager,Confidential,"Maadi, Cairo, Egypt",20 days ago,https://wuzzuf.net/jobs/p/nWYyG5LSReRP-Sales-Force-Effectiveness-Manager-Cairo-Egypt?o=395&l=sp&t=sj&a=data |search-v3|navbg,Full Time, Analyst/Research  Pharmaceutical  Pharmaceutical  Sales Field  Microsoft Excel  Research Analysis, 5 - 10 Yrs of Exp 
Financial Planning & Analysis Assistant Manager,Network International -Egypt,"New Cairo, Cairo, Egypt",22 days ago,https://wuzzuf.net/jobs/p/i6g83XDZAxBV-Financial-Planning-Analysis-Assistant-Manager-Network-International--Egypt-Cairo-Egypt?o=396&l=sp&t=sj&a=data |search-v3|navbg,Full Time, Accounting/Finance  Analyst/Research  Banking  CMA  Finance  Planning  Reporting  IFRS, 7 - 10 Yrs of Exp 
Senior Technical Content Writer & Designer,RMG,"Cairo, Egypt",13 days ago,https://wuzzuf.net/jobs/p/x8lrpYEsJhtQ-Senior-Technical-Content-Writer-Designer-RMG-Cairo-Egypt?o=397&l=sp&t=sj&a=data |search-v3|navbg,Full Time, IT/Software Development  Engineering - Telecom/Technology  Creative  Design  SEO  technical  Writing  Content  Arabic, 5 - 15 Yrs of Exp 
SAP Senior SAC Consultant,ITGoals,"New Cairo, Cairo, Egypt",1 month ago,https://wuzzuf.net/jobs/p/HlfRM3Lr1tJo-SAP-Senior-SAC-Consultant-ITGoals-Cairo-Egypt?o=398&l=sp&t=sj&a=data |search-v3|navbg,Full Time, Accounting/Finance  IT/Software Development  Engineering - Telecom/Technology  Information Technology (IT)  SAP  Implementing  Computer Science  E2E  BW  SAP Fiori, 10+ Yrs of Exp 
Quality specialist - Al shorouk Hospital,Cleopatra Hospitals Group,"Mohandessin, Giza, Egypt",13 days ago,https://wuzzuf.net/jobs/p/lZSp4v85S1iw-Quality-specialist---Al-shorouk-Hospital-Cleopatra-Hospitals-Group-Giza-Egypt?o=399&l=sp&t=sj&a=data |search-v3|navbg,Full Time, Medical/Healthcare  Quality  Analysis  Communication skills  MEDICINE  quality  TQM  CHQM  GAHAR  Microsoft Office, 1 - 3 Yrs of Exp 
Senior IOS Developer,Confidential,"Cairo, Egypt",13 days ago,https://wuzzuf.net/jobs/p/Eggf7JOSCBsm-Senior-IOS-Developer-Cairo-Egypt?o=400&l=sp&t=sj&a=data |search-v3|navbg,Full TimeWork From Home, Engineering - Construction/Civil/Architecture  Business Development  IT/Software Development  Computer Science  Information Technology (IT)  Software Development  Software Engineering  OS  APIs  Design, 4+ Yrs of Exp 
Airline Ticketing & Reservation Agent,Zekri Tours,"Giza, Giza, Egypt",13 days ago,https://wuzzuf.net/jobs/p/H6Obad0fB7q2-Airline-Ticketing-Reservation-Agent-Zekri-Tours-Giza-Egypt?o=401&l=sp&t=sj&a=data |search-v3|navbg,Full Time, Tourism/Travel  Aviation  Amadeus  Ticketing  Customer Service  Customer Care  Tourism, 2 - 5 Yrs of Exp 
local Purchasing Specialist( Home Appliances),Confidential,"Obour City, Cairo, Egypt",13 days ago,https://wuzzuf.net/jobs/p/zVzp6GjDIKyj-local-Purchasing-Specialist-Home-Appliances-Cairo-Egypt?o=402&l=sp&t=sj&a=data |search-v3|navbg,Full Time, Logistics/Supply Chain  Purchasing/Procurement  Purchasing  Procurement  Logistics  Supply Chain  Foreign Purchasing  English  ERP  Communication Skills, 1 - 4 Yrs of Exp 
Devops Engineer,Reach,"New Cairo, Cairo, Egypt",13 days ago,https://wuzzuf.net/jobs/p/pHJDmIghn1hi-Devops-Engineer-Reach-Cairo-Egypt?o=403&l=sp&t=sj&a=data |search-v3|navbg,Part TimeWork From Home, IT/Software Development  Engineering - Telecom/Technology  Startup  Information Technology (IT)  Engineering  Computer Science  AWS  DevOps  Docker  RDS, 2 - 3 Yrs of Exp 
Local Purchasing Specialist,National Electricity Technology Co.,"Agouza, Giza, Egypt",13 days ago,https://wuzzuf.net/jobs/p/HuTNZoy4FRiB-Local-Purchasing-Specialist-National-Electricity-Technology-Co-Giza-Egypt?o=404&l=sp&t=sj&a=data |search-v3|navbg,Full Time, males_preferred  Logistics/Supply Chain  Purchasing/Procurement  Engineering - Oil & Gas/Energy  Supply Chain  Logistics Operations  Procurement  Communication skills  Negotation skills  Purchasing  Local Purchasing, 2 - 4 Yrs of Exp 
Senior Android Developer,Al Ahly Momkn for e-payment,"Maadi, Cairo, Egypt",13 days ago,https://wuzzuf.net/jobs/p/HFmBSDDQZIev-Senior-Android-Developer-Al-Ahly-Momkn-for-e-payment-Cairo-Egypt?o=405&l=sp&t=sj&a=data |search-v3|navbg,Full Time, IT/Software Development  Engineering - Telecom/Technology  Android  Kotlin  Software Development  Information Technology (IT)  Computer Science  Java  Software Engineering  REST, 2 - 5 Yrs of Exp 
Senior iOS Developer,Al Ahly Momkn for e-payment,"Maadi, Cairo, Egypt",13 days ago,https://wuzzuf.net/jobs/p/rtkZbdoiq8dF-Senior-iOS-Developer-Al-Ahly-Momkn-for-e-payment-Cairo-Egypt?o=406&l=sp&t=sj&a=data |search-v3|navbg,Full Time, IT/Software Development  Engineering - Telecom/Technology  iOS  Mobile Development  Software Development  Information Technology (IT)  Computer Science  Software Engineering  REST  Information technology, 2 - 5 Yrs of Exp 
Shop Drawing Structural Engineer,Setec Egypte,"Heliopolis, Cairo, Egypt",16 days ago,https://wuzzuf.net/jobs/p/9jrAUS8n9PSO-Shop-Drawing-Structural-Engineer-Setec-Egypte-Cairo-Egypt?o=407&l=sp&t=sj&a=data |search-v3|navbg,Full Time, Engineering - Construction/Civil/Architecture  Creative/Design/Art  Engineering  Shop Drawings  Technical Office  Auto CAD  Civil  Drawing  CAD  AutoCAD, 2 - 3 Yrs of Exp 
Structural Design Civil Engineer,Setec Egypte,"Heliopolis, Cairo, Egypt",16 days ago,https://wuzzuf.net/jobs/p/Zrf5Vv9dKGU9-Structural-Design-Civil-Engineer-Setec-Egypte-Cairo-Egypt?o=408&l=sp&t=sj&a=data |search-v3|navbg,Full Time, Engineering - Construction/Civil/Architecture  Creative/Design/Art  Auto cad  CAD  Civil  Design  Engineering  Tekla  ETABS  SAP, 1 - 2 Yrs of Exp 
Junior Geomatics Engineer (Civil).,Micro Engineering,"Heliopolis, Cairo, Egypt",16 days ago,https://wuzzuf.net/jobs/p/jxx54xooiYtP-Junior-Geomatics-Engineer-Civil-Micro-Engineering-Cairo-Egypt?o=409&l=sp&t=sj&a=data |search-v3|navbg,Full Time, Engineering - Other  CAD  Civil Engineering  Communication skills  gps  Information Technology (IT), 0 - 1 Yrs of Exp 
Senior Financial Analyst,Al Dau Development,"6th of October, Giza, Egypt",16 days ago,https://wuzzuf.net/jobs/p/BKg5o9n8XPjf-Senior-Financial-Analyst-Al-Dau-Development-Giza-Egypt?o=410&l=sp&t=sj&a=data |search-v3|navbg,Full Time, Accounting/Finance  Analyst/Research  business  Financial  English  Financial Management  Financial Analysis, 4 - 6 Yrs of Exp 
Senior Logistics Specialist ( Import ),FRIDAL,"Haram, Giza, Egypt",16 days ago,https://wuzzuf.net/jobs/p/7cUG0JC9GfZ2-Senior-Logistics-Specialist-Import-FRIDAL-Giza-Egypt?o=411&l=sp&t=sj&a=data |search-v3|navbg,Full Time, Logistics/Supply Chain  Logistics  Supply  Import / Export, 3 - 5 Yrs of Exp 
Marketing Communications Executive - UHI,WebBeds,"Nasr City, Cairo, Egypt",1 month ago,https://wuzzuf.net/jobs/p/h4lh1kj61QMW-Marketing-Communications-Executive---UHI-WebBeds-Cairo-Egypt?o=412&l=sp&t=sj&a=data |search-v3|navbg,Full Time, Operations/Management  Marketing/PR/Advertising  Tourism/Travel  Communication skills  Marketing  media  Sales  Design  Social Media  Tourism, 3 - 5 Yrs of Exp 
Digital Marketing Manager,Dusk Travel,"Dokki, Giza, Egypt",21 days ago,https://wuzzuf.net/jobs/p/N4qFPjJf4Qkx-Digital-Marketing-Manager-Dusk-Travel-Giza-Egypt?o=413&l=sp&t=sj&a=data |search-v3|navbg,Full Time, Tourism/Travel  Digital Marketing  Online Marketing  Google Analytics  Online Sales  Social Media, 10 - 12 Yrs of Exp 
Account Executive,Promech Engineering,"Maadi, Cairo, Egypt",21 days ago,https://wuzzuf.net/jobs/p/AZ4biVQc1jm3-Account-Executive-Promech-Engineering-Cairo-Egypt?o=414&l=sp&t=sj&a=data |search-v3|navbg,Full Time, Customer Service/Support  Marketing/PR/Advertising  CRM  Communication skills  sales skills, 2 - 3 Yrs of Exp 
Senior BI Developer,Softec Technologies,"Maadi, Cairo, Egypt",1 month ago,https://wuzzuf.net/jobs/p/DJF950GFeDhE-Senior-BI-Developer-Softec-Technologies-Cairo-Egypt?o=415&l=sp&t=sj&a=data |search-v3|navbg,Full Time, IT/Software Development  Engineering - Telecom/Technology  Information Technology (IT)  BI  #Software  SQL  Computer Science  OLAP  SSRS  SSAS, 5 - 7 Yrs of Exp 
Assistant Brand Manager,UNiSTAR,"Badr City, Cairo, Egypt",21 days ago,https://wuzzuf.net/jobs/p/LPoKwXHQjobM-Assistant-Brand-Manager-UNiSTAR-Cairo-Egypt?o=416&l=sp&t=sj&a=data |search-v3|navbg,Full Time, Manufacturing/Production  Marketing/PR/Advertising  Advertising  Brand Management  Marketing, 2 - 3 Yrs of Exp 
German Teacher - 6 of October City,GEMS Education,"6th of October, Giza, Egypt",21 days ago,https://wuzzuf.net/jobs/p/dzOFJop1aCGJ-German-Teacher---6-of-October-City-GEMS-Education-Giza-Egypt?o=417&l=sp&t=sj&a=data |search-v3|navbg,Full Time, Education/Teaching  Teaching  Education  School  German Teacher  German Teaching  Teacher, 3 - 5 Yrs of Exp 
Marketing Specialist,Tamweely,"Shubra, Cairo, Egypt",23 days ago,https://wuzzuf.net/jobs/p/0haOfvtHpRb9-Marketing-Specialist-Tamweely-Cairo-Egypt?o=418&l=sp&t=sj&a=data |search-v3|navbg,Full Time, Marketing/PR/Advertising  Marketing  E-Marketing, 2 - 4 Yrs of Exp 
Food Safety Supervisor,Blue Ribbon,"New Cairo, Cairo, Egypt",14 days ago,https://wuzzuf.net/jobs/p/1w36wuvBALNP-Food-Safety-Supervisor-Blue-Ribbon-Cairo-Egypt?o=419&l=sp&t=sj&a=data |search-v3|navbg,Full Time, Hospitality/Hotels/Food Services  Quality  Engineering - Other  Analysis  Food  food safety  English  Hygiene  Microsoft Office  quality, 3 - 5 Yrs of Exp 
HSE Supervisor,Blue Ribbon,"New Cairo, Cairo, Egypt",14 days ago,https://wuzzuf.net/jobs/p/28hZvBAJpGiA-HSE-Supervisor-Blue-Ribbon-Cairo-Egypt?o=420&l=sp&t=sj&a=data |search-v3|navbg,Full Time, R&D/Science  Quality  Engineering - Other  Engineering  Health &amp; Safety  English  HSE  Management  Microsoft Office  quality, 3 - 5 Yrs of Exp 
Senior Registrar,Zewail City,"6th of October, Giza, Egypt",14 days ago,https://wuzzuf.net/jobs/p/kUGfesEKHhA2-Senior-Registrar-Zewail-City-Giza-Egypt?o=421&l=sp&t=sj&a=data |search-v3|navbg,Full Time, Administration  Education/Teaching  registrar  Admission  education  Administration  Microsoft Office, 3 - 5 Yrs of Exp 
Senior Quality Assurance Specialist,ITS,"Nasr City, Cairo, Egypt",14 days ago,https://wuzzuf.net/jobs/p/JwulvyI8aktv-Senior-Quality-Assurance-Specialist-ITS-Cairo-Egypt?o=422&l=sp&t=sj&a=data |search-v3|navbg,Full Time, IT/Software Development  Quality  Engineering - Telecom/Technology  Quality Assurance  QA  Analysis, 7 - 10 Yrs of Exp 
Purchasing Manager (Agriculture),Cairo Three A  for Agricultural and Animal Production,"New Cairo, Cairo, Egypt",14 days ago,https://wuzzuf.net/jobs/p/qy6liqpIxMDb-Purchasing-Manager-Agriculture-Cairo-Three-A-for-Agricultural-and-Animal-Production-Cairo-Egypt?o=423&l=sp&t=sj&a=data |search-v3|navbg,Full Time, Logistics/Supply Chain  Purchasing/Procurement  Purchasing  Procurement  Logistics  Supply Chain, 7+ Yrs of Exp 
Planning Engineer / Project Control Engineer,Rowad Modern Engineering,"Ibsheway, Fayoum, Egypt",17 days ago,https://wuzzuf.net/jobs/p/uB33pmtbxAqX-Planning-Engineer-Project-Control-Engineer-Rowad-Modern-Engineering-Fayoum-Egypt?o=424&l=sp&t=sj&a=data |search-v3|navbg,Full Time, Engineering - Construction/Civil/Architecture  Planning  Planning Engineer  Civil Engineering  Primavera  Construction  Mega Projects  Engineering  Civil  Architectural, 2+ Yrs of Exp 
Odoo Developer,Al-hakeema,"Nasr City, Cairo, Egypt",17 days ago,https://wuzzuf.net/jobs/p/dwYaww9FHg3a-Odoo-Developer-Al-hakeema-Cairo-Egypt?o=425&l=sp&t=sj&a=data |search-v3|navbg,Full Time, males_preferred  IT/Software Development  Implementation  ERP  Engineering  Computer Science  Sales  Odoo ERP  Odoo  MVC  Information Technology (IT), 2 - 5 Yrs of Exp 
Senior Financial Reporting Accountant,IRSC,"Mokattam, Cairo, Egypt",17 days ago,https://wuzzuf.net/jobs/p/yDiRgMW0cUZF-Senior-Financial-Reporting-Accountant-IRSC-Cairo-Egypt?o=426&l=sp&t=sj&a=data |search-v3|navbg,Full Time, Accounting/Finance  Finance  Accounting  Financial Analysis  Reporting  English, 3 - 5 Yrs of Exp 
Architectural Tender Technical Office Engineer,Confidential,"Katameya, Cairo, Egypt",17 days ago,https://wuzzuf.net/jobs/p/mdYk2WdKsXOF-Architectural-Tender-Technical-Office-Engineer-Cairo-Egypt?o=427&l=sp&t=sj&a=data |search-v3|navbg,Full Time, Engineering - Construction/Civil/Architecture  tender  Technical Office, 5 - 6 Yrs of Exp 
Regular/Senior C++ Developer,Luxoft (A DXC Technology Company),"Cairo, Egypt",22 days ago,https://wuzzuf.net/jobs/p/Ay20zZ2MDsyT-RegularSenior-C-Developer-Luxoft-A-DXC-Technology-Company-Cairo-Egypt?o=428&l=sp&t=sj&a=data |search-v3|navbg,Full Time, IT/Software Development  C++  Python  Software Development  Software  Programming, 3 - 5 Yrs of Exp 
English Operation Supervisor,Majorel Egypt,"Alexandria, Egypt",24 days ago,https://wuzzuf.net/jobs/p/2Sxe6RHjQPIW-English-Operation-Supervisor-Majorel-Egypt-Alexandria-Egypt?o=429&l=sp&t=sj&a=data |search-v3|navbg,Full Time, Customer Service/Support  Operations/Management  Communication  Communication skills  Customer Support  Leadership  Management  Operations  COPC  English, 1 - 2 Yrs of Exp 
German Operation Supervisor,Majorel Egypt,"Alexandria, Egypt",24 days ago,https://wuzzuf.net/jobs/p/5NfAJ2fQjfV4-German-Operation-Supervisor-Majorel-Egypt-Alexandria-Egypt?o=430&l=sp&t=sj&a=data |search-v3|navbg,Full Time, Customer Service/Support  Operations/Management  Communication  Communication skills  Customer Support  Leadership  Management  Operations  COPC  English, 1 - 1 Yrs of Exp 
Quality Control Engineer - Export stations (Fresh Fruits),Confidential,"Cairo, Egypt",1 month ago,https://wuzzuf.net/jobs/p/Rc0b1uTPsURW-Quality-Control-Engineer---Export-stations-Fresh-Fruits-Cairo-Egypt?o=431&l=sp&t=sj&a=data |search-v3|navbg,Full Time, Operations/Management  Quality  English  Quality Control, 3 - 6 Yrs of Exp 
ERP Application Software Develper,Aschl Management Systems,"Linz, Austria",22 days ago,https://wuzzuf.net/jobs/p/QzcqDxI4nJZ4-ERP-Application-Software-Develper-Aschl-Management-Systems-Linz-Austria?o=432&l=sp&t=sj&a=data |search-v3|navbg,Full TimeWork From Home, IT/Software Development  Software engineer  Software Engineering  Software Development, 2 - 3 Yrs of Exp 
JR Digital Marketing Specialist,Gap Polymers,"Maadi, Cairo, Egypt",15 days ago,https://wuzzuf.net/jobs/p/yulNtS1BU5Qz-JR-Digital-Marketing-Specialist-Gap-Polymers-Cairo-Egypt?o=433&l=sp&t=sj&a=data |search-v3|navbg,Full Time, Marketing/PR/Advertising  SEM  SEO  E-Marketing  Digital Marketing  Digital  campaigns  Advertising  Online Marketing  Social Media, 1 - 3 Yrs of Exp 
Odoo Developer,arabianopensource,"Cairo, Egypt",15 days ago,https://wuzzuf.net/jobs/p/MPoCwtjvdEzV-Odoo-Developer-arabianopensource-Cairo-Egypt?o=434&l=sp&t=sj&a=data |search-v3|navbg,Full TimePart Time, IT/Software Development  Python  Information Technology (IT)  Odoo  SQL  XML  Programming  Front end  JavaScript  PostgreSQL, 1 - 4 Yrs of Exp 
Store Accountant,Saeed Saadan Shehata & Partners Co.,"Downtown, Cairo, Egypt",15 days ago,https://wuzzuf.net/jobs/p/9q5ljmAQk7ea-Store-Accountant-Saeed-Saadan-Shehata-Partners-Co-Cairo-Egypt?o=435&l=sp&t=sj&a=data |search-v3|navbg,Full Time, Accounting/Finance  Accounting  Financial Analysis  Transactions, 3+ Yrs of Exp 
Senior Oracle HCM Functional Consultant,Ejada,"Riyadh, Saudi Arabia",22 days ago,https://wuzzuf.net/jobs/p/4is4KAuqAPmH-Senior-Oracle-HCM-Functional-Consultant-Ejada-Riyadh-Saudi-Arabia?o=436&l=sp&t=sj&a=data |search-v3|navbg,Full Time, IT/Software Development  Computer Science  Cloud  HCM  Implementations, 5+ Yrs of Exp 
HSE Officer,Egypro FME,"Maadi, Cairo, Egypt",15 days ago,https://wuzzuf.net/jobs/p/Hs9u3lyomD8g-HSE-Officer-Egypro-FME-Cairo-Egypt?o=437&l=sp&t=sj&a=data |search-v3|navbg,Full Time," Engineering - Construction/Civil/Architecture  Quality  Engineering - Other  HSE  Safety  Health, Safety and Environment  Microsoft Office  English  Engineering  quality", 1 - 4 Yrs of Exp 
Marketing Associate,AL MOTAHEDA,"New Cairo, Cairo, Egypt",15 days ago,https://wuzzuf.net/jobs/p/2RHRSCysXpiL-Marketing-Associate-AL-MOTAHEDA-Cairo-Egypt?o=438&l=sp&t=sj&a=data |search-v3|navbg,Full Time, Marketing/PR/Advertising  Digital Marketing  Social Media  Content Creation  B2B Marketing  Electronic Marketing  Strategic Marketing  Web Marketing, 3 - 5 Yrs of Exp 
Financial Planning and Analysis Section Head,Corona,"Giza, Egypt",15 days ago,https://wuzzuf.net/jobs/p/HFp6NoPiqvcB-Financial-Planning-and-Analysis-Section-Head-Corona-Giza-Egypt?o=439&l=sp&t=sj&a=data |search-v3|navbg,Full Time, Accounting/Finance  Finance  Financial Analysis  MS Office  FMCG  Accounting, 3 - 5 Yrs of Exp 
BI Analyst,Confidential,"6th of October, Giza, Egypt",1 month ago,https://wuzzuf.net/jobs/p/nu5jlwYbiqNc-BI-Analyst-Giza-Egypt?o=440&l=sp&t=sj&a=data |search-v3|navbg,Full Time, Engineering - Telecom/Technology  analytical  business  Business Intelligence  Communication skills  Information technology  Power BI  BI  Computer Science, 2 - 3 Yrs of Exp 
Digital Marketing Specialist,Misr Insurance Co,"Giza, Egypt",22 days ago,https://wuzzuf.net/jobs/p/J3RhdFmbf3kt-Digital-Marketing-Specialist-Misr-Insurance-Co-Giza-Egypt?o=441&l=sp&t=sj&a=data |search-v3|navbg,Full Time, Marketing/PR/Advertising  Media/Journalism/Publishing  Marketing  Social Media  Digital Marketing, 1 - 3 Yrs of Exp 
Senior Media Buyer,Confidential,"Mohandessin, Giza, Egypt",18 days ago,https://wuzzuf.net/jobs/p/aD0DYYiF2XHc-Senior-Media-Buyer-Giza-Egypt?o=442&l=sp&t=sj&a=data |search-v3|navbg,Full Time, Marketing/PR/Advertising  Media/Journalism/Publishing  Buyer  Media Buyer  Digital Marketing  media  facebook  Social Media  Marketing  communications, 6 - 8 Yrs of Exp 
Oracle Apex Developer,Dorra Group,"6th of October, Giza, Egypt",16 days ago,https://wuzzuf.net/jobs/p/qOQVzKl7lc21-Oracle-Apex-Developer-Dorra-Group-Giza-Egypt?o=443&l=sp&t=sj&a=data |search-v3|navbg,Full Time, IT/Software Development  Engineering - Telecom/Technology  Computer Science  PL/SQL  Information Technology (IT)  Software Development  SQL  Oracle Database  Oracle  CSS, 3 - 3 Yrs of Exp 
Marketing Specialist,Confidential,"Cairo, Egypt",16 days ago,https://wuzzuf.net/jobs/p/1tWxMnZaUL6h-Marketing-Specialist-Cairo-Egypt?o=444&l=sp&t=sj&a=data |search-v3|navbg,Full TimeWork From Home, Marketing/PR/Advertising  business  campaigns  Communication  Content  E-Marketing  Editing  Management  Marketing  Project Management, 3 - 6 Yrs of Exp 
Sales Manager,Tempted,"Shorouk City, Cairo, Egypt",16 days ago,https://wuzzuf.net/jobs/p/0KVg9jRjEvPl-Sales-Manager-Tempted-Cairo-Egypt?o=445&l=sp&t=sj&a=data |search-v3|navbg,Full Time, Sales/Retail  Sales Target  Management  Leadership  sales skills  Communication skills  Presentation Skills, 0 - 2 Yrs of Exp 
Quality Assurance Officer,Ibn Sina Pharma,"Cairo, Egypt",16 days ago,https://wuzzuf.net/jobs/p/ArRReKqR0c0E-Quality-Assurance-Officer-Ibn-Sina-Pharma-Cairo-Egypt?o=446&l=sp&t=sj&a=data |search-v3|navbg,Full Time, Quality  Communication  Communication skills  Analysis  QA  Quality Assurance  Quality Control  quality  Training  Skills, 0 - 3 Yrs of Exp 
"Quality Control Specialist "" IPC """,Confidential,"Bourj Alarab, Alexandria, Egypt",16 days ago,https://wuzzuf.net/jobs/p/TENHfWpFqpJc-Quality-Control-Specialist-IPC-Alexandria-Egypt?o=447&l=sp&t=sj&a=data |search-v3|navbg,Full Time, Quality  Agriculture  FMCG  quality  Quality Assurance  Quality Control  Control, 1 - 2 Yrs of Exp 
Quality Assurance Specialist - Medical Digitization,Digital Bridges,"Maadi, Cairo, Egypt",16 days ago,https://wuzzuf.net/jobs/p/KVewItCrcc9o-Quality-Assurance-Specialist---Medical-Digitization-Digital-Bridges-Cairo-Egypt?o=448&l=sp&t=sj&a=data |search-v3|navbg,Full Time, Medical/Healthcare  Quality  Pharmaceutical  Pharmacy  Medical Digitization  Quality Assurance  Microsoft Excel  Microsoft Powerpoint  Presentations  Detail Oriented, 1+ Yrs of Exp 
Marketing Specialist,Confidential,"Haram, Giza, Egypt",1 month ago,https://wuzzuf.net/jobs/p/YjriLiYyXnJR-Marketing-Specialist-Giza-Egypt?o=449&l=sp&t=sj&a=data |search-v3|navbg,Full TimePart TimeWork From Home, Marketing/PR/Advertising  Markerting  Specialist  Research  Planning  Digital Marketing  Managment  Online Marketing  Web Marketing  Marketing Research, 2 - 6 Yrs of Exp 
Android Developer,Fawry for Banking Technology and Electronic Payments S.A.E,"6th of October, Giza, Egypt",23 days ago,https://wuzzuf.net/jobs/p/GyD6I63BW8dR-Android-Developer-Fawry-for-Banking-Technology-and-Electronic-Payments-S-A-E-Giza-Egypt?o=450&l=sp&t=sj&a=data |search-v3|navbg,Full Time, IT/Software Development  Engineering - Telecom/Technology  Information Technology (IT)  Software Development  Computer Science  Android  ITI  RESTful  MVC  Git, 2 - 4 Yrs of Exp 
Internal Audit,Neisco for Modern Water Systems Production,"Nasr City, Cairo, Egypt",17 days ago,https://wuzzuf.net/jobs/p/o1Q6VgvP54h2-Internal-Audit-Neisco-for-Modern-Water-Systems-Production-Cairo-Egypt?o=451&l=sp&t=sj&a=data |search-v3|navbg,Full Time, Accounting/Finance  Auditing  ERP  Internal auditing  MS Office  Accounting  Financial Analysis, 2 - 3 Yrs of Exp 
Senior Odoo ERP Consultant \ implementer,arabianopensource,"Helwan, Cairo, Egypt",17 days ago,https://wuzzuf.net/jobs/p/GprTr49pTMKL-Senior-Odoo-ERP-Consultant-implementer-arabianopensource-Cairo-Egypt?o=452&l=sp&t=sj&a=data |search-v3|navbg,Full Time, Accounting/Finance  IT/Software Development  Engineering - Telecom/Technology  Odoo  Information Technology (IT)  ERP System  Odoo ERP  ERP  Consultant, 2 - 4 Yrs of Exp 
Team leader & Senior Fullstack Developer,Exceed,"Cairo, Egypt",19 days ago,https://wuzzuf.net/jobs/p/OiVg9YF14Ouw-Team-leader-Senior-Fullstack-Developer-Exceed-Cairo-Egypt?o=453&l=sp&t=sj&a=data |search-v3|navbg,Full TimeWork From Home, IT/Software Development  Engineering - Telecom/Technology  Laravel  MySQL  PHP  API  Computer Science  Software Development  REST  Information Technology (IT), 4 - 10 Yrs of Exp 
Financial Manager,ESC,"New Cairo, Cairo, Egypt",17 days ago,https://wuzzuf.net/jobs/p/x8uBWzyf2GIt-Financial-Manager-ESC-Cairo-Egypt?o=454&l=sp&t=sj&a=data |search-v3|navbg,Full Time, Accounting/Finance  Finance  Accounting  Real Estate  Financial Management  Financial  excel  Business Administration  Financial Analysis, 7 - 12 Yrs of Exp 
Technical Writer,Ejada,"Cairo, Egypt",17 days ago,https://wuzzuf.net/jobs/p/PsRW0t2eD6yd-Technical-Writer-Ejada-Cairo-Egypt?o=455&l=sp&t=sj&a=data |search-v3|navbg,Full Time, IT/Software Development  Content  Information Technology (IT)  Technical Writing, 2 - 5 Yrs of Exp 
Talent Acquisition Associate,Grifols Egypt for Plasma Derivatives,"New Cairo, Cairo, Egypt",17 days ago,https://wuzzuf.net/jobs/p/iW71WTNQVcA0-Talent-Acquisition-Associate-Grifols-Egypt-for-Plasma-Derivatives-Cairo-Egypt?o=456&l=sp&t=sj&a=data |search-v3|navbg,Full Time, Human Resources  Recruitment  Human Resources, 1 - 3 Yrs of Exp 
Ops Quality Assurance Specialist,Breadfast,"Cairo, Egypt",17 days ago,https://wuzzuf.net/jobs/p/9BRq9QMfuEUr-Ops-Quality-Assurance-Specialist-Breadfast-Cairo-Egypt?o=457&l=sp&t=sj&a=data |search-v3|navbg,Full Time, Operations/Management  Quality  Operations  quality  QA  Quality Assurance  Quality Control  Communication skills  Communication  Analysis, 3 - 5 Yrs of Exp 
Real Estate Sales section head,AlGammal Contracting,"Nasr City, Cairo, Egypt",17 days ago,https://wuzzuf.net/jobs/p/uxh7srlJruiy-Real-Estate-Sales-section-head-AlGammal-Contracting-Cairo-Egypt?o=458&l=sp&t=sj&a=data |search-v3|navbg,Full Time, Customer Service/Support  Sales/Retail  business  Customer Service  sales skills  Sales Target  Sales  Real Estate  Experience  Skills, 7 - 10 Yrs of Exp 
Senior iOS Developer,Your Parts,"Maadi, Cairo, Egypt",17 days ago,https://wuzzuf.net/jobs/p/208jbv18R7Re-Senior-iOS-Developer-Your-Parts-Cairo-Egypt?o=459&l=sp&t=sj&a=data |search-v3|navbg,Full Time, IT/Software Development  Engineering - Telecom/Technology  Computer Science  Information Technology (IT)  Software Development  iOS  Swift  APIs  Mobile Development  Software Engineering, 3+ Yrs of Exp 
Oracle E-Business Suite,BBI-Consultancy,"Cairo, Egypt",24 days ago,https://wuzzuf.net/jobs/p/bTOp0dVboXgK-Oracle-E-Business-Suite-BBI-Consultancy-Cairo-Egypt?o=460&l=sp&t=sj&a=data |search-v3|navbg,Full Time, Banking  IT/Software Development  Oracle E-Business Suite (EPS)  Oracle  ERP, 5 - 10 Yrs of Exp 
Senior UX Designer,Softec Technologies,"Cairo, Egypt",24 days ago,https://wuzzuf.net/jobs/p/IeNIgZHlj838-Senior-UX-Designer-Softec-Technologies-Cairo-Egypt?o=461&l=sp&t=sj&a=data |search-v3|navbg,Full Time, IT/Software Development  Adobe Photoshop  HTML  Design  UX Design  CSS, 3 - 5 Yrs of Exp 
Marketing section head (Real Estate),AlGammal Contracting,"Nasr City, Cairo, Egypt",18 days ago,https://wuzzuf.net/jobs/p/fyRshW2kvRUK-Marketing-section-head-Real-Estate-AlGammal-Contracting-Cairo-Egypt?o=462&l=sp&t=sj&a=data |search-v3|navbg,Full Time, Marketing/PR/Advertising  Media/Journalism/Publishing  Marketing  Customer Service  Management  Administration  business  Business Administration  Communication  Analysis, 7 - 10 Yrs of Exp 
Telesales Representative,Webhelp,"New Cairo, Cairo, Egypt",20 days ago,https://wuzzuf.net/jobs/p/XMpj6m2C60RY-Telesales-Representative-Webhelp-Cairo-Egypt?o=463&l=sp&t=sj&a=data |search-v3|navbg,Full TimeShift Based, Sales/Retail  Customer Service  English  Sales  sales skills  Telesales, Customer Service/Support 
Medical Audit Specialist,Sidra,"Heliopolis, Cairo, Egypt",20 days ago,https://wuzzuf.net/jobs/p/qKPyJGAjZLzg-Medical-Audit-Specialist-Sidra-Cairo-Egypt?o=464&l=sp&t=sj&a=data |search-v3|navbg,Full Time, Medical/Healthcare  Pharmaceutical  Auditing  Insurance  MEDICINE  Hospitality  Claims Auditing, 2 - 4 Yrs of Exp 
Sales Head,Al Salam Company,"10th of Ramadan City, Sharqia, Egypt",20 days ago,https://wuzzuf.net/jobs/p/xKmIs6r9Mg2I-Sales-Head-Al-Salam-Company-Sharqia-Egypt?o=465&l=sp&t=sj&a=data |search-v3|navbg,Full Time, Business Development  Sales/Retail  sales skills  Sales Target  Sales Manager  Sales  B2B Sales  B2B Marketing  B2B, 5+ Yrs of Exp 
Intellectual Property/Patent Engineer,Elaraby Group,"Banha, Qalubia, Egypt",24 days ago,https://wuzzuf.net/jobs/p/qEfnnvSI5ptn-Intellectual-PropertyPatent-Engineer-Elaraby-Group-Qalubia-Egypt?o=466&l=sp&t=sj&a=data |search-v3|navbg,Full Time, R&D/Science  Analyst/Research  Engineering - Mechanical/Electrical  PATENT  Property  intellectual property  Engineering  Development  Mechanical Engineering, 1 - 3 Yrs of Exp 
Marketing Executive,Arabco Developments,"New Cairo, Cairo, Egypt",18 days ago,https://wuzzuf.net/jobs/p/zr2soQDLtKnc-Marketing-Executive-Arabco-Developments-Cairo-Egypt?o=467&l=sp&t=sj&a=data |search-v3|navbg,Full Time, Marketing/PR/Advertising  Marketing  marketing executive, 2 - 3 Yrs of Exp 
Spare Parts Coordinator,T&D Design,"New Cairo, Cairo, Egypt",20 days ago,https://wuzzuf.net/jobs/p/Y7fpc12ez1lK-Spare-Parts-Coordinator-TD-Design-Cairo-Egypt?o=468&l=sp&t=sj&a=data |search-v3|navbg,Full Time, Administration  Administration  Microsoft Excel  Computer Skills  Microsoft Office  Secretary  Customer Service  Purchasing  Logistics, 1 - 3 Yrs of Exp 
Associate Business Researcher (Skyminder),CRIF EGYPT,"Heliopolis, Cairo, Egypt",21 days ago,https://wuzzuf.net/jobs/p/2R4HfvOoAC25-Associate-Business-Researcher-Skyminder-CRIF-EGYPT-Cairo-Egypt?o=469&l=sp&t=sj&a=data |search-v3|navbg,Full Time, Business Development  Analyst/Research  Research  Analysis  Market Research  Finance  MS Office  Postgraduate  Business Development, 3 - 5 Yrs of Exp 
Associate Business Researcher - Skyminder,CRIF EGYPT,"Heliopolis, Cairo, Egypt",21 days ago,https://wuzzuf.net/jobs/p/FEDcsFSwctuv-Associate-Business-Researcher---Skyminder-CRIF-EGYPT-Cairo-Egypt?o=470&l=sp&t=sj&a=data |search-v3|navbg,Full Time, Business Development  Analyst/Research  Research  Analysis  Market Research  Finance  MS Office  Postgraduate  Business Development, 3 - 5 Yrs of Exp 
Senior Accountant - Real Estate,Confidential,"Cairo, Egypt",21 days ago,https://wuzzuf.net/jobs/p/WV68pGPcQtnC-Senior-Accountant---Real-Estate-Cairo-Egypt?o=471&l=sp&t=sj&a=data |search-v3|navbg,Full Time, males_only  Accounting/Finance  Banking  Accounting  Finance  Financial Analysis  Financial Management, 4 - 7 Yrs of Exp 
Senior Backend Developer (Node js) -Saudi Team,Procrew,"San Stefano, Alexandria, Egypt",27 days ago,https://wuzzuf.net/jobs/p/tJSclFAG6SWm-Senior-Backend-Developer-Node-js--Saudi-Team-Procrew-Alexandria-Egypt?o=472&l=sp&t=sj&a=data |search-v3|navbg,Part TimeWork From Home, IT/Software Development  Engineering - Telecom/Technology  CSS3  English  Computer Science  front-end  Information Technology (IT)  HTML5  JavaScript  Node.js, 2 - 5 Yrs of Exp 
Payroll Specialist,Speedaf Express Egypt,"6th of October, Giza, Egypt",27 days ago,https://wuzzuf.net/jobs/p/lmdfP8Q5VvBY-Payroll-Specialist-Speedaf-Express-Egypt-Giza-Egypt?o=473&l=sp&t=sj&a=data |search-v3|navbg,Full Time, Human Resources  Payroll  Microsoft Excel, 2 - 3 Yrs of Exp 
Brand Manager,Hands of Hope Physical Therapy & Wellness,"Maadi, Cairo, Egypt",20 days ago,https://wuzzuf.net/jobs/p/NorrW6ZILbxD-Brand-Manager-Hands-of-Hope-Physical-Therapy-Wellness-Cairo-Egypt?o=474&l=sp&t=sj&a=data |search-v3|navbg,Full Time, Marketing/PR/Advertising  Sales/Retail  Media/Journalism/Publishing  Branding  Advertising  Market Research  Communication skills  Content Marketing  Marketing  Digital Marketing, 8 - 13 Yrs of Exp 
Senior Microsoft System Consultant,Global Brands,"New Cairo, Cairo, Egypt",20 days ago,https://wuzzuf.net/jobs/p/KMFm661d9t2u-Senior-Microsoft-System-Consultant-Global-Brands-Cairo-Egypt?o=475&l=sp&t=sj&a=data |search-v3|navbg,Full TimeWork From Home, IT/Software Development  Engineering - Telecom/Technology  Engineering - Mechanical/Electrical  Cloud  Azure  Computer Engineering  Information Technology (IT)  Network Security  Security  Engineering, 5 - 10 Yrs of Exp 
Digital Account Manager,ITCan,"Rehab City, Cairo, Egypt",20 days ago,https://wuzzuf.net/jobs/p/ZQ7zdUceckg1-Digital-Account-Manager-ITCan-Cairo-Egypt?o=476&l=sp&t=sj&a=data |search-v3|navbg,Full Time, Marketing/PR/Advertising  Communication  Commerce  Customer Service  E-Commerce  Digital  Experience  Marketing  Performance Marketing  Sales, 2 - 4 Yrs of Exp 
Quality Assurance Specialist,Midea Group,"6th of October, Giza, Egypt",20 days ago,https://wuzzuf.net/jobs/p/CoPcpBBKBH99-Quality-Assurance-Specialist-Midea-Group-Giza-Egypt?o=477&l=sp&t=sj&a=data |search-v3|navbg,Full Time, Quality  QA  English, 3 - 5 Yrs of Exp 
Mid Junior Testing Engineer,Wonder Travel,"Maadi, Cairo, Egypt",20 days ago,https://wuzzuf.net/jobs/p/6bcskCAJ6DfC-Mid-Junior-Testing-Engineer-Wonder-Travel-Cairo-Egypt?o=478&l=sp&t=sj&a=data |search-v3|navbg,Full Time, IT/Software Development  Quality  Engineering - Telecom/Technology  Computer Engineering  Computer Science  Information Technology (IT)  Software Engineering  Agile  Automation  Quality Assurance, 2 - 3 Yrs of Exp 
Client Excellence Manager,Centro CDX,"Maadi, Cairo, Egypt",20 days ago,https://wuzzuf.net/jobs/p/ZX9zG1OA0G48-Client-Excellence-Manager-Centro-CDX-Cairo-Egypt?o=479&l=sp&t=sj&a=data |search-v3|navbg,Full Time, Customer Service/Support  Operations/Management  MS Office  Microsoft Office  English  Management  Project Management  Communication  Operations  Skills, 5+ Yrs of Exp 
Digital Marketing Team Leader,Ulemt,"New Cairo, Cairo, Egypt",20 days ago,https://wuzzuf.net/jobs/p/ZvXxJf8Y7FQt-Digital-Marketing-Team-Leader-Ulemt-Cairo-Egypt?o=480&l=sp&t=sj&a=data |search-v3|navbg,Full Time, Operations/Management  Marketing/PR/Advertising  Media/Journalism/Publishing  Advertising  campaigns  Creative  Digital  Digital Marketing  E-Marketing  English, 3 - 5 Yrs of Exp 
Senior Oracle SCM Functional Consultant,Ejada,"Riyadh, Saudi Arabia",22 days ago,https://wuzzuf.net/jobs/p/vWN3kb2n9F6F-Senior-Oracle-SCM-Functional-Consultant-Ejada-Riyadh-Saudi-Arabia?o=481&l=sp&t=sj&a=data |search-v3|navbg,Full Time, IT/Software Development  Oracle  SCM  Information Technology (IT), 5+ Yrs of Exp 
Oracle SCM Functional Consultant,Ejada,"Riyadh, Saudi Arabia",22 days ago,https://wuzzuf.net/jobs/p/Sfr65Ez7SgR9-Oracle-SCM-Functional-Consultant-Ejada-Riyadh-Saudi-Arabia?o=482&l=sp&t=sj&a=data |search-v3|navbg,Full Time, IT/Software Development  SCM  Oracle  Implementations  ERP, 3 - 5 Yrs of Exp 
HR Operations Specialist,Mozare3,"Sheikh Zayed, Giza, Egypt",22 days ago,https://wuzzuf.net/jobs/p/SehckgaERqe7-HR-Operations-Specialist-Mozare3-Giza-Egypt?o=483&l=sp&t=sj&a=data |search-v3|navbg,Full Time, Administration  Human Resources  Operations/Management  Human Resources (HR)  Management  Communication  Human Resources, 3 - 6 Yrs of Exp 
Android Developer (E73F994A),Confidential,"New Cairo, Cairo, Egypt",1 month ago,https://wuzzuf.net/jobs/p/ZI4iDXWarg46-Android-Developer-E73F994A-Cairo-Egypt?o=484&l=sp&t=sj&a=data |search-v3|navbg,Full Time, IT/Software Development  Engineering - Telecom/Technology  Android  Android SDK  Kotlin  Java  Git  Software Development  OO Programming  Software Engineering, 1+ Yrs of Exp 
Facility Project Manager (Banking Background),Leeds,"Cairo, Egypt",21 days ago,https://wuzzuf.net/jobs/p/yopOkfpi1KG3-Facility-Project-Manager-Banking-Background-Leeds-Cairo-Egypt?o=485&l=sp&t=sj&a=data |search-v3|navbg,Full Time, Banking  Project/Program Management  Engineering - Mechanical/Electrical  Project Management  Electrical Engineering  Mechanical Engineering  Engineering  Facility Management  Facility  Mechanical, 10+ Yrs of Exp 
Facility Site Manager (Banking Background),Leeds,"Sheikh Zayed, Giza, Egypt",21 days ago,https://wuzzuf.net/jobs/p/cvVSytUmWjzL-Facility-Site-Manager-Banking-Background-Leeds-Giza-Egypt?o=486&l=sp&t=sj&a=data |search-v3|navbg,Full Time, Project/Program Management  Engineering - Mechanical/Electrical  Project Management  Electrical Engineering  Mechanical Engineering  Engineering  Facility Management  Facility  Mechanical  Communication, 7+ Yrs of Exp 
Partner Success Lead,NowPay,"Giza, Giza, Egypt",21 days ago,https://wuzzuf.net/jobs/p/wFbPJcyWqNYL-Partner-Success-Lead-NowPay-Giza-Egypt?o=487&l=sp&t=sj&a=data |search-v3|navbg,Full Time, Customer Service/Support  Customer Service  Account  Business Administration  Customer Care  Customer Support, 2+ Yrs of Exp 
Research Scientist (Agricultural microbiology),HITS Technologies,"Nasr City, Cairo, Egypt",28 days ago,https://wuzzuf.net/jobs/p/UiCfKWgeMU3M-Research-Scientist-Agricultural-microbiology-HITS-Technologies-Cairo-Egypt?o=488&l=sp&t=sj&a=data |search-v3|navbg,Part TimeFreelance / Project, R&D/Science  Analyst/Research  Analysis  Research  Science  Agriculture  Agricultural Scientist, 2 - 7 Yrs of Exp 
HR Coordinator,Confidential,"Cairo, Egypt",21 days ago,https://wuzzuf.net/jobs/p/MDdoOEGz6LAK-HR-Coordinator-Cairo-Egypt?o=489&l=sp&t=sj&a=data |search-v3|navbg,Full Time, males_preferred  Human Resources  Human Resources (HR)  Administration  Recruitment  Communication  Microsoft Office  OD  Microsoft  Training Needs Analysis, 1 - 3 Yrs of Exp 
Full Stack .NET Developer,Luftborn,"Heliopolis, Cairo, Egypt",21 days ago,https://wuzzuf.net/jobs/p/snDlpFrmVPQr-Full-Stack-NET-Developer-Luftborn-Cairo-Egypt?o=490&l=sp&t=sj&a=data |search-v3|navbg,Full Time, Installation/Maintenance/Repair  IT/Software Development  Engineering - Telecom/Technology  .Net  Full Stack Development  APIs  OOP  Angular  Azure  JavaScript, 2 - 4 Yrs of Exp 
Senior Web Developer - Magento 2,shop4build,"Maadi, Cairo, Egypt",1 month ago,https://wuzzuf.net/jobs/p/IJg4R23xZP3v-Senior-Web-Developer---Magento-2-shop4build-Cairo-Egypt?o=491&l=sp&t=sj&a=data |search-v3|navbg,Full Time, IT/Software Development  Engineering - Telecom/Technology  E-Commerce  PHP  MySQL  Agile  Information Technology (IT)  Computer Science  Software  CSS, 2+ Yrs of Exp 
Quality Assurance Specialist - Customer Service,Digital Bridges,"Maadi, Cairo, Egypt",21 days ago,https://wuzzuf.net/jobs/p/x0ewrOZrOJg0-Quality-Assurance-Specialist---Customer-Service-Digital-Bridges-Cairo-Egypt?o=492&l=sp&t=sj&a=data |search-v3|navbg,Full Time, Quality  Quality Assurance  QA  Quality Control  English  quality  Analysis  Writing, 1 - 3 Yrs of Exp 
Accountant,Hands of Hope Physical Therapy & Wellness,"Maadi, Cairo, Egypt",23 days ago,https://wuzzuf.net/jobs/p/K4y5fYTtcsSX-Accountant-Hands-of-Hope-Physical-Therapy-Wellness-Cairo-Egypt?o=493&l=sp&t=sj&a=data |search-v3|navbg,Full Time, Accounting/Finance  Accounting  excel  English  Financial Analysis  Microsoft Excel  accountant  Communication skills  Financial Management  Finance, 1 - 3 Yrs of Exp 
Java Team Lead,Wonder Travel,"Maadi, Cairo, Egypt",21 days ago,https://wuzzuf.net/jobs/p/hw2G5PbasJY7-Java-Team-Lead-Wonder-Travel-Cairo-Egypt?o=494&l=sp&t=sj&a=data |search-v3|navbg,Full Time, males_preferred  IT/Software Development  Engineering - Telecom/Technology  Computer Engineering  Computer Science  Information Technology (IT)  OOP  Java  Software Engineering  Spring  Hibernate, 5+ Yrs of Exp 
Devops Engineer,Easy Cash,"Heliopolis, Cairo, Egypt",23 days ago,https://wuzzuf.net/jobs/p/BplxRKsIpqJQ-Devops-Engineer-Easy-Cash-Cairo-Egypt?o=495&l=sp&t=sj&a=data |search-v3|navbg,Full Time, IT/Software Development  Engineering - Telecom/Technology  Information Technology (IT)  Computer Science  DevOps  Software Engineering  Software Development  Engineering  Docker  Git, 2 - 5 Yrs of Exp 
Procurement Specialist,T&D Design,"New Cairo, Cairo, Egypt",23 days ago,https://wuzzuf.net/jobs/p/JuLQ5CFU6jlX-Procurement-Specialist-TD-Design-Cairo-Egypt?o=496&l=sp&t=sj&a=data |search-v3|navbg,Full Time, Logistics/Supply Chain  Purchasing/Procurement  Purchasing  Procurement  Foreign Purchasing  MS Office  Communication skills  English  Communication  Logistics, 3 - 5 Yrs of Exp 
"Sr. Consultant, Finance Innovations",Confidential,"Jeddah, Saudi Arabia",23 days ago,https://wuzzuf.net/jobs/p/4RxeDGL8i7ZS-Sr-Consultant-Finance-Innovations-Jeddah-Saudi-Arabia?o=497&l=sp&t=sj&a=data |search-v3|navbg,Full Time, IT/Software Development  Finance  Accounting  Microsoft Dynamics  Dynamics 365  ERP Solutions, 7 - 10 Yrs of Exp 
CFO Office Manager,El Mostakbal Urban,"Cairo, Egypt",27 days ago,https://wuzzuf.net/jobs/p/igAo7TwmrH1p-CFO-Office-Manager-El-Mostakbal-Urban-Cairo-Egypt?o=498&l=sp&t=sj&a=data |search-v3|navbg,Full Time, Accounting/Finance  Administration  Other  Management  Accounting  administrative, 10 - 12 Yrs of Exp 
System Expert,Transmar International,"New Cairo, Cairo, Egypt",1 month ago,https://wuzzuf.net/jobs/p/szvnE0Xbh708-System-Expert-Transmar-International-Cairo-Egypt?o=499&l=sp&t=sj&a=data |search-v3|navbg,Full Time, IT/Software Development  Information Technology (IT)  Computer Science, 5 - 7 Yrs of Exp 
C++ Unreal Engine Developer,Söderhub,"San Stefano, Alexandria, Egypt",22 days ago,https://wuzzuf.net/jobs/p/J256cTtogpVo-C-Unreal-Engine-Developer-Söderhub-Alexandria-Egypt?o=500&l=sp&t=sj&a=data |search-v3|navbg,Full TimeWork From Home, IT/Software Development  c++  Unreal Engine, 1 - 5 Yrs of Exp 
Internal Audit Manager,Confidential,"Sheikh Zayed, Giza, Egypt",22 days ago,https://wuzzuf.net/jobs/p/gf9LzfhmGH6r-Internal-Audit-Manager-Giza-Egypt?o=501&l=sp&t=sj&a=data |search-v3|navbg,Full Time, Accounting/Finance  Quality  Accounting  analytical  Auditing  auditor  Business Administration  Commerce  Computer Skills  Finance, 7 - 15 Yrs of Exp 
Mechanical Engineer - E-commerce Product Specialist,Startech,"Bourj Alarab, Alexandria, Egypt",24 days ago,https://wuzzuf.net/jobs/p/rIPQNgYU6zCv-Mechanical-Engineer---E-commerce-Product-Specialist-Startech-Alexandria-Egypt?o=502&l=sp&t=sj&a=data |search-v3|navbg,Full Time, Engineering - Mechanical/Electrical  SolidWorks  Mechanical Engineering  Marketing  SEO  Mechanical Design Engineering, 1 - 10 Yrs of Exp 
Digital Marketing Manager .,Confidential,"Obour City, Cairo, Egypt",22 days ago,https://wuzzuf.net/jobs/p/CAfqqzCWybWL-Digital-Marketing-Manager-Cairo-Egypt?o=503&l=sp&t=sj&a=data |search-v3|navbg,Full Time, Creative/Design/Art  Marketing/PR/Advertising  Media/Journalism/Publishing  Online Marketing  Digital Marketing  E-Marketing  Google Analytics  Social Media  Advertising  Google Adwords, 3 - 6 Yrs of Exp 
Planner,Misr Insurance Co,"Giza, Egypt",22 days ago,https://wuzzuf.net/jobs/p/D7ykEAJNnKRF-Planner-Misr-Insurance-Co-Giza-Egypt?o=504&l=sp&t=sj&a=data |search-v3|navbg,Full Time, Project/Program Management  business  Planning  Project Management, 5 - 7 Yrs of Exp 
Tele sales Account Manager (Tele sales Agent English Account),Confidential,"Nasr City, Cairo, Egypt",24 days ago,https://wuzzuf.net/jobs/p/0Mjn1uBKDgAz-Tele-sales-Account-Manager-Tele-sales-Agent-English-Account-Cairo-Egypt?o=505&l=sp&t=sj&a=data |search-v3|navbg,Full Time, Customer Service/Support  Sales/Retail  Tourism/Travel  Sales Target  Customer Service  English  Sales  Sales advisor  sales skills  Service, 2 - 4 Yrs of Exp 
Senior Total Rewards Specialist,Cairo Three A  Poultry,"New Cairo, Cairo, Egypt",24 days ago,https://wuzzuf.net/jobs/p/fGMHjSA8vfGx-Senior-Total-Rewards-Specialist-Cairo-Three-A-Poultry-Cairo-Egypt?o=506&l=sp&t=sj&a=data |search-v3|navbg,Full Time, Human Resources  Benefits  Compensation  Compensation and Benefits  Human Resources (HR), 4 - 6 Yrs of Exp 
Senior GoLang Developer,GetTechForce.com,"Cairo, Egypt",1 month ago,https://wuzzuf.net/jobs/p/1M7U7yE7syTH-Senior-GoLang-Developer-GetTechForce-com-Cairo-Egypt?o=507&l=sp&t=sj&a=data |search-v3|navbg,Full TimeWork From Home, IT/Software Development  Engineering - Telecom/Technology  Angular  Golang  Computer Science  Deployment  Design  Development  Information Technology (IT)  IT, 3+ Yrs of Exp 
Head Of Accounting,Confidential,"Sheikh Zayed, Giza, Egypt",23 days ago,https://wuzzuf.net/jobs/p/dcaVVqtGDiFC-Head-Of-Accounting-Giza-Egypt?o=508&l=sp&t=sj&a=data |search-v3|navbg,Full Time, Accounting/Finance  Accounting  Financial Management, 7 - 15 Yrs of Exp 
Marketing Specialist,Digital Experts,"Heliopolis, Cairo, Egypt",23 days ago,https://wuzzuf.net/jobs/p/0nqIcN3rVb22-Marketing-Specialist-Digital-Experts-Cairo-Egypt?o=509&l=sp&t=sj&a=data |search-v3|navbg,Full Time, Marketing/PR/Advertising  Media/Journalism/Publishing  Digital Marketing  Marketing  Advertising  Digital Media  E-marketing  Analysis  Analytics  Business Development, 2 - 4 Yrs of Exp 
Sr Unity Developer: 5+ yrs of experience,Gamein FZ LLE,"Alexandria, Egypt",23 days ago,https://wuzzuf.net/jobs/p/oqvi1vnMmCt2-Sr-Unity-Developer-5-yrs-of-experience-Gamein-FZ-LLE-Alexandria-Egypt?o=510&l=sp&t=sj&a=data |search-v3|navbg,Full Time, IT/Software Development  Unity  Unity 3D  Game development  mobile games  computer games  Software Development, 5+ Yrs of Exp 
Product Merchandiser,Al-Nasser,"6th of October, Giza, Egypt",23 days ago,https://wuzzuf.net/jobs/p/yHkrog3Z4tpN-Product-Merchandiser-Al-Nasser-Giza-Egypt?o=511&l=sp&t=sj&a=data |search-v3|navbg,Full Time, Manufacturing/Production  Product Management  Design, 5 - 8 Yrs of Exp 
Senior .NET Developer,SiFi,"Riyadh, Saudi Arabia",23 days ago,https://wuzzuf.net/jobs/p/xNRiLqE0BG3u-Senior-NET-Developer-SiFi-Riyadh-Saudi-Arabia?o=512&l=sp&t=sj&a=data |search-v3|navbg,Full Time, IT/Software Development  Software Development  Software Engineering  JavaScript  SQL  jQuery, 7 - 12 Yrs of Exp 
Senior Talent Acquisition,e Aswaaq Misr,"Smart Village, Giza, Egypt",23 days ago,https://wuzzuf.net/jobs/p/lhO9DvNXvAoT-Senior-Talent-Acquisition-e-Aswaaq-Misr-Giza-Egypt?o=513&l=sp&t=sj&a=data |search-v3|navbg,Full Time, Administration  Customer Service/Support  Human Resources  HR  Human Resources (HR)  Interviewing  OD  Recruitment  Talent acquisition  Communication, 3 - 5 Yrs of Exp 
Budget Analyst,Majorel Egypt,"Cairo, Egypt",23 days ago,https://wuzzuf.net/jobs/p/U74hrIJwBHKE-Budget-Analyst-Majorel-Egypt-Cairo-Egypt?o=514&l=sp&t=sj&a=data |search-v3|navbg,Full Time, Accounting/Finance  Operations/Management  Analyst/Research  Analysis  analytical  Budgeting  CMA  English  Finance  Financial Analysis, 1 - 3 Yrs of Exp 
Medical Representative,Deluge Pharm,"Heliopolis, Cairo, Egypt",23 days ago,https://wuzzuf.net/jobs/p/tAWe5RMQXLiU-Medical-Representative-Deluge-Pharm-Cairo-Egypt?o=515&l=sp&t=sj&a=data |search-v3|navbg,Full Time, Medical/Healthcare  Other  Pharmaceutical  Medical representative  Medical  Pharmacy  Communication skills  sales skills  Veterinary  Derma, 1 - 2 Yrs of Exp 
Internal Audit Manager,Confidential,"Sheikh Zayed, Giza, Egypt",23 days ago,https://wuzzuf.net/jobs/p/eyc1601Ac8Q4-Internal-Audit-Manager-Giza-Egypt?o=516&l=sp&t=sj&a=data |search-v3|navbg,Full Time, Accounting/Finance  Operations/Management  Quality  Audit  Auditing  CIA  Internal auditing, 7 - 10 Yrs of Exp 
Microsoft Dynamics 365 CRM Developer,Ghassan Ahmed Alsulaiman for Electronic Services,"Maadi, Cairo, Egypt",1 month ago,https://wuzzuf.net/jobs/p/YNFHHIxdz9SO-Microsoft-Dynamics-365-CRM-Developer-Ghassan-Ahmed-Alsulaiman-for-Electronic-Services-Cairo-Egypt?o=517&l=sp&t=sj&a=data |search-v3|navbg,Full Time, IT/Software Development  Engineering - Telecom/Technology  CRM  Information Technology (IT)  Application  Projects  Development  Computer Science  Computer Engineering  Software Development, 5 - 10 Yrs of Exp 
Market Researcher - French language Speaker,Infotech,"Nasr City, Cairo, Egypt",1 month ago,https://wuzzuf.net/jobs/p/nECRqQZUVunz-Market-Researcher---French-language-Speaker-Infotech-Cairo-Egypt?o=518&l=sp&t=sj&a=data |search-v3|navbg,Full Time, Customer Service/Support  Analyst/Research  Communication  Communication skills  Research  English  Computer Skills  Customer Service  Customer Care  Customer Support, 2 - 5 Yrs of Exp 
Market Researcher - English language Speaker,Infotech,"Nasr City, Cairo, Egypt",1 month ago,https://wuzzuf.net/jobs/p/aBKcMeahdSuC-Market-Researcher---English-language-Speaker-Infotech-Cairo-Egypt?o=519&l=sp&t=sj&a=data |search-v3|navbg,Full Time, Customer Service/Support  Analyst/Research  Communication  Communication skills  Research  English  Computer Skills  Customer Service  Customer Care  Customer Support, 2 - 5 Yrs of Exp 
Senior Products Manager,almentor,"Maadi, Cairo, Egypt",1 month ago,https://wuzzuf.net/jobs/p/vtzY3lZQ8f43-Senior-Products-Manager-almentor-Cairo-Egypt?o=520&l=sp&t=sj&a=data |search-v3|navbg,Full Time, IT/Software Development  Communication skills  Computer Science  Information Technology (IT), 4 - 6 Yrs of Exp 
Pricing Specialist,Confidential,"New Nozha, Cairo, Egypt",1 month ago,https://wuzzuf.net/jobs/p/7mjZIY9P1pC9-Pricing-Specialist-Cairo-Egypt?o=521&l=sp&t=sj&a=data |search-v3|navbg,Full Time, Marketing/PR/Advertising  Procurement  Pricing  Purchasing, 2 - 4 Yrs of Exp 
Technical Support Engineer,Bevatel,"Dokki, Giza, Egypt",24 days ago,https://wuzzuf.net/jobs/p/Z8QNcJZUoYvN-Technical-Support-Engineer-Bevatel-Giza-Egypt?o=522&l=sp&t=sj&a=data |search-v3|navbg,Full Time, IT/Software Development  Information Technology (IT)  IT  Computer Science  Business Analysis  Configuration  API, 1 - 3 Yrs of Exp 
Senior iOS Developer,Friendy Car,"Maadi, Cairo, Egypt",24 days ago,https://wuzzuf.net/jobs/p/C4BTHlN597Bj-Senior-iOS-Developer-Friendy-Car-Cairo-Egypt?o=523&l=sp&t=sj&a=data |search-v3|navbg,Full Time, IT/Software Development  Engineering - Telecom/Technology  Information Technology (IT)  Software Development  Android  JSON  RESTful  Koltin  Java  MVP, 3+ Yrs of Exp 
Senior .Net Software Developer,BI-Technologies,"New Cairo, Cairo, Egypt",24 days ago,https://wuzzuf.net/jobs/p/sMzRqj0cGdBb-Senior-Net-Software-Developer-BI-Technologies-Cairo-Egypt?o=524&l=sp&t=sj&a=data |search-v3|navbg,Full Time, IT/Software Development  Engineering - Telecom/Technology  Information Technology (IT)  Computer Science  Software Engineering  Software Development  ASP.NET  SQL  javaScript  jQuery, 2 - 7 Yrs of Exp 
EXPORT SALES ENGINEER,Alumil,"Heliopolis, Cairo, Egypt",24 days ago,https://wuzzuf.net/jobs/p/8SugMcCSLdjh-EXPORT-SALES-ENGINEER-Alumil-Cairo-Egypt?o=525&l=sp&t=sj&a=data |search-v3|navbg,Full Time, Sales/Retail  Engineering - Mechanical/Electrical  Engineering - Other  Export  Engineering  Negotiation  Sales  Export Sales, 1 - 2 Yrs of Exp 
Sr. BI & Reporting Specialist,Masary,"Mokattam, Cairo, Egypt",1 month ago,https://wuzzuf.net/jobs/p/AsscYIsFGKxR-Sr-BI-Reporting-Specialist-Masary-Cairo-Egypt?o=526&l=sp&t=sj&a=data |search-v3|navbg,Full Time, Accounting/Finance  Business Development  Engineering - Telecom/Technology  Power BI  OBIEE  MS Office  Banking Sector  Computer Science  Information Technology (IT)  English, 3 - 5 Yrs of Exp 
Mechanical Maintenance Engineer,Premier Services and Recruitment,"Heliopolis, Cairo, Egypt",1 month ago,https://wuzzuf.net/jobs/p/snZNXGxzOGjr-Mechanical-Maintenance-Engineer-Premier-Services-and-Recruitment-Cairo-Egypt?o=527&l=sp&t=sj&a=data |search-v3|navbg,Full Time, Installation/Maintenance/Repair  Engineering - Mechanical/Electrical  Maintenance  Mechanical  Mechanical Engineering  Power, 2 - 3 Yrs of Exp 
Internal Auditor,THE MIDDLE EAST GROUP FOR ENGINEERING AND AIR CONDITIONING,"Nasr City, Cairo, Egypt",1 month ago,https://wuzzuf.net/jobs/p/IiNDphFIVlGC-Internal-Auditor-THE-MIDDLE-EAST-GROUP-FOR-ENGINEERING-AND-AIR-CONDITIONING-Cairo-Egypt?o=528&l=sp&t=sj&a=data |search-v3|navbg,Full Time, Accounting/Finance  Quality  Analyst/Research  Accounting  Auditing  ERP  Financial Analysis  Finance  accountant  MS Office, 5 - 7 Yrs of Exp 
Junior Architect - (Working Drawings),Elgabaly Architects,"New Cairo, Cairo, Egypt",49 minutes ago,https://wuzzuf.net/jobs/p/htL6kvJjORJH-Junior-Architect---Working-Drawings-Elgabaly-Architects-Cairo-Egypt?o=529&l=sp&t=sj&a=data |search-v3|navbg,Full Time, Engineering - Construction/Civil/Architecture  Creative/Design/Art  Architecture  Sketch Up  CAD  Revit  Drafting  Design  Engineering  Drawing, 3 - 5 Yrs of Exp 
Senior Cost Accountant,Selah ElTelmeez For Publishing & printing,"Obour City, Cairo, Egypt",33 minutes ago,https://wuzzuf.net/jobs/p/5R0HaQ6Tn7oj-Senior-Cost-Accountant-Selah-ElTelmeez-For-Publishing-printing-Cairo-Egypt?o=530&l=sp&t=sj&a=data |search-v3|navbg,Full Time, Accounting/Finance  Accounting  analytical  Communication  Cost Accounting  ERP System  Finance  Financial Management  Cost, 3 - 5 Yrs of Exp 
Business Development Coordinator,Global Impact Consulting Group - GICG,"Maadi, Cairo, Egypt",44 minutes ago,https://wuzzuf.net/jobs/p/JxBkYStLkVdK-Business-Development-Coordinator-Global-Impact-Consulting-Group---GICG-Cairo-Egypt?o=531&l=sp&t=sj&a=data |search-v3|navbg,Full Time, Business Development  Business Development  sales skills  Generating Leads  Sales  Sales Target  Telesales  Leads  Customer Service, 1 - 3 Yrs of Exp 
Tax Accountant,Confidential,"Downtown, Cairo, Egypt",41 minutes ago,https://wuzzuf.net/jobs/p/5FzAQKTNHQkg-Tax-Accountant-Cairo-Egypt?o=532&l=sp&t=sj&a=data |search-v3|navbg,Full Time, Accounting/Finance  Banking  accountant  Finance  Tax  tax accountant  Accounting  Financial Analysis  MS Office  English, 2 - 5 Yrs of Exp 
Sales and Marketing Engineer,SF Egypt,"Garden City, Cairo, Egypt",9 minutes ago,https://wuzzuf.net/jobs/p/yycVeOerkrfE-Sales-and-Marketing-Engineer-SF-Egypt-Cairo-Egypt?o=533&l=sp&t=sj&a=data |search-v3|navbg,Full Time, females_only  Manufacturing/Production  Marketing/PR/Advertising  Engineering - Mechanical/Electrical  Engineering  Marketing  sales skills  Sales Target  Communication skills  Sales Field, 3 - 7 Yrs of Exp 
Office Supervisor,Sigma for Imp & Exp & Opera hearing Solutions,"Heliopolis, Cairo, Egypt",28 minutes ago,https://wuzzuf.net/jobs/p/cQG8YRaM8STN-Office-Supervisor-Sigma-for-Imp-Exp-Opera-hearing-Solutions-Cairo-Egypt?o=534&l=sp&t=sj&a=data |search-v3|navbg,Full Time, females_only  Administration  Operations/Management  Marketing/PR/Advertising  Administration  business  Business Administration  Communication  Communication skills  Computer Skills  English, 3 - 5 Yrs of Exp 
Exchange Admin Assistant,Amideast,"Dokki, Giza, Egypt",54 minutes ago,https://wuzzuf.net/jobs/p/mF3FvWBwBe4g-Exchange-Admin-Assistant-Amideast-Giza-Egypt?o=535&l=sp&t=sj&a=data |search-v3|navbg,Full Time, Administration  Customer Service/Support  Human Resources  Admin Work  Administration  Communication  Communication skills  Microsoft Office  Office management  Secretary, 1 - 2 Yrs of Exp 
IT Helpdesk Engineer,Al Ahly Capital Holding,"Zamalek, Cairo, Egypt",1 hour ago,https://wuzzuf.net/jobs/p/nec93CG0ShWC-IT-Helpdesk-Engineer-Al-Ahly-Capital-Holding-Cairo-Egypt?o=536&l=sp&t=sj&a=data |search-v3|navbg,Full Time, Installation/Maintenance/Repair  IT/Software Development  Engineering - Telecom/Technology  Information technology  Computer Engineering  Computer Science  HelpDesk  Information Technology (IT), 2 - 5 Yrs of Exp 
Personnel Coordinator,Target Recruitment  & HR Solutions,"New Cairo, Cairo, Egypt",1 hour ago,https://wuzzuf.net/jobs/p/OfYdHH1oGgLb-Personnel-Coordinator-Target-Recruitment-HR-Solutions-Cairo-Egypt?o=537&l=sp&t=sj&a=data |search-v3|navbg,Full Time, Administration  Human Resources  HR  Hr coordinator  Human Resources (HR)  Human Resources  Recruitment  Personnel  Administration  Business Administration, 2 - 4 Yrs of Exp 
Ecommerce Category Supervisor,Mazaya,"New Cairo, Cairo, Egypt",1 hour ago,https://wuzzuf.net/jobs/p/tv9AljbVwuvH-Ecommerce-Category-Supervisor-Mazaya-Cairo-Egypt?o=538&l=sp&t=sj&a=data |search-v3|navbg,Full Time, Sales/Retail  E-Commerce  Marketing  Communication  Sales  Customer Service, 4 - 5 Yrs of Exp 
Odoo Functional Consultant,Centione,"Nasr City, Cairo, Egypt",2 hours ago,https://wuzzuf.net/jobs/p/LuGaoD4mt7b6-Odoo-Functional-Consultant-Centione-Cairo-Egypt?o=539&l=sp&t=sj&a=data |search-v3|navbg,Full Time, Accounting/Finance  IT/Software Development  Engineering - Telecom/Technology  Implementation  ERP  Financial Management  Project Management  Accounting  Odoo ERP  Computer Science, 2 - 5 Yrs of Exp 
Admin Assistant - Heliopolis,UCMAS Academy,"Heliopolis, Cairo, Egypt",2 hours ago,https://wuzzuf.net/jobs/p/V0ccrrqZrBew-Admin-Assistant---Heliopolis-UCMAS-Academy-Cairo-Egypt?o=540&l=sp&t=sj&a=data |search-v3|navbg,Full Time, Administration  Customer Service/Support  Operations/Management  Administration  Communication  Microsoft  Office management  Secretary  Microsoft Office, 1 - 3 Yrs of Exp 
Electrical Design Engineer,Setcons,"New Cairo, Cairo, Egypt",5 hours ago,https://wuzzuf.net/jobs/p/iHyAWsiQq3hH-Electrical-Design-Engineer-Setcons-Cairo-Egypt?o=541&l=sp&t=sj&a=data |search-v3|navbg,Full Time, Engineering - Construction/Civil/Architecture  Engineering - Mechanical/Electrical  Design  2D  3D  Electrical Engineering  Revit  Electrical, 3 - 5 Yrs of Exp 
Cost Accountant,Teba United,"10th of Ramadan City, Cairo, Egypt",5 hours ago,https://wuzzuf.net/jobs/p/V8IJwcCv4jnA-Cost-Accountant-Teba-United-Cairo-Egypt?o=542&l=sp&t=sj&a=data |search-v3|navbg,Full Time, Accounting/Finance  Cost Accountant  Cost  Cost Accounting  Accounting  accountant  Financial Analysis  Industrial, 3 - 5 Yrs of Exp 
Senior Project Control Engineer,Construction & Design Co. SAE,"Downtown, Cairo, Egypt",5 hours ago,https://wuzzuf.net/jobs/p/6jM2safx0bkG-Senior-Project-Control-Engineer-Construction-Design-Co-SAE-Cairo-Egypt?o=543&l=sp&t=sj&a=data |search-v3|navbg,Full Time, Engineering - Construction/Civil/Architecture  Project Control Engineer  Engineering  senior  Project  Control  Civil  Architecture, 4 - 6 Yrs of Exp 
Technical Sales Engineer,ElMehy Engineering Company,"Heliopolis, Cairo, Egypt",6 hours ago,https://wuzzuf.net/jobs/p/nca3biJeli71-Technical-Sales-Engineer-ElMehy-Engineering-Company-Cairo-Egypt?o=544&l=sp&t=sj&a=data |search-v3|navbg,Full Time, Sales/Retail  Pharmaceutical  Engineering - Mechanical/Electrical  Engineering  Pharma  Pharmacy  Sales  sales skills  Pharmaceutical Industries  Technical Sales, 3 - 5 Yrs of Exp 
Dental Sales Representative ( In Door - Outdoor),Confidential,"Heliopolis, Cairo, Egypt",6 hours ago,https://wuzzuf.net/jobs/p/vv1CTwil7sCa-Dental-Sales-Representative-In-Door---Outdoor-Cairo-Egypt?o=545&l=sp&t=sj&a=data |search-v3|navbg,Full Time, Business Development  Medical/Healthcare  Sales/Retail  Sales  Sales Skills  Customer Care  Dentistry  Dental  Medical  Mircosoft office, 1 - 3 Yrs of Exp 
R&D - Formulation Specialist,Delta Pharma Egypt,"Sharqia, Egypt",6 hours ago,https://wuzzuf.net/jobs/p/p1JXkoxJpm80-RD---Formulation-Specialist-Delta-Pharma-Egypt-Sharqia-Egypt?o=546&l=sp&t=sj&a=data |search-v3|navbg,Full Time, R&D/Science  Pharmaceutical  Pharmaceutical  Pharmaceutical Sciences  Science  Research  Sciences, 1 - 2 Yrs of Exp 
Senior Customer Service Agent - English Account,Etisalat Egypt,"Maadi, Cairo, Egypt",16 hours ago,https://wuzzuf.net/jobs/p/paVe0MXWH73c-Senior-Customer-Service-Agent---English-Account-Etisalat-Egypt-Cairo-Egypt?o=547&l=sp&t=sj&a=data |search-v3|navbg,Full Time, Banking  Customer Service/Support  Sales/Retail  Customer Care  Customer Service  Customer Support  English  Customer Relations  Customer Satisfaction  Customer Retention, 1+ Yrs of Exp 
English - Customer Service Agent,Etisalat Egypt,"Maadi, Cairo, Egypt",16 hours ago,https://wuzzuf.net/jobs/p/m6bDZKVwWf67-English---Customer-Service-Agent-Etisalat-Egypt-Cairo-Egypt?o=548&l=sp&t=sj&a=data |search-v3|navbg,Full Time, Customer Service/Support  Sales/Retail  Communication  Communication skills  Customer Service  Customer Care  Customer Focus  Customer Support  Fluency in English  English, 0 - 10 Yrs of Exp 
Operations Process Quality Executive,DHL Express Egypt,"Heliopolis, Cairo, Egypt",20 hours ago,https://wuzzuf.net/jobs/p/TcTMOoAjnyYs-Operations-Process-Quality-Executive-DHL-Express-Egypt-Cairo-Egypt?o=549&l=sp&t=sj&a=data |search-v3|navbg,Full Time, Logistics/Supply Chain  Operations/Management  Quality  Quality Assurance  Operations  Logistics  Internal Control  Six Sigma  Certified Internal Auditor  Microsoft Excel, 2 - 3 Yrs of Exp 
Network & System Administration Officer,Almosafer,"Mohandessin, Giza, Egypt",22 hours ago,https://wuzzuf.net/jobs/p/LNVj7aVVuOOt-Network-System-Administration-Officer-Almosafer-Giza-Egypt?o=550&l=sp&t=sj&a=data |search-v3|navbg,Full Time, Administration  IT/Software Development  Engineering - Telecom/Technology  Administration  Computer Science  Cisco  Configuration  Information Technology (IT)  Management  network, 2 - 4 Yrs of Exp 
Marketing and Social Media Specialist,Beverlyhills,"Shorouk City, Cairo, Egypt",23 hours ago,https://wuzzuf.net/jobs/p/N3ZeCHyM5O7Z-Marketing-and-Social-Media-Specialist-Beverlyhills-Cairo-Egypt?o=551&l=sp&t=sj&a=data |search-v3|navbg,Full Time, Writing/Editorial  Marketing/PR/Advertising  Media/Journalism/Publishing  E-Marketing  digital media  Online Marketing  Social Media  Design  Writing, 3 - 5 Yrs of Exp 
Social Media Specialist,Fanarah for Sports Marketing,"New Cairo, Cairo, Egypt",23 hours ago,https://wuzzuf.net/jobs/p/wsfFxOfcy8pk-Social-Media-Specialist-Fanara-Cairo-Egypt?o=552&l=sp&t=sj&a=data |search-v3|navbg,Full Time, Writing/Editorial  Marketing/PR/Advertising  Media/Journalism/Publishing  Communication  Digital  digital media  Online Marketing  media  Writing  Editing, 3 - 6 Yrs of Exp 
Customer Experience & Business Development Manager,King's School The Crown,"Cairo, Egypt",1 day ago,https://wuzzuf.net/jobs/p/GGKfWxC8pn1y-Customer-Experience-Business-Development-Manager-Kings-School-The-Crown-Cairo-Egypt?o=553&l=sp&t=sj&a=data |search-v3|navbg,Full Time, Business Development  Customer Service/Support  Marketing/PR/Advertising  Business Development  Customer Service  Marketing, 3 - 5 Yrs of Exp 
Travel Advisor - English Speaker,Majorel Egypt,"Alexandria, Egypt",1 day ago,https://wuzzuf.net/jobs/p/K9YWuvCEpJ5t-Travel-Advisor---English-Speaker-Majorel-Egypt-Alexandria-Egypt?o=554&l=sp&t=sj&a=data |search-v3|navbg,Full Time, Tourism/Travel  Agent  Customer Care  Hospitality  Tourism  Travel, Customer Service/Support 
Social Media Marketer,Wadi Degla Trading,"Maadi, Cairo, Egypt",1 day ago,https://wuzzuf.net/jobs/p/xh92sHTEs4iY-Social-Media-Marketer-Wadi-Degla-Trading-Cairo-Egypt?o=555&l=sp&t=sj&a=data |search-v3|navbg,Full Time, Writing/Editorial  Marketing/PR/Advertising  Engineering - Other  Design  E-Marketing  Marketing  media  Online Marketing  Social Media  Web Design, 3 - 5 Yrs of Exp 
Finance Director,Confidential,"Giza, Egypt",1 day ago,https://wuzzuf.net/jobs/p/IEfafIXFTjZd-Finance-Director-Giza-Egypt?o=556&l=sp&t=sj&a=data |search-v3|navbg,Full Time, Accounting/Finance  Chief Financial  Chief Financial Officer  Financial  Accounting  Analysis  CFA  Costing  CPA  Economics, 15 - 17 Yrs of Exp 
Financial Accountant,London International Patient Services,"Sheraton, Cairo, Egypt",1 day ago,https://wuzzuf.net/jobs/p/lXjF2RPnXfS7-Financial-Accountant-London-International-Patient-Services-Cairo-Egypt?o=557&l=sp&t=sj&a=data |search-v3|navbg,Full Time, Accounting/Finance  Accounting  Finance  Financial Management  Financial Analysis  Business  Economics, 1 - 3 Yrs of Exp 
Digital Marketing Specialist,DUXGEN,"Sheraton, Cairo, Egypt",1 day ago,https://wuzzuf.net/jobs/p/EuBr7lhoDdEX-Digital-Marketing-Specialist-DUXGEN-Cairo-Egypt?o=558&l=sp&t=sj&a=data |search-v3|navbg,Full Time, Marketing/PR/Advertising  Digital Marketing  Social Networking  E-Marketing  Marketing  Online Marketing  Social Media, 2 - 5 Yrs of Exp 
Accountant,OVM Middle East & North Africa,"New Cairo, Cairo, Egypt",1 day ago,https://wuzzuf.net/jobs/p/6RbVTlzF58Yk-Accountant-OVM-Middle-East-North-Africa-Cairo-Egypt?o=559&l=sp&t=sj&a=data |search-v3|navbg,Full Time, Accounting/Finance  Administration  Accounting  Administration, 3+ Yrs of Exp 
Treasury Accountant,Alexandria Business Association- SMEs Project,"Faisal, Giza, Egypt",1 day ago,https://wuzzuf.net/jobs/p/FFuipGoNdmOV-Treasury-Accountant-Alexandria-Business-Association--SMEs-Project-Giza-Egypt?o=560&l=sp&t=sj&a=data |search-v3|navbg,Full Time, Other  Treasury  Finance  Accounting, 0 - 1 Yrs of Exp 
General Accountant,Confidential,"Sidi Bishr, Alexandria, Egypt",1 day ago,https://wuzzuf.net/jobs/p/Z8ZWkwUC4AKM-General-Accountant-Alexandria-Egypt?o=561&l=sp&t=sj&a=data |search-v3|navbg,Full Time, Accounting/Finance  Banking  Accounting  excel  Accounting Software  Financial Analysis  Finance  Financial Management  General Ledger  Generally Accepted Accounting Principles, 1 - 3 Yrs of Exp 
Executive Assistant,A2Z Lingerie,"Moharam Bek, Alexandria, Egypt",1 day ago,https://wuzzuf.net/jobs/p/fNdhClHUNEDK-Executive-Assistant-A2Z-Lingerie-Alexandria-Egypt?o=562&l=sp&t=sj&a=data |search-v3|navbg,Full Time, Administration  Customer Service/Support  Administration  Communication  Customer Service  Microsoft Office  English  Office management  Secretary  Planning, 1 - 3 Yrs of Exp 
AP Accountant,Contact Financial Holding,"Downtown, Cairo, Egypt",1 day ago,https://wuzzuf.net/jobs/p/jLHJemzcQ7hn-AP-Accountant-Contact-Financial-Holding-Cairo-Egypt?o=563&l=sp&t=sj&a=data |search-v3|navbg,Full Time, Accounting/Finance  Accounting  excel, 2 - 6 Yrs of Exp 
Accountant,Optimarc pharma,"Heliopolis, Cairo, Egypt",1 day ago,https://wuzzuf.net/jobs/p/nsLZ0fByMNMv-Accountant-Optimarc-pharma-Cairo-Egypt?o=564&l=sp&t=sj&a=data |search-v3|navbg,Full Time, Accounting/Finance  Accounting  Finance  Financial Analysis  Microsoft Office  English  ERP  Communication skills  Reporting, 3 - 5 Yrs of Exp 
HR Officer,Smart Window,"New Damietta, Damietta, Egypt",1 day ago,https://wuzzuf.net/jobs/p/X7kMF14CKpj4-HR-Officer-Smart-Window-Damietta-Egypt?o=565&l=sp&t=sj&a=data |search-v3|navbg,Full Time, Administration  Human Resources  Human Resources (HR)  HR  HR Assistant  Administration, 1 - 2 Yrs of Exp 
Senior Backend Developer,Dexef,"Maadi, Cairo, Egypt",1 day ago,https://wuzzuf.net/jobs/p/4gR4xtu7DI9x-Senior-Backend-Developer-Dexef-Cairo-Egypt?o=566&l=sp&t=sj&a=data |search-v3|navbg,Full Time, IT/Software Development  Engineering - Telecom/Technology  Information Technology (IT)  Computer Science  Software Development  Engineering  MVC  Web Development  C#  SQL, 3 - 5 Yrs of Exp 
Risk Management Section Head,Mozare3,"6th of October, Giza, Egypt",1 day ago,https://wuzzuf.net/jobs/p/WiPW0ykEG1Kj-Risk-Management-Section-Head-Mozare3-Giza-Egypt?o=567&l=sp&t=sj&a=data |search-v3|navbg,Full Time, Accounting/Finance  Accounting  Finance  Financial Management  Risk  Risk Management, 8 - 10 Yrs of Exp 
Senior Odoo implementer,Confidential,"Cairo, Egypt",1 day ago,https://wuzzuf.net/jobs/p/rsURbvGPpArJ-Senior-Odoo-implementer-Cairo-Egypt?o=568&l=sp&t=sj&a=data |search-v3|navbg,Full Time, IT/Software Development  Engineering - Telecom/Technology  ERP  Accounting  Odoo ERP  Odoo, 5 - 10 Yrs of Exp 
Senior Cloud Infrastructure Architect,Ejada,"Jeddah, Saudi Arabia",1 day ago,https://wuzzuf.net/jobs/p/WydJgsrd9685-Senior-Cloud-Infrastructure-Architect-Ejada-Jeddah-Saudi-Arabia?o=569&l=sp&t=sj&a=data |search-v3|navbg,Full Time, Banking  IT/Software Development  Information Technology (IT)  Infrastructure, 7+ Yrs of Exp 
Senior Oracle Fusion Technical Consultant (Cairo & Aelx),Ejada,"Cairo, Egypt",1 day ago,https://wuzzuf.net/jobs/p/2C4zNWrzGaQH-Senior-Oracle-Fusion-Technical-Consultant-Cairo-Aelx-Ejada-Cairo-Egypt?o=570&l=sp&t=sj&a=data |search-v3|navbg,Full Time, IT/Software Development  Information Technology (IT)  Cloud  Oracle  Oracle Fusion  Implementations  Fusion  ERP, 5 - 5 Yrs of Exp 
Testing Engineer,Energya Cables,"10th of Ramadan City, Cairo, Egypt",1 day ago,https://wuzzuf.net/jobs/p/BGRwIzIncF4V-Testing-Engineer-Energya-Cables-Cairo-Egypt?o=571&l=sp&t=sj&a=data |search-v3|navbg,Full Time, Engineering - Mechanical/Electrical  Electrical  Engineering, 2 - 3 Yrs of Exp 
Senior Network Engineer,Egypt University of Informatics (EUI),"New Capital, Cairo, Egypt",1 day ago,https://wuzzuf.net/jobs/p/mWwzeldRAvEN-Senior-Network-Engineer-Egypt-University-of-Informatics-EUI-Cairo-Egypt?o=572&l=sp&t=sj&a=data |search-v3|navbg,Full Time, IT/Software Development  Computer Science  Engineering  Information Technology (IT), 5 - 7 Yrs of Exp 
Electrical Technical Office Engineer,Confidential,"Bab Sharq, Alexandria, Egypt",1 day ago,https://wuzzuf.net/jobs/p/5Bo54pTaoTuM-Electrical-Technical-Office-Engineer-Alexandria-Egypt?o=573&l=sp&t=sj&a=data |search-v3|navbg,Full Time, Engineering - Mechanical/Electrical  Technical Office  Electrical Engineering  Electrical  Engineering  AutoCAD, 3 - 5 Yrs of Exp 
Cyber Security Engineer,Egypt University of Informatics (EUI),"New Capital, Cairo, Egypt",1 day ago,https://wuzzuf.net/jobs/p/VFjKWaUZAKhi-Cyber-Security-Engineer-Egypt-University-of-Informatics-EUI-Cairo-Egypt?o=574&l=sp&t=sj&a=data |search-v3|navbg,Full Time, IT/Software Development  Engineering  firewalls  IT  CCNP, 3 - 5 Yrs of Exp 
Production Internship,Prometeon Tyres Group – Egypt  (Ex-Pirelli Tyres Egypt),"Ameria, Alexandria, Egypt",1 day ago,https://wuzzuf.net/internship/MlNBtoVL0iWx-Production-Internship-Prometeon-Tyres-Group-–-Egypt-Ex-Pirelli-Tyres-Egypt-Alexandria-Egypt?o=575&l=sp&t=sj&a=data |search-v3|navbg,Internship, Manufacturing/Production  Science  Production, males_preferred 
Translator / Senior Translator,TransOrient,"Cairo, Egypt",1 day ago,https://wuzzuf.net/jobs/p/eWuWKRI87GDV-Translator-Senior-Translator-TransOrient-Cairo-Egypt?o=576&l=sp&t=sj&a=data |search-v3|navbg,Full TimeWork From Home, Writing/Editorial  Translation  Localization  Writing  Editing  English Translation  Legal Translation  Medical Translation  Technical Translation  CAT, 3+ Yrs of Exp 
Creative/ Art Director,Magnom,"New Cairo, Cairo, Egypt",2 days ago,https://wuzzuf.net/jobs/p/TgOktSVabyu7-Creative-Art-Director-Magnom-Cairo-Egypt?o=577&l=sp&t=sj&a=data |search-v3|navbg,Full Time, Creative/Design/Art  Marketing/PR/Advertising  Media/Journalism/Publishing  Brand Development  Art  Creative  communications  Graphic  Digital  Design, 8 - 10 Yrs of Exp 
Call Center Agent - English Account,Etisalat Egypt,"Maadi, Cairo, Egypt",2 days ago,https://wuzzuf.net/jobs/p/OqKnfr7NfdL2-Call-Center-Agent---English-Account-Etisalat-Egypt-Cairo-Egypt?o=578&l=sp&t=sj&a=data |search-v3|navbg,Full Time, Banking  Customer Service/Support  Call Center  Communication  Customer Focus  Communication skills  Customer Care  Customer Service  Customer Support  Customer, 0 - 10 Yrs of Exp 
Security Software Developer - ELK,Orange Business,"Nasr City, Cairo, Egypt",2 days ago,https://wuzzuf.net/jobs/p/YA3VQbscUyfv-Security-Software-Developer---ELK-Orange-Business-Cairo-Egypt?o=579&l=sp&t=sj&a=data |search-v3|navbg,Full Time, IT/Software Development  Engineering - Telecom/Technology  Ansible  Gitlab  ci/cd  Docker  docker hub  Linux  elk  Elasticsearch, 2 - 8 Yrs of Exp 
General Accountant,Confidential,"Maadi, Cairo, Egypt",2 days ago,https://wuzzuf.net/jobs/p/wjPbHPl2Wave-General-Accountant-Cairo-Egypt?o=580&l=sp&t=sj&a=data |search-v3|navbg,Full Time, Accounting/Finance  Accounting  excel  MS Excel  MS  Vlookups, 1 - 3 Yrs of Exp 
Security Solutions Engineer - Proxy and Load Balancing,Orange Business,"Nasr City, Cairo, Egypt",2 days ago,https://wuzzuf.net/jobs/p/gMF60CrST8DP-Security-Solutions-Engineer---Proxy-and-Load-Balancing-Orange-Business-Cairo-Egypt?o=581&l=sp&t=sj&a=data |search-v3|navbg,Full Time, IT/Software Development  Engineering - Telecom/Technology  TCP/IP  Microsoft Active Directory  identify management systems  F5 Networks  bigip  ASM  bluecoat  cisco ironport, 4 - 9 Yrs of Exp 
Maintenance Engineer,Wadi Degla Trading,"Maadi, Cairo, Egypt",2 days ago,https://wuzzuf.net/jobs/p/BE7D7G8O01AI-Maintenance-Engineer-Wadi-Degla-Trading-Cairo-Egypt?o=582&l=sp&t=sj&a=data |search-v3|navbg,Full Time, males_only  Installation/Maintenance/Repair  Engineering - Mechanical/Electrical  Electrical Engineering  Electrical  Maintenance Engineer  Engineering  Maintenance  UPS  Maintenance Engineering  Electrical Maintenance, 1 - 3 Yrs of Exp 
Senior structure design engineer,Trust Engineering,"Maadi, Cairo, Egypt",2 days ago,https://wuzzuf.net/jobs/p/A3C6qZcMl8WJ-Senior-structure-design-engineer-Trust-Engineering-Cairo-Egypt?o=583&l=sp&t=sj&a=data |search-v3|navbg,Full Time, Engineering - Construction/Civil/Architecture  Civil  Design  Engineering, 5 - 8 Yrs of Exp 
power supply,SYSTRA,"Cairo, Egypt",2 days ago,https://wuzzuf.net/jobs/p/slNlNkJ7hbUe-power-supply-SYSTRA-Cairo-Egypt?o=584&l=sp&t=sj&a=data |search-v3|navbg,Full Time, Engineering - Construction/Civil/Architecture  Power  Power Supply  Electrical Engineering  Engineering, 15 - 20 Yrs of Exp 
Utility Engineer,Saint-Gobain,"Ain Sokhna, Suez, Egypt",2 days ago,https://wuzzuf.net/jobs/p/ioSv5OQGZdjJ-Utility-Engineer-Saint-Gobain-Suez-Egypt?o=585&l=sp&t=sj&a=data |search-v3|navbg,Full Time, Engineering - Mechanical/Electrical  Mechanical Engineering  Maintenance  Engineering  mechanical power  Utilities  AutoCAD, 1 - 3 Yrs of Exp 
Finance & Accounting Manager,Stryve,"New Cairo, Cairo, Egypt",2 days ago,https://wuzzuf.net/jobs/p/6GPa7HQRGN57-Finance-Accounting-Manager-Stryve-Cairo-Egypt?o=586&l=sp&t=sj&a=data |search-v3|navbg,Full Time, Accounting/Finance  accountant  Accounting  CMA  CPA  English  Finance  excel, 6 - 12 Yrs of Exp 
Sales Associate - Fashion Retail,Ben Soliman,"Nasr City, Cairo, Egypt",2 days ago,https://wuzzuf.net/jobs/p/IVeW0gx4bN5g-Sales-Associate---Fashion-Retail-Ben-Soliman-Cairo-Egypt?o=587&l=sp&t=sj&a=data |search-v3|navbg,Full Time, males_only  Sales/Retail  Fashion  Customer Service  Communication  Fashion Retail  negotiation skills  Sales Target  Selling  Sales  sales skills, 1 - 5 Yrs of Exp 
Applications Administrator,Centro CDX,"Maadi, Cairo, Egypt",2 days ago,https://wuzzuf.net/jobs/p/ba8SmNHuK2pp-Applications-Administrator-Centro-CDX-Cairo-Egypt?o=588&l=sp&t=sj&a=data |search-v3|navbg,Full Time, IT/Software Development  database admin  DBA  Oracle  app admin  Dynamics 365  D365 FO  CE security  LCS  Azure Cloud, 3 - 7 Yrs of Exp 
Electrical Technical support Engineer,epselectric Egypt,"Cairo, Egypt",2 days ago,https://wuzzuf.net/jobs/p/DotgEX1CUKXa-Electrical-Technical-support-Engineer-epselectric-Egypt-Cairo-Egypt?o=589&l=sp&t=sj&a=data |search-v3|navbg,Full Time, Engineering - Telecom/Technology  Engineering - Mechanical/Electrical  Engineering - Other  Engineering  Electrical Engineering, 1 - 3 Yrs of Exp 
Business Unit Managers,Confidential,"Cairo, Egypt",2 days ago,https://wuzzuf.net/jobs/p/HpzSlpNO3CER-Business-Unit-Managers-Cairo-Egypt?o=590&l=sp&t=sj&a=data |search-v3|navbg,Full Time, Medical/Healthcare  Sales/Retail  Pharmaceutical  Pharmaceutical  Pharmacy  Science  Business Development  Sales  sales skills  Agile, 3 - 14 Yrs of Exp 
Senior Accountant (Accounts Receivable),Ostool Transport,"6th of October, Giza, Egypt",2 days ago,https://wuzzuf.net/jobs/p/JncCdxExpgW1-Senior-Accountant-Accounts-Receivable-Ostool-Transport-Giza-Egypt?o=591&l=sp&t=sj&a=data |search-v3|navbg,Full Time, Accounting/Finance  ERP  Accounting  Finance  Commerce  Microsoft Office  English  AR  CMA  Financial Analysis, 5 - 6 Yrs of Exp 
Senior Logistics & Purchasing Executive,Confidential,"10th of Ramadan City, Sharqia, Egypt",2 days ago,https://wuzzuf.net/jobs/p/pVCOMVBoz77F-Senior-Logistics-Purchasing-Executive-Sharqia-Egypt?o=592&l=sp&t=sj&a=data |search-v3|navbg,Full Time, Administration  English  Logistics  Procurement  Purchasing  Supply  Supply Chain, 4 - 7 Yrs of Exp 
UI/UX Designer (On-Site),Union Coop,"Dokki, Giza, Egypt",2 days ago,https://wuzzuf.net/jobs/p/jwM8H47VoAyk-UIUX-Designer-On-Site-Union-Coop-Giza-Egypt?o=593&l=sp&t=sj&a=data |search-v3|navbg,Full Time, Creative/Design/Art  IT/Software Development  Engineering - Telecom/Technology  UI  UX  Computer Science  Design  CSS  HTML5  Bootstrap, 3 - 5 Yrs of Exp 
Social media Executive & Content writer,Confidential,"Alexandria, Egypt",2 days ago,https://wuzzuf.net/jobs/p/vxOmDEKNQJk6-Social-media-Executive-Content-writer-Alexandria-Egypt?o=594&l=sp&t=sj&a=data |search-v3|navbg,Full TimeWork From Home, females_preferred  Writing/Editorial  Marketing/PR/Advertising  Media/Journalism/Publishing  Content Writing  English  Social Media  Customer Support, 3 - 5 Yrs of Exp 
HR Specialist,Horizon Chemical for Special Chemicals,"Bolkly, Alexandria, Egypt",2 days ago,https://wuzzuf.net/jobs/p/OKeKzHGLd4Pw-HR-Specialist-Horizon-Chemical-for-Special-Chemicals-Alexandria-Egypt?o=595&l=sp&t=sj&a=data |search-v3|navbg,Full Time, males_preferred  Administration  Human Resources  business  Administration  Business Administration  Communication  Communication skills  Human Resources  HR  Human Resources (HR), 4 - 7 Yrs of Exp 
Procurement Team Leader Engineer,Rowad Modern Engineering,"New Cairo, Cairo, Egypt",2 days ago,https://wuzzuf.net/jobs/p/VDCRZ1hT31oS-Procurement-Team-Leader-Engineer-Rowad-Modern-Engineering-Cairo-Egypt?o=596&l=sp&t=sj&a=data |search-v3|navbg,Full Time, Engineering - Construction/Civil/Architecture  Purchasing/Procurement  Civil Engineering  Civil  Construction  Engineering  Procurement  Purchasing  English  Architectural Engineering, 10 - 12 Yrs of Exp 
Monitoring and evaluation specialist | NGO,Confidential,"Nasr City, Cairo, Egypt",1 month ago,https://wuzzuf.net/jobs/p/uBtJb4TeJoV2-Monitoring-and-evaluation-specialist-NGO-Cairo-Egypt?o=597&l=sp&t=sj&a=data |search-v3|navbg,Full Time, Operations/Management  Project/Program Management  Analyst/Research  Evaluation  job evaluation  job analysis  Analysis  Administration  Project Management  Monitoring, 2 - 5 Yrs of Exp 
"Infrastructure Engineer, Fintech",Optasia,"Downtown, Cairo, Egypt",1 month ago,https://wuzzuf.net/jobs/p/LMaNalvZtRbR-Infrastructure-Engineer-Fintech-Optasia-Cairo-Egypt?o=598&l=sp&t=sj&a=data |search-v3|navbg,Full Time, IT/Software Development  Engineering - Telecom/Technology  Computer Science  Information Technology (IT)  Infrastructure  Networking  Software  Cloud, 3 - 7 Yrs of Exp 
Android Developer,Ibn Sina Pharma,"New Cairo, Cairo, Egypt",1 month ago,https://wuzzuf.net/jobs/p/tUFakVGFSLmd-Android-Developer-Ibn-Sina-Pharma-Cairo-Egypt?o=599&l=sp&t=sj&a=data |search-v3|navbg,Full Time, IT/Software Development  Engineering - Telecom/Technology  Android app  Mobile Development  Android  Software  REST  Software Development  Computer Science  Engineering, 2 - 4 Yrs of Exp 
immunology/immuno-oncology scientist,Proteinea,"Cairo, Egypt",3 days ago,https://wuzzuf.net/jobs/p/TDIl3dpTtpD8-immunologyimmuno-oncology-scientist-Proteinea-Cairo-Egypt?o=600&l=sp&t=sj&a=data |search-v3|navbg,Full Time, Immunology  immuno-oncology, R&D/Science 
Resale Property Consultant,Confidential,"New Cairo, Cairo, Egypt",3 days ago,https://wuzzuf.net/jobs/p/2la7Sf24YHDM-Resale-Property-Consultant-Cairo-Egypt?o=601&l=sp&t=sj&a=data |search-v3|navbg,Full Time, Sales/Retail  Real Estate  Sales  Indoor Sales  Sales Skills  Property Sales  Brokerage  Outdoor Sales  Sales Target, 1+ Yrs of Exp 
Accounting Supervisor,Confidential,"Cairo, Egypt",3 days ago,https://wuzzuf.net/jobs/p/WhUlx5U9Zki0-Accounting-Supervisor-Cairo-Egypt?o=602&l=sp&t=sj&a=data |search-v3|navbg,Full Time, Accounting/Finance  Banking  Analyst/Research  Accounting  Accounting Software  Bookkeeping  Computer Skills  Finance  excel  Financial Analysis, 4+ Yrs of Exp 
Senior Quantity Surveyor,Confidential,"Maadi, Cairo, Egypt",3 days ago,https://wuzzuf.net/jobs/p/m7RrjKz2g4gV-Senior-Quantity-Surveyor-Cairo-Egypt?o=603&l=sp&t=sj&a=data |search-v3|navbg,Full Time, Engineering - Construction/Civil/Architecture  Civil  Civil Engineering  Architecture  AutoCAD, 5 - 10 Yrs of Exp 
Logistics Section Head,ICON Holding,"Helwan, Cairo, Egypt",3 days ago,https://wuzzuf.net/jobs/p/q1Wzlx0seTak-Logistics-Section-Head-ICON-Holding-Cairo-Egypt?o=604&l=sp&t=sj&a=data |search-v3|navbg,Full Time, Logistics/Supply Chain  Logistics  supply chain management  Supply  Supply Chain, 5 - 7 Yrs of Exp 
IT Help Desk Specialist - Alexandria,Caduceus Lane,"San Stefano, Alexandria, Egypt",3 days ago,https://wuzzuf.net/jobs/p/4fsebT3UuGdQ-IT-Help-Desk-Specialist---Alexandria-Caduceus-Lane-Alexandria-Egypt?o=605&l=sp&t=sj&a=data |search-v3|navbg,Full Time, IT/Software Development  computer  Computer Science  Computer Systems  Configuration  Hardware  English  Help desk  Information Technology (IT)  Installation, 2 - 4 Yrs of Exp 
UI/UX Designer - Alexandria,Caduceus Lane,"Alexandria, Egypt",3 days ago,https://wuzzuf.net/jobs/p/mYF2NNs5rBUu-UIUX-Designer---Alexandria-Caduceus-Lane-Alexandria-Egypt?o=606&l=sp&t=sj&a=data |search-v3|navbg,Full Time, Creative/Design/Art  IT/Software Development  Engineering - Telecom/Technology  UI  UX  Design  Adobe Illustrator  Adobe Photoshop  javaScript  HTML5, 2+ Yrs of Exp 
Senior Backend Developer (.NET),Bydotpy,"New Cairo, Cairo, Egypt",3 days ago,https://wuzzuf.net/jobs/p/HSkwKtWuSALU-Senior-Backend-Developer-NET-Bydotpy-Cairo-Egypt?o=607&l=sp&t=sj&a=data |search-v3|navbg,Full Time, IT/Software Development  Engineering - Telecom/Technology  .Net  ASP.Net  MVC  Computer Engineering  Computer Science  Engineering  CSS  HTML, 5+ Yrs of Exp 
Backend Developer -Alexandria,Caduceus Lane,"Alexandria, Egypt",3 days ago,https://wuzzuf.net/jobs/p/lD8hIokXTuqb-Backend-Developer--Alexandria-Caduceus-Lane-Alexandria-Egypt?o=608&l=sp&t=sj&a=data |search-v3|navbg,Full Time, IT/Software Development  Engineering - Telecom/Technology  Information Technology (IT)  Software Development  Software Engineering  Computer Science  PHP  javaScript  MySQL  Laravel, 3 - 6 Yrs of Exp 
Compliance Officer,Al Ahly Capital Holding,"Zamalek, Cairo, Egypt",3 days ago,https://wuzzuf.net/jobs/p/Iloem6OClvqV-Compliance-Officer-Al-Ahly-Capital-Holding-Cairo-Egypt?o=609&l=sp&t=sj&a=data |search-v3|navbg,Full Time, Other  Corporate Governance  Compliance  AML  Regulatory Compliance  English, 3 - 6 Yrs of Exp 
General Accountant,Kandeel Group,"New Cairo, Cairo, Egypt",3 days ago,https://wuzzuf.net/jobs/p/3dj3a9B8qZQk-General-Accountant-Kandeel-Group-Cairo-Egypt?o=610&l=sp&t=sj&a=data |search-v3|navbg,Full Time, Accounting/Finance  Accounting  Construction  Finance  Financial Management  Management  MS Office  office  MS, 3 - 5 Yrs of Exp 
Recruitment Section Head,Holw El Sham,"6th of October, Giza, Egypt",3 days ago,https://wuzzuf.net/jobs/p/noRYd1f9BuFt-Recruitment-Section-Head-Holw-El-Sham-Giza-Egypt?o=611&l=sp&t=sj&a=data |search-v3|navbg,Full Time, Human Resources  Recruitment  Human Resources (HR), 7 - 10 Yrs of Exp 
Junior Accountant,Delta Egypt For Lighting,"Obour City, Cairo, Egypt",3 days ago,https://wuzzuf.net/jobs/p/zmXddJpoPtPg-Junior-Accountant-Delta-Egypt-For-Lighting-Cairo-Egypt?o=612&l=sp&t=sj&a=data |search-v3|navbg,Full Time, Accounting/Finance  Accounting  Finance  Financial  Financial Reporting  SAP, 0 - 2 Yrs of Exp 
Call Center Section Head,Mersal,"Maadi, Cairo, Egypt",3 days ago,https://wuzzuf.net/jobs/p/T8aIbYaih3vc-Call-Center-Section-Head-Mersal-Cairo-Egypt?o=613&l=sp&t=sj&a=data |search-v3|navbg,Full Time, Customer Service/Support  Call Center  Microsoft Office  Customer Support  Management, 5 - 6 Yrs of Exp 
Accountant,Confidential,"Heliopolis, Cairo, Egypt",3 days ago,https://wuzzuf.net/jobs/p/NOY77mJIyWbJ-Accountant-Cairo-Egypt?o=614&l=sp&t=sj&a=data |search-v3|navbg,Full Time, Accounting/Finance  Accounting  accountant  Finance  Accounting Software  Accounting principles  Software, 7 - 10 Yrs of Exp 
Sales retail coordinator..,Confidential,"Obour City, Cairo, Egypt",3 days ago,https://wuzzuf.net/jobs/p/zAuPR3YZ1aMR-Sales-retail-coordinator-Cairo-Egypt?o=615&l=sp&t=sj&a=data |search-v3|navbg,Full Time, Business Development  Customer Service/Support  Sales/Retail  negotiation skills  Communication skills  Business Administration  Purchasing  Furniture  sales skills  Sales Target, 1 - 4 Yrs of Exp 
Export Sales Account Manager - FMCG,Royal Herbs,"Sheikh Zayed, Giza, Egypt",3 days ago,https://wuzzuf.net/jobs/p/Wqz7mecnjh2c-Export-Sales-Account-Manager---FMCG-Royal-Herbs-Giza-Egypt?o=616&l=sp&t=sj&a=data |search-v3|navbg,Full Time, males_preferred  Business Development  Customer Service/Support  B2B  Administration  Customer Service  account manager  Sales  Sales Target  Export  Export Development, 2 - 3 Yrs of Exp 
HVAC Bim Modeler (Engineers - Draftsman),Cscec,"New Capital, Cairo, Egypt",3 days ago,https://wuzzuf.net/jobs/p/JyWenOuxxg7h-HVAC-Bim-Modeler-Engineers---Draftsman-Cscec-Cairo-Egypt?o=617&l=sp&t=sj&a=data |search-v3|navbg,Full Time, Engineering - Mechanical/Electrical  BIM  HVAC  Revit  Communication skills  LOD 400  Mechanical Engineering, 3 - 7 Yrs of Exp 
"HR Generalist - Planning, Payroll & Recruitment",TechMart,"Sheikh Zayed, Giza, Egypt",3 days ago,https://wuzzuf.net/jobs/p/syQhw6l0mjXD-HR-Generalist---Planning-Payroll-Recruitment-TechMart-Giza-Egypt?o=618&l=sp&t=sj&a=data |search-v3|navbg,Full Time, Human Resources  Human Resources (HR)  HRM  Recruitment  Payroll  Personnel  Coaching Skills  Human Resources  HR  Training, 3+ Yrs of Exp 
Senior Accountant,TechMart,"Sheikh Zayed, Giza, Egypt",3 days ago,https://wuzzuf.net/jobs/p/np0nOcXX3P9R-Senior-Accountant-TechMart-Giza-Egypt?o=619&l=sp&t=sj&a=data |search-v3|navbg,Full Time, Accounting/Finance  Accounting  Finance  Commerce  CPA  Retail  Financial Management  Financial Analysis  Business  Leadership, 3+ Yrs of Exp 
HR Specialist,Spinneys Egypt,"Shorouk City, Cairo, Egypt",3 days ago,https://wuzzuf.net/jobs/p/jXGQTY4e8a0v-HR-Specialist-Spinneys-Egypt-Cairo-Egypt?o=620&l=sp&t=sj&a=data |search-v3|navbg,Full Time, Administration  Human Resources  Training/Instructor  HR  HR Specialist  Human Resources (HR)  Personnel  Microsoft Office  Recruitment  specialist, 2+ Yrs of Exp 
Administrative Assistant,Adamco Pharm,"6th of October, Giza, Egypt",3 days ago,https://wuzzuf.net/jobs/p/on3RNIuOOt6E-Administrative-Assistant-Adamco-Pharm-Giza-Egypt?o=621&l=sp&t=sj&a=data |search-v3|navbg,Full Time, Administration  Administration  Communication  Communication skills, 1 - 3 Yrs of Exp 
Executive Secretary,Moharamplast,"Alexandria, Egypt",3 days ago,https://wuzzuf.net/jobs/p/At9R0xvQ4aWj-Executive-Secretary-Moharamplast-Alexandria-Egypt?o=622&l=sp&t=sj&a=data |search-v3|navbg,Full Time, Administration  Business Administration  Government Operation  Administration  Secretary  Admin  Microsoft Office, 2 - 4 Yrs of Exp 
Accounting Manager,Moharamplast,"Ameria, Alexandria, Egypt",3 days ago,https://wuzzuf.net/jobs/p/b3Gp4d8E0Dpc-Accounting-Manager-Moharamplast-Alexandria-Egypt?o=623&l=sp&t=sj&a=data |search-v3|navbg,Full Time, Accounting/Finance  Accounting  Free zone  Financial Analysis  Financial Management  Finance  Commerce, 0 - 1 Yrs of Exp 
Material Planning Specialist,Alstom,"Cairo, Egypt",3 days ago,https://wuzzuf.net/jobs/p/bcQ38RWclws8-Material-Planning-Specialist-Alstom-Cairo-Egypt?o=624&l=sp&t=sj&a=data |search-v3|navbg,Full Time, Logistics/Supply Chain  Manufacturing/Production  Purchasing/Procurement  Logistics  material  Material Planning  Supply Chain, 2 - 5 Yrs of Exp 
B2B Sales Representative,Confidential,"New Cairo, Cairo, Egypt",3 days ago,https://wuzzuf.net/jobs/p/pLv1CChXU80g-B2B-Sales-Representative-Cairo-Egypt?o=625&l=sp&t=sj&a=data |search-v3|navbg,Full Time, Business Development  Customer Service/Support  Sales/Retail  English  Lubricants  B2B  Microsoft Office  sales skills  Sales Target  Sales, 2 - 3 Yrs of Exp 
EHS Specialist,Saint-Gobain,"Alsadat City, Monufya, Egypt",3 days ago,https://wuzzuf.net/jobs/p/isVMERdagpUt-EHS-Specialist-Saint-Gobain-Monufya-Egypt?o=626&l=sp&t=sj&a=data |search-v3|navbg,Full Time, Engineering - Construction/Civil/Architecture  Quality  EHS  Chemical  Quality Control  Safety  Engineering  Health &amp; Safety  Health, 3 - 5 Yrs of Exp 
Account Manager,GetSircles Digital Agency,"New Cairo, Cairo, Egypt",3 days ago,https://wuzzuf.net/jobs/p/ieJ4aljQG9Yx-Account-Manager-GetSircles-Digital-Agency-Cairo-Egypt?o=627&l=sp&t=sj&a=data |search-v3|navbg,Full TimePart Time, Sales/Retail  Account Management  Advertising  Digital  Marketing  Social Media Strategy, 3 - 6 Yrs of Exp 
Regulatory Affairs Specialist (French Speaker),Target Recruitment  & HR Solutions,"New Cairo, Cairo, Egypt",27 days ago,https://wuzzuf.net/jobs/p/zVDTzScok5Vy-Regulatory-Affairs-Specialist-French-Speaker-Target-Recruitment-HR-Solutions-Cairo-Egypt?o=628&l=sp&t=sj&a=data |search-v3|navbg,Full Time, Manufacturing/Production  Medical/Healthcare  Regulatory Affairs  EDA  CAPA  Pharmaceutical  Pharmacy  regulatory  SAP  Science, 1 - 3 Yrs of Exp 
Travel Advisor (WORK REMOTELY FROM HOME),AL HODA TRAVEL AND TOURISM,"Cairo, Egypt",4 days ago,https://wuzzuf.net/jobs/p/JXsDg9PeYNgP-Travel-Advisor-WORK-REMOTELY-FROM-HOME-AL-HODA-TRAVEL-AND-TOURISM-Cairo-Egypt?o=629&l=sp&t=sj&a=data |search-v3|navbg,Full TimeWork From Home, Tourism/Travel  Hotels  Travel  Airline Ticketing, 1 - 5 Yrs of Exp 
senior planning Engineer,Confidential,"Maadi, Cairo, Egypt",4 days ago,https://wuzzuf.net/jobs/p/0xj7d7DPagwo-senior-planning-Engineer-Cairo-Egypt?o=630&l=sp&t=sj&a=data |search-v3|navbg,Full Time, Engineering - Construction/Civil/Architecture  architectural  Civil  Construction  Engineering  Primavera, 5 - 8 Yrs of Exp 
Product Specialist (6th of October),PRT Scientific Office,"6th of October, Giza, Egypt",4 days ago,https://wuzzuf.net/jobs/p/7vGSqnXYnoHb-Product-Specialist-6th-of-October-PRT-Scientific-Office-Giza-Egypt?o=631&l=sp&t=sj&a=data |search-v3|navbg,Full Time, Medical/Healthcare  Sales/Retail  Pharmaceutical  Pharmacy  Veterinary  Medicine  Sales  Customer Service  Pharmaceutical  Cosmetics, 0 - 5 Yrs of Exp 
Product Specialist (Heliopolis),PRT Scientific Office,"Heliopolis, Cairo, Egypt",4 days ago,https://wuzzuf.net/jobs/p/LZgmuRRWnH5Z-Product-Specialist-Heliopolis-PRT-Scientific-Office-Cairo-Egypt?o=632&l=sp&t=sj&a=data |search-v3|navbg,Full Time, Medical/Healthcare  Sales/Retail  Pharmaceutical  Pharmacy  Veterinary  Medicine  Sales  Customer Service  Pharmaceutical  Cosmetics, 0 - 5 Yrs of Exp 
Product Specialist ( Nasr City - New Cairo),PRT Scientific Office,"Nasr City, Cairo, Egypt",4 days ago,https://wuzzuf.net/jobs/p/cNUftFIiyldu-Product-Specialist-Nasr-City---New-Cairo-PRT-Scientific-Office-Cairo-Egypt?o=633&l=sp&t=sj&a=data |search-v3|navbg,Full Time, Medical/Healthcare  Sales/Retail  Pharmaceutical  Pharmacy  Veterinary  Medicine  Sales  Customer Service  Pharmaceutical  Cosmetics, 0 - 5 Yrs of Exp 
Sales Outdoor Representative,Onecard,"Nasr City, Cairo, Egypt",6 days ago,https://wuzzuf.net/jobs/p/xV3B4vnECJjm-Sales-Outdoor-Representative-Onecard-Cairo-Egypt?o=634&l=sp&t=sj&a=data |search-v3|navbg,Full Time, Sales/Retail  Distribution  Outdoor  Computer Skills  Microsoft Office  Sales  Sales Skills  Sales Target  Selling  Outdoor Sales, 1 - 3 Yrs of Exp 
Department Coordinator,3D Diagnostix,"Maadi, Cairo, Egypt",6 days ago,https://wuzzuf.net/jobs/p/U2x9EY64KeRT-Department-Coordinator-3D-Diagnostix-Cairo-Egypt?o=635&l=sp&t=sj&a=data |search-v3|navbg,Full Time, Administration  Operations/Management  Admin  Administration  Customer Care  Customer Support  English  Medical, 0 - 3 Yrs of Exp 
Accountant - SAP,Mahgoub Group,"Nasr City, Cairo, Egypt",6 days ago,https://wuzzuf.net/jobs/p/yFpklxnQes4s-Accountant---SAP-Mahgoub-Group-Cairo-Egypt?o=636&l=sp&t=sj&a=data |search-v3|navbg,Full Time, Accounting/Finance  Accounting  Microsoft Office  Finance  Financial Management  Financial Analysis  SAP  FICO  PPV  GL, 1+ Yrs of Exp 
Senior Dot Net Full Stack Developer,Confidential,"6th of October, Giza, Egypt",6 days ago,https://wuzzuf.net/jobs/p/L6UTVs5maj6P-Senior-Dot-Net-Full-Stack-Developer-Giza-Egypt?o=637&l=sp&t=sj&a=data |search-v3|navbg,Full Time, IT/Software Development  Engineering - Telecom/Technology  Software  Computer Science  Information Technology (IT)  Agile  Angular  .Net Framework  Full Stack Development  API, 4 - 7 Yrs of Exp 
Accountant,Confidential,"Maadi, Cairo, Egypt",6 days ago,https://wuzzuf.net/jobs/p/l56pvTrMBUAT-Accountant-Cairo-Egypt?o=638&l=sp&t=sj&a=data |search-v3|navbg,Full Time, males_preferred  Accounting/Finance  Accounting  accountant  Finance, 1 - 2 Yrs of Exp 
Process Improvement Analyst,Fawry for Banking Technology and Electronic Payments S.A.E,"Smart Village, Giza, Egypt",6 days ago,https://wuzzuf.net/jobs/p/FntjC5yB93rg-Process-Improvement-Analyst-Fawry-for-Banking-Technology-and-Electronic-Payments-S-A-E-Giza-Egypt?o=639&l=sp&t=sj&a=data |search-v3|navbg,Full Time, Business Development  Analyst/Research  visio  Analysis  Administration  Process Improvement, 3 - 4 Yrs of Exp 
Outdoor Sales Engineer - 10th of Ramadan,Confidential,"10th of Ramadan City, Sharqia, Egypt",6 days ago,https://wuzzuf.net/jobs/p/QHrwyPldCmA9-Outdoor-Sales-Engineer---10th-of-Ramadan-Sharqia-Egypt?o=640&l=sp&t=sj&a=data |search-v3|navbg,Full Time, males_only  Sales/Retail  Engineering - Mechanical/Electrical  Sales  Sales Skills  Sales Target  Spare Parts  Customer Service  English  Electrical  Outdoor Sales, 0 - 3 Yrs of Exp 
Stock Controller & Fixed Assets Senior Accountant,Mersal,"Maadi, Cairo, Egypt",6 days ago,https://wuzzuf.net/jobs/p/jJl6qr2SaFtb-Stock-Controller-Fixed-Assets-Senior-Accountant-Mersal-Cairo-Egypt?o=641&l=sp&t=sj&a=data |search-v3|navbg,Full Time, Accounting/Finance  Logistics/Supply Chain  Accounting  inventory  Stock Control  Fixed Assets  Financial Management  English  Finance  Financial Analysis, 3+ Yrs of Exp 
Bilingual Associate,Ali & Co,"Zamalek, Cairo, Egypt",6 days ago,https://wuzzuf.net/jobs/p/asMk5uaHpLoy-Bilingual-Associate-Ali-Co-Cairo-Egypt?o=642&l=sp&t=sj&a=data |search-v3|navbg,Full Time, Legal  Bilingual  Corporate Law, 4 - 8 Yrs of Exp 
Graphic Designer,Smart Vision,"Nasr City, Cairo, Egypt",6 days ago,https://wuzzuf.net/jobs/p/jLQJJ3N0CqbG-Graphic-Designer-Smart-Vision-Cairo-Egypt?o=643&l=sp&t=sj&a=data |search-v3|navbg,Full Time, females_only  Creative/Design/Art  Marketing/PR/Advertising  Media/Journalism/Publishing  adobe  Adobe illustrator  Adobe Photoshop  Design  Fine Arts  Graphic  Graphic Design, 2 - 6 Yrs of Exp 
Financial Accountant,Confidential,"New Cairo, Cairo, Egypt",6 days ago,https://wuzzuf.net/jobs/p/gNLu0gLQQrfe-Financial-Accountant-Cairo-Egypt?o=644&l=sp&t=sj&a=data |search-v3|navbg,Full Time, males_only  Accounting/Finance  Accounting  Finance  Budgeting  Financial Reporting  Analysis  Accounting principles  Financial Management  Financial Analysis  English, 1 - 3 Yrs of Exp 
Business Development Manager,Smart EGAT,"Haram, Giza, Egypt",6 days ago,https://wuzzuf.net/jobs/p/isr6pDEYVO4I-Business-Development-Manager-Smart-EGAT-Giza-Egypt?o=645&l=sp&t=sj&a=data |search-v3|navbg,Full Time, Business Development  Sales/Retail  Customer Service  Management  Marketing  Business  English  Communication  Negotiation  Business Development, 3+ Yrs of Exp 
General Accountant,Confidential,"New Heliopolis, Cairo, Egypt",6 days ago,https://wuzzuf.net/jobs/p/iLEFnysGBROs-General-Accountant-Cairo-Egypt?o=646&l=sp&t=sj&a=data |search-v3|navbg,Full Time, Accounting/Finance  Accounting  Financial Reporting  excel  Financial Analysis  MS Office  ERP System  general accountant, 0 - 2 Yrs of Exp 
Chief Accountant,Confidential,"New Cairo, Cairo, Egypt",6 days ago,https://wuzzuf.net/jobs/p/m5yaBH5aO6ue-Chief-Accountant-Cairo-Egypt?o=647&l=sp&t=sj&a=data |search-v3|navbg,Full Time, Accounting/Finance  Operations/Management  Accounting  Tax  Financial Analysis  Finance  Bookkeeping  Accounting Software  MS Office  Computer Skills, 8 - 10 Yrs of Exp 
Head of Contact Center,Target Recruitment  & HR Solutions,"Cairo, Egypt",6 days ago,https://wuzzuf.net/jobs/p/v3yOYbgeUhGL-Head-of-Contact-Center-Target-Recruitment-HR-Solutions-Cairo-Egypt?o=648&l=sp&t=sj&a=data |search-v3|navbg,Full Time, Customer Service/Support  Operations/Management  Contact Center  business  Communication  Communication skills  Customer Care  CRM  Customer Service  Customer Support, 5 - 10 Yrs of Exp 
Secretary,"Himed Egypt (Medin, Hamilton)","Cairo, Egypt",6 days ago,https://wuzzuf.net/jobs/p/Thv07FeimXeT-Secretary-Himed-Egypt-Medin-Hamilton-Cairo-Egypt?o=649&l=sp&t=sj&a=data |search-v3|navbg,Full Time, Administration  Administration  MS Office  Office management  Microsoft Office  Admin  Communication Skills, 1 - 2 Yrs of Exp 
It Manager,Morcos,"Sharqia, Egypt",1 month ago,https://wuzzuf.net/jobs/p/Yb2D0ehwVWlR-It-Manager-Morcos-Sharqia-Egypt?o=650&l=sp&t=sj&a=data |search-v3|navbg,Full Time, IT/Software Development  Management  IT  networks  Computer Hardware  Computer Science  Computer Engineering  computer  Software  Information Technology (IT), 0 - 3 Yrs of Exp 
Cloud Engineer,34ML,"Heliopolis, Cairo, Egypt",7 days ago,https://wuzzuf.net/jobs/p/OVvRiFfsLXAk-Cloud-Engineer-34ML-Cairo-Egypt?o=651&l=sp&t=sj&a=data |search-v3|navbg,Full Time, IT/Software Development  Engineering - Telecom/Technology  Software Development  Information Technology (IT)  MEAN Stack  Mobile Development  Objective-C  Software Design  Web Development  Web Design, 0 - 3 Yrs of Exp 
Secretary ( Night Shift ),Amer Vision Group,"Sheraton, Cairo, Egypt",7 days ago,https://wuzzuf.net/jobs/p/dtul3BuaIKaN-Secretary-Night-Shift-Amer-Vision-Group-Cairo-Egypt?o=652&l=sp&t=sj&a=data |search-v3|navbg,Full Time, Administration  Administration  Office management  Secretary  Microsoft Office, 2 - 4 Yrs of Exp 
Electrical Maintenance Engineer,Confidential,"6th of October, Giza, Egypt",7 days ago,https://wuzzuf.net/jobs/p/2XG5e64wSfz8-Electrical-Maintenance-Engineer-Giza-Egypt?o=653&l=sp&t=sj&a=data |search-v3|navbg,Full Time, Engineering - Mechanical/Electrical  Electrical Engineering  Electric  Engineering  Maintenance, 0 - 2 Yrs of Exp 
Maintenance and projects Manager,Confidential,"Ameria, Alexandria, Egypt",7 days ago,https://wuzzuf.net/jobs/p/vo6OFJf0Rb8m-Maintenance-and-projects-Manager-Alexandria-Egypt?o=654&l=sp&t=sj&a=data |search-v3|navbg,Full Time, Manufacturing/Production  Project/Program Management  Engineering - Mechanical/Electrical  Engineering  Manufacturing  Leadership  Project Management  Performance  English  Garment, 10 - 15 Yrs of Exp 
Sales Representative,Go Natural Pure Cosmetics,"Giza, Egypt",7 days ago,https://wuzzuf.net/jobs/p/1uHkTiGRrmpR-Sales-Representative-Go-Natural-Pure-Cosmetics-Giza-Egypt?o=655&l=sp&t=sj&a=data |search-v3|navbg,Full Time, Sales/Retail  Sales  negotiation skills  English  Customer Service  Communication  Sales Target  sales skills  business, 3 - 5 Yrs of Exp 
Admin Assistant - maadi/ Helwan,UCMAS Academy,"Maadi, Cairo, Egypt",7 days ago,https://wuzzuf.net/jobs/p/h2W8SFZkE5nD-Admin-Assistant---maadi-Helwan-UCMAS-Academy-Cairo-Egypt?o=656&l=sp&t=sj&a=data |search-v3|navbg,Full Time, Administration  Customer Service/Support  Operations/Management  Admin Assistant  Admin  Communication  Microsoft Office  Secretary  Administration, 1 - 2 Yrs of Exp 
Database Administrator (Hybrid),Kick Start Interactive,"Dokki, Giza, Egypt",7 days ago,https://wuzzuf.net/jobs/p/jbcGTiFtwJWV-Database-Administrator-Hybrid-Kick-Start-Interactive-Giza-Egypt?o=657&l=sp&t=sj&a=data |search-v3|navbg,Full Time, IT/Software Development  Azure  Computer Science  DBA  Database  Database Administrator  Information Technology (IT)  Mssql  Information Systems, 5 - 7 Yrs of Exp 
Application Delivery Specialist _ 6 Months,A1Softech,"6th of October, Giza, Egypt",7 days ago,https://wuzzuf.net/jobs/p/HLdauD0ppREB-Application-Delivery-Specialist-6-Months-A1Softech-Giza-Egypt?o=658&l=sp&t=sj&a=data |search-v3|navbg,Freelance / Project, Banking  English  Computer Science  Technology  Technical Support, 1 - 3 Yrs of Exp 
"Customer Service "" Real estate """,NEW JERSEY Developments,"New Cairo, Cairo, Egypt",7 days ago,https://wuzzuf.net/jobs/p/tiSQfFHwYgnI-Customer-Service-Real-estate-NEW-JERSEY-Developments-Cairo-Egypt?o=659&l=sp&t=sj&a=data |search-v3|navbg,Full Time, Customer Service/Support  Communication  Customer Service  Real Estate  Legal Affairs, 3 - 5 Yrs of Exp 
Senior Internal Auditor,Mersal,"Maadi, Cairo, Egypt",7 days ago,https://wuzzuf.net/jobs/p/cVBx57XEWP6y-Senior-Internal-Auditor-Mersal-Cairo-Egypt?o=660&l=sp&t=sj&a=data |search-v3|navbg,Full Time, Accounting/Finance  Audit  Accounting  Communication skills  MS Office  Finance  Internal audit  English  Commerce  analytical, 5+ Yrs of Exp 
Senior HR Generalist Offshore Call Center,Confidential,"Nasr City, Cairo, Egypt",7 days ago,https://wuzzuf.net/jobs/p/47YSB9BvM64u-Senior-HR-Generalist-Offshore-Call-Center-Cairo-Egypt?o=661&l=sp&t=sj&a=data |search-v3|navbg,Full Time, Human Resources  Human Resources (HR)  Call Center  OD  Recruitment, 2 - 5 Yrs of Exp 
Planning & Budgeting section head,Egyptian Countryside Development Company,"Nasr City, Cairo, Egypt",1 month ago,https://wuzzuf.net/jobs/p/byOGgBJaeDiV-Planning-Budgeting-section-head-Egyptian-Countryside-Development-Company-Cairo-Egypt?o=662&l=sp&t=sj&a=data |search-v3|navbg,Full Time, Accounting/Finance  Business Development  Analyst/Research  Accounting  Business Planning  Business Development  Business Administration  Economics  Research  Analysis, 5+ Yrs of Exp 
AR Accountant,Egyptian Countryside Development Company,"Nasr City, Cairo, Egypt",1 month ago,https://wuzzuf.net/jobs/p/P1qaiyUFfd0j-AR-Accountant-Egyptian-Countryside-Development-Company-Cairo-Egypt?o=663&l=sp&t=sj&a=data |search-v3|navbg,Full Time, Accounting/Finance  Accounting  AR  Finance  Financial  Financial Analysis  Financial Reporting  Reporting  MS Office  ERP System, 3 - 7 Yrs of Exp 
Inventory Controller,Ahram Security Group,"10th of Ramadan City, Cairo, Egypt",7 days ago,https://wuzzuf.net/jobs/p/RGQZ1yBQ90wx-Inventory-Controller-Ahram-Security-Group-Cairo-Egypt?o=664&l=sp&t=sj&a=data |search-v3|navbg,Full Time, Accounting/Finance  Logistics/Supply Chain  Accounting  Inventory Control  inventory, 3 - 5 Yrs of Exp 
Graphic Designer,Orchidia Pharmaceutical Industries,"Obour City, Cairo, Egypt",7 days ago,https://wuzzuf.net/jobs/p/nWba48rJQ6T6-Graphic-Designer-Orchidia-Pharmaceutical-Industries-Cairo-Egypt?o=665&l=sp&t=sj&a=data |search-v3|navbg,Full Time, Creative/Design/Art  Marketing/PR/Advertising  Media/Journalism/Publishing  Graphic Design  Adobe Illustrator  Adobe Photoshop  Adobe Indesign  Pharmacy  Graphic Designing  illustrator, 2+ Yrs of Exp 
Sales Distribution Partner Manager (Red bull),NOK for Human Capital Solutions,"Alexandria, Egypt",7 days ago,https://wuzzuf.net/jobs/p/yfDa3tlgv2zw-Sales-Distribution-Partner-Manager-Red-bull-NOK-for-Human-Capital-Solutions-Alexandria-Egypt?o=666&l=sp&t=sj&a=data |search-v3|navbg,Full Time, Logistics/Supply Chain  Sales/Retail  Purchasing/Procurement  Distribution  Beverage  Leadership  Management  Sales  sales skills  Sales Target, 4 - 7 Yrs of Exp 
RBS West Human Resources,Eduhive,"6th of October, Giza, Egypt",7 days ago,https://wuzzuf.net/jobs/p/k58AcMPN0ahi-RBS-West-Human-Resources-Eduhive-Giza-Egypt?o=667&l=sp&t=sj&a=data |search-v3|navbg,Full Time, Human Resources  human resource  Human Resources (HR)  Human  Human Resources  Personnel  Recruitment, 2 - 4 Yrs of Exp 
Marketing Manager,Confidential,"Maadi, Cairo, Egypt",28 days ago,https://wuzzuf.net/jobs/p/ezeDUMUfaW1k-Marketing-Manager-Cairo-Egypt?o=668&l=sp&t=sj&a=data |search-v3|navbg,Full Time, Marketing/PR/Advertising  Marketing  E-marketing  Marketing Plans  SEO  Media  Marketing Management  Marketing Channels  Online Marketing  Market Research, 6 - 10 Yrs of Exp 
Senior Odoo Developer,E-Jawdah,"Nasr City, Cairo, Egypt",7 days ago,https://wuzzuf.net/jobs/p/YnjE54GZk95R-Senior-Odoo-Developer-E-Jawdah-Cairo-Egypt?o=669&l=sp&t=sj&a=data |search-v3|navbg,Full Time, IT/Software Development  Engineering - Telecom/Technology  Odoo  Python  Development  Computer Science  Information Technology (IT), 5 - 8 Yrs of Exp 
Internal Audit Officer,Egypt Kuwait Holding,"Agouza, Giza, Egypt",28 days ago,https://wuzzuf.net/jobs/p/WiGTzUKT0eRZ-Internal-Audit-Officer-Egypt-Kuwait-Holding-Giza-Egypt?o=670&l=sp&t=sj&a=data |search-v3|navbg,Full Time, Accounting/Finance  Operations/Management  Audit  Auditing  Internal audit  Microfinance, 3 - 5 Yrs of Exp 
IT Support -Help Desk,Blue Ribbon,"New Cairo, Cairo, Egypt",1 month ago,https://wuzzuf.net/jobs/p/CPPyX9QSt35W-IT-Support--Help-Desk-Blue-Ribbon-Cairo-Egypt?o=671&l=sp&t=sj&a=data |search-v3|navbg,Full Time, Installation/Maintenance/Repair  IT/Software Development  Engineering - Telecom/Technology  Help desk  Information Technology (IT)  network  English  Computer Science  Computer Engineering  Installation, 1 - 3 Yrs of Exp 
SW Quality Control Senior Tester,Ejada,"Alexandria, Egypt",8 days ago,https://wuzzuf.net/jobs/p/E6ddfl0NPE9D-SW-Quality-Control-Senior-Tester-Ejada-Alexandria-Egypt?o=672&l=sp&t=sj&a=data |search-v3|navbg,Full Time, IT/Software Development  Quality  API  Computer Science  ISTQB  Performance Testing  Quality Control  Testing, 5 - 10 Yrs of Exp 
Senior Social Media & Digital Marketing Specialist,Maxevia Corporate,"Nasr City, Cairo, Egypt",8 days ago,https://wuzzuf.net/jobs/p/8TXP7eTSyOSY-Senior-Social-Media-Digital-Marketing-Specialist-Maxevia-Corporate-Cairo-Egypt?o=673&l=sp&t=sj&a=data |search-v3|navbg,Full Time, Writing/Editorial  Marketing/PR/Advertising  Media/Journalism/Publishing  Digital Marketing  E-Marketing  Communication skills  Social Media  Online Marketing  SEO  Content Creation, 2 - 3 Yrs of Exp 
Microsoft SQL Database Senior Administrator,Premier Services and Recruitment,"6th of October, Giza, Egypt",28 days ago,https://wuzzuf.net/jobs/p/Pf8tUsgdlcEH-Microsoft-SQL-Database-Senior-Administrator-Premier-Services-and-Recruitment-Giza-Egypt?o=674&l=sp&t=sj&a=data |search-v3|navbg,Full Time, IT/Software Development  SQL  Administrator  Microsoft SQL  SQL Database, 6 - 10 Yrs of Exp 
HSE Manager,INTERPAC,"10th of Ramadan City, Sharqia, Egypt",8 days ago,https://wuzzuf.net/jobs/p/84QpuK4Jxza9-HSE-Manager-INTERPAC-Sharqia-Egypt?o=675&l=sp&t=sj&a=data |search-v3|navbg,Full Time, Operations/Management  Quality  Engineering - Other  HSE  Science  Engineering  Medicine  Veterinary  Quality  Safety, 10+ Yrs of Exp 
Architecture Technical Office Engineer,Lasirena Group,"Cairo, Egypt",8 days ago,https://wuzzuf.net/jobs/p/rJayyK98sxEv-Architecture-Technical-Office-Engineer-Lasirena-Group-Cairo-Egypt?o=676&l=sp&t=sj&a=data |search-v3|navbg,Full Time, Engineering - Construction/Civil/Architecture  3d max  Architecture  3D  Architecture Engineering  Engineering  photoshop  Skills  AutoCAD  Communication, 3 - 5 Yrs of Exp 
Furniture Sales Engineer,Good Wood,"New Cairo, Cairo, Egypt",8 days ago,https://wuzzuf.net/jobs/p/BlU0imoaOYbb-Furniture-Sales-Engineer-Good-Wood-Cairo-Egypt?o=677&l=sp&t=sj&a=data |search-v3|navbg,Full Time, Operations/Management  Sales/Retail  Sales  sales skills  Sales Target  Microsoft Office  Customer Service  Customer Care  Cold Calling  CRM, 3 - 7 Yrs of Exp 
Network Engineer,Talaat Moustafa Group,"Dokki, Giza, Egypt",28 days ago,https://wuzzuf.net/jobs/p/9sWbvDO1UiL0-Network-Engineer-Talaat-Moustafa-Group-Giza-Egypt?o=678&l=sp&t=sj&a=data |search-v3|navbg,Full Time, Installation/Maintenance/Repair  IT/Software Development  Engineering - Telecom/Technology  Information Technology (IT)  Networking  Engineering  Network  Computer Science  Security  Computer, 2 - 5 Yrs of Exp 
HR Coordinator,Cizaro,"New Cairo, Cairo, Egypt",1 month ago,https://wuzzuf.net/jobs/p/Tleggbxao9TJ-HR-Coordinator-Cizaro-Cairo-Egypt?o=679&l=sp&t=sj&a=data |search-v3|navbg,Full Time, females_preferred  Human Resources  Hr coordinator  HR  Human Resources  Human Resources (HR), 1 - 2 Yrs of Exp 
Senior Computer Vision Engineer,TensorGraph,"Maadi, Cairo, Egypt",8 days ago,https://wuzzuf.net/jobs/p/6Y0UFr28bvE8-Senior-Computer-Vision-Engineer-TensorGraph-Cairo-Egypt?o=680&l=sp&t=sj&a=data |search-v3|navbg,Full Time, IT/Software Development  Engineering - Telecom/Technology  Computer Science  Engineering  Python  R  PyTorch  TensorFlow  Scikit-learn  Troubleshooting, 4 - 6 Yrs of Exp 
Odoo Implementer,Confidential,"Cairo, Egypt",8 days ago,https://wuzzuf.net/jobs/p/8JQ78EcpjIqi-Odoo-Implementer-Cairo-Egypt?o=681&l=sp&t=sj&a=data |search-v3|navbg,Full Time, Accounting/Finance  IT/Software Development  Engineering - Telecom/Technology  Computer Science  Administration  Business Administration  Business Processes  business  Communication skills  Information Technology (IT), 4+ Yrs of Exp 
SEO Specialist,"Izam, inc.","Mohandessin, Giza, Egypt",8 days ago,https://wuzzuf.net/jobs/p/mIuM9W3zi4ek-SEO-Specialist-Izam-inc-Giza-Egypt?o=682&l=sp&t=sj&a=data |search-v3|navbg,Full Time, Marketing/PR/Advertising  Media/Journalism/Publishing  SEO  Marketing  Digital Marketing  Link Building  Analysis  Communication  Communication skills  Content, 1 - 3 Yrs of Exp 
Senior Software Tester,Confidential,"Maadi, Cairo, Egypt",8 days ago,https://wuzzuf.net/jobs/p/bN1Ae9cS2Gsf-Senior-Software-Tester-Cairo-Egypt?o=683&l=sp&t=sj&a=data |search-v3|navbg,Full Time, IT/Software Development  Quality  Engineering - Telecom/Technology  Computer Science  Certified Software Tester  Test Design  SQL  Reporting  Software  Testing, 5 - 8 Yrs of Exp 
Senior Financial Analyst,Ibn Sina Pharma,"New Cairo, Cairo, Egypt",8 days ago,https://wuzzuf.net/jobs/p/thOhOCJAV7MN-Senior-Financial-Analyst-Ibn-Sina-Pharma-Cairo-Egypt?o=684&l=sp&t=sj&a=data |search-v3|navbg,Full Time, Accounting/Finance  Analyst/Research  Accounting  Analysis  Financial Analysis  Auditing  Commerce  CFA  Economics  English, 3 - 5 Yrs of Exp 
Accounting Manager,Confidential,"Sheraton, Cairo, Egypt",8 days ago,https://wuzzuf.net/jobs/p/fxTQcxcCAYHd-Accounting-Manager-Cairo-Egypt?o=685&l=sp&t=sj&a=data |search-v3|navbg,Full Time, Accounting/Finance  Accounting  Reporting, 12 - 15 Yrs of Exp 
Section head Electrical Engineer,Greater Cairo Foundries Co. S.A.E,"Obour City, Cairo, Egypt",8 days ago,https://wuzzuf.net/jobs/p/QCMQh8MVLQlV-Section-head-Electrical-Engineer-Greater-Cairo-Foundries-Co-S-A-E-Cairo-Egypt?o=686&l=sp&t=sj&a=data |search-v3|navbg,Full Time, Engineering - Mechanical/Electrical  Communication skills  PLC  CAD  Electrical Engineering, 8 - 15 Yrs of Exp 
Senior Copywriter- Alexandria,Caduceus Lane,"San Stefano, Alexandria, Egypt",8 days ago,https://wuzzuf.net/jobs/p/ySUGfigMkSd3-Senior-Copywriter--Alexandria-Caduceus-Lane-Alexandria-Egypt?o=687&l=sp&t=sj&a=data |search-v3|navbg,Full Time, Writing/Editorial  Communication skills  Software Development  Science  English  Editing  Content  Computer Science  Marketing  Software Engineering, 2 - 5 Yrs of Exp 
Senior fashion retail planner,Al-Nasser,"6th of October, Giza, Egypt",8 days ago,https://wuzzuf.net/jobs/p/cZji0mV4o1tG-Senior-fashion-retail-planner-Al-Nasser-Giza-Egypt?o=688&l=sp&t=sj&a=data |search-v3|navbg,Full Time, IT/Software Development  Retailer  Fashion, 4 - 8 Yrs of Exp 
Senior Sales Executive,LIVIT,"6th of October, Giza, Egypt",8 days ago,https://wuzzuf.net/jobs/p/Fyr2pSSDios9-Senior-Sales-Executive-LIVIT-Giza-Egypt?o=689&l=sp&t=sj&a=data |search-v3|navbg,Full Time, Business Development  Sales/Retail  Sales  Sales Target  Schools  Education Sales  CRM  sales skills  English  Communication skills, 5+ Yrs of Exp 
Aftermarket Spare Parts Sales Engineer - Diesel Engine Parts ( Must own a Car),Egyptian National Co.For Hydraulic,"10th of Ramadan City, Cairo, Egypt",8 days ago,https://wuzzuf.net/jobs/p/teUSYYlhRDFA-Aftermarket-Spare-Parts-Sales-Engineer---Diesel-Engine-Parts-Must-own-a-Car-Egyptian-National-Co-For-Hydraulic-Cairo-Egypt?o=690&l=sp&t=sj&a=data |search-v3|navbg,Full Time, Customer Service/Support  Sales/Retail  Engineering - Mechanical/Electrical  Mechanical  Marketing  Sales  Spare Parts  sales skills, 2 - 7 Yrs of Exp 
Export Sales Specialist,TechnoBit Group,"Cairo, Egypt",8 days ago,https://wuzzuf.net/jobs/p/MZXw3mUIY31o-Export-Sales-Specialist-TechnoBit-Group-Cairo-Egypt?o=691&l=sp&t=sj&a=data |search-v3|navbg,Full Time, Customer Service/Support  Sales/Retail  Communication  CRM  Customer Service  Marketing  Sales  sales skills  Sales Target  Startup, 1 - 3 Yrs of Exp 
AX Developer (Solution Specialist),Premier Services and Recruitment Overseas,"Maadi, Cairo, Egypt",28 days ago,https://wuzzuf.net/jobs/p/5kJPZ6L3iC39-AX-Developer-Solution-Specialist-Premier-Services-and-Recruitment-Overseas-Cairo-Egypt?o=692&l=sp&t=sj&a=data |search-v3|navbg,Full Time, IT/Software Development  Ax  Development  Computer Science  SAP  Information Technology (IT)  Troubleshooting  Programming, 2 - 3 Yrs of Exp 
Structural Steel Designer,Raafat Miller Consulting,"Dokki, Giza, Egypt",8 days ago,https://wuzzuf.net/jobs/p/eYD1Jx61x3gG-Structural-Steel-Designer-Raafat-Miller-Consulting-Giza-Egypt?o=693&l=sp&t=sj&a=data |search-v3|navbg,Full Time, Engineering - Construction/Civil/Architecture  Creative/Design/Art  Design  Engineering  Steel  Steel Structure  Structure  English  Civil Engineering  AutoCAD, 5 - 7 Yrs of Exp 
Full Stack Developer - Alexandria,Caduceus Lane,"San Stefano, Alexandria, Egypt",8 days ago,https://wuzzuf.net/jobs/p/MdCRW1v9Zarq-Full-Stack-Developer---Alexandria-Caduceus-Lane-Alexandria-Egypt?o=694&l=sp&t=sj&a=data |search-v3|navbg,Full Time, IT/Software Development  Engineering - Telecom/Technology  CSS  Full Stack  HTML  Web Development  Software Development  JavaScript  PHP  MySQL, 2 - 4 Yrs of Exp 
Quality Control Senior Engineer,Kandil Industries,"10th of Ramadan City, Cairo, Egypt",28 days ago,https://wuzzuf.net/jobs/p/MVh9fxlOrqZO-Quality-Control-Senior-Engineer-Kandil-Industries-Cairo-Egypt?o=695&l=sp&t=sj&a=data |search-v3|navbg,Full Time, females_preferred  Manufacturing/Production  Quality  Engineering - Mechanical/Electrical  Engineering  Production  Quality Control  Quality Assurance  Lean Manufacturing  Mechanical Engineering  QC, 5 - 7 Yrs of Exp 
German Language Trainer,Sykes Enterprises,"Maadi, Cairo, Egypt",9 days ago,https://wuzzuf.net/jobs/p/fQTRoISSadUh-German-Language-Trainer-Sykes-Enterprises-Cairo-Egypt?o=696&l=sp&t=sj&a=data |search-v3|navbg,Full Time, Customer Service/Support  Education/Teaching  Training/Instructor  Teaching  Education  german  Language Teaching  Training  TOT  Communication, 1 - 3 Yrs of Exp 
Personal Assistant,Confidential,"Mohandessin, Giza, Egypt",9 days ago,https://wuzzuf.net/jobs/p/YVMdbY1geSl3-Personal-Assistant-Giza-Egypt?o=697&l=sp&t=sj&a=data |search-v3|navbg,Full Time, females_only  Administration  Administration  Assistant  business  Microsoft Office  office  Office management  Office manager  personal assistant, 5 - 10 Yrs of Exp 
Sales Agent ( English),OceanAir Travels,"Cairo, Egypt",9 days ago,https://wuzzuf.net/jobs/p/K3bSBPylL4kh-Sales-Agent-English-OceanAir-Travels-Cairo-Egypt?o=698&l=sp&t=sj&a=data |search-v3|navbg,Full Time, Tourism/Travel  sales skills  negotiation skills  English  Communication skills  Tours  Excursions  Egypt, 1 - 3 Yrs of Exp 
Recruitment Coordinator,Avis Budget Egypt,"Sheikh Zayed, Giza, Egypt",9 days ago,https://wuzzuf.net/jobs/p/dkbcpP4v13Ao-Recruitment-Coordinator-Avis-Budget-Egypt-Giza-Egypt?o=699&l=sp&t=sj&a=data |search-v3|navbg,Full Time, Human Resources  Human Resources (HR)  Recruitment  Hiring, 1 - 3 Yrs of Exp 
Senior Financial Analyst,TAQA Petroleum,"Cairo, Egypt",9 days ago,https://wuzzuf.net/jobs/p/w4orh6rzq9K8-Senior-Financial-Analyst-TAQA-Petroleum-Cairo-Egypt?o=700&l=sp&t=sj&a=data |search-v3|navbg,Full Time, Accounting/Finance  Analyst/Research  Financial Analysis  Financial Management  Accounting  Finance, 3 - 4 Yrs of Exp 
Construction Accountant,Techy Power Electromechanical,"New Cairo, Cairo, Egypt",9 days ago,https://wuzzuf.net/jobs/p/wwL7aZhSkftH-Construction-Accountant-Techy-Power-Electromechanical-Cairo-Egypt?o=701&l=sp&t=sj&a=data |search-v3|navbg,Full Time, males_only  Accounting/Finance  Engineering - Construction/Civil/Architecture  Accounting  accountant  Accounting Software  Construction  Financial Analysis  QuickBooks  General Ledger  Finance, 5 - 10 Yrs of Exp 
Chief Financial Officer,Downtown Katameya,"New Cairo, Cairo, Egypt",27 days ago,https://wuzzuf.net/jobs/p/3ICBPU8rriYA-Chief-Financial-Officer-Downtown-Katameya-Cairo-Egypt?o=702&l=sp&t=sj&a=data |search-v3|navbg,Full Time, males_only  Accounting/Finance  Operations/Management  C-Level Executive/GM/Director  Accounting  CFO  Financial Analysis  Financial Management  Management, 15 - 20 Yrs of Exp 
Business Analyst Specialist,Masria Digital Payment (MDP),"New Cairo, Cairo, Egypt",9 days ago,https://wuzzuf.net/jobs/p/HSvnBRWQgtK7-Business-Analyst-Specialist-Masria-Digital-Payment-MDP-Cairo-Egypt?o=703&l=sp&t=sj&a=data |search-v3|navbg,Full Time, Business Development  Analyst/Research  Banking  Business Administration  Business Development  Communication  business, 2 - 4 Yrs of Exp 
Senior Full-stack Software Engineer (Ionic / .Netcore ),Confidential,"New Cairo, Cairo, Egypt",9 days ago,https://wuzzuf.net/jobs/p/wbv4XDrDVQA4-Senior-Full-stack-Software-Engineer-Ionic-Netcore-Cairo-Egypt?o=704&l=sp&t=sj&a=data |search-v3|navbg,Full TimePart Time, IT/Software Development  Project/Program Management  Sports and Leisure  Full Stack  Ionic  .netcore, 3 - 5 Yrs of Exp 
Senior CRM Specialist- Real Estate developer,Palmier Real Estate.com,"Sheikh Zayed, Giza, Egypt",9 days ago,https://wuzzuf.net/jobs/p/x76JVLfEx03m-Senior-CRM-Specialist--Real-Estate-developer-Palmier-Real-Estate-com-Giza-Egypt?o=705&l=sp&t=sj&a=data |search-v3|navbg,Full Time, Customer Service/Support  Operations/Management  English  Negotiation  negotiation skills  real estate developer  Skills  developer  Real Estate  Leadership, 3 - 4 Yrs of Exp 
Digital Marketing Specialist / Media Buying (FEMALES ONLY),E-REGO,"Sheikh Zayed, Giza, Egypt",27 days ago,https://wuzzuf.net/jobs/p/uPAmVNaNppWO-Digital-Marketing-Specialist-Media-Buying-FEMALES-ONLY-E-REGO-Giza-Egypt?o=706&l=sp&t=sj&a=data |search-v3|navbg,Full Time, females_only  Marketing/PR/Advertising  Media/Journalism/Publishing  Strategy/Consulting  Digital Marketing  Social Media  Media Buying  Google Ads  Google Adwords  Online Marketing  Marketing Online, 2 - 5 Yrs of Exp 
Database Administrator,Fawry for Banking Technology and Electronic Payments S.A.E,"Smart Village, Giza, Egypt",9 days ago,https://wuzzuf.net/jobs/p/OrZhxv0CjVYE-Database-Administrator-Fawry-for-Banking-Technology-and-Electronic-Payments-S-A-E-Giza-Egypt?o=707&l=sp&t=sj&a=data |search-v3|navbg,Full Time, Installation/Maintenance/Repair  IT/Software Development  Engineering - Telecom/Technology  Database  Database Administration  Computer Science  SQL  Oracle  Administration  Engineering, 1 - 3 Yrs of Exp 
Marketing Senior Manager,IGI-Group,"Sheikh Zayed, Giza, Egypt",9 days ago,https://wuzzuf.net/jobs/p/P4xZzotF90cN-Marketing-Senior-Manager-IGI-Group-Giza-Egypt?o=708&l=sp&t=sj&a=data |search-v3|navbg,Full Time, Marketing/PR/Advertising  Marketing  Marketing Campaigns  Advertising  Real Estate  Social Media, 10 - 12 Yrs of Exp 
General Accountant,FinBi Finance & Banking Consultants International,"Dokki, Giza, Egypt",27 days ago,https://wuzzuf.net/jobs/p/eXC6pStVAWHx-General-Accountant-FinBi-Finance-Banking-Consultants-International-Giza-Egypt?o=709&l=sp&t=sj&a=data |search-v3|navbg,Full Time, Accounting/Finance  Customer Service/Support  Accounting  Customer Service  Analysis, 5 - 10 Yrs of Exp 
Chief Accountant,Milestones,"New Cairo, Cairo, Egypt",9 days ago,https://wuzzuf.net/jobs/p/mJFlmQ5jpofO-Chief-Accountant-Milestones-Cairo-Egypt?o=710&l=sp&t=sj&a=data |search-v3|navbg,Full Time, Accounting/Finance  Finance  chief accountant  Accounting  Financial Management  accountant  Odoo  Financial Analysis  analytical, 5 - 7 Yrs of Exp 
Java Developer,Target Recruitment  & HR Solutions,"Cairo, Egypt",27 days ago,https://wuzzuf.net/jobs/p/lsMqyLGmfuxn-Java-Developer-Target-Recruitment-HR-Solutions-Cairo-Egypt?o=711&l=sp&t=sj&a=data |search-v3|navbg,Full Time, IT/Software Development  Java  Development  REST  Information Technology (IT), 2 - 10 Yrs of Exp 
Odoo Functional Consultant,Smart Technologies,"Nasr City, Cairo, Egypt",27 days ago,https://wuzzuf.net/jobs/p/ajmXBzTF7H8A-Odoo-Functional-Consultant-Smart-Technologies-Cairo-Egypt?o=712&l=sp&t=sj&a=data |search-v3|navbg,Full Time, Accounting/Finance  IT/Software Development  Odoo ERP  functional consultant  Business Processes  Accounting  Manufacturing  Odoo  business  Functional, 4 - 20 Yrs of Exp 
senior Test Engineer,Wakeb Data,"Mohandessin, Giza, Egypt",8 days ago,https://wuzzuf.net/jobs/p/L7jNoghFf6TJ-senior-Test-Engineer-Wakeb-Data-Giza-Egypt?o=713&l=sp&t=sj&a=data |search-v3|navbg,Full Time, IT/Software Development  Engineering - Telecom/Technology  Software Testing  Agile  Information Technology (IT)  Engineering  Software Development  Testing  ISTQB  quality, 4 - 6 Yrs of Exp 
Full Stack Developer (React JS),Akwad,"Sidi Bishr, Alexandria, Egypt",10 days ago,https://wuzzuf.net/jobs/p/t4mkmzTUoaMo-Full-Stack-Developer-React-JS-Akwad-Alexandria-Egypt?o=714&l=sp&t=sj&a=data |search-v3|navbg,Full Time, IT/Software Development  React js  React  JavaScript  Js  Full Stack Developer  Full Stack  developer, 5+ Yrs of Exp 
Costumer Services real estate,Cleopatra Developments,"Mohandessin, Giza, Egypt",10 days ago,https://wuzzuf.net/jobs/p/pTE6SzckbWvL-Costumer-Services-real-estate-Cleopatra-Developments-Giza-Egypt?o=715&l=sp&t=sj&a=data |search-v3|navbg,Full Time, Customer Service/Support  Customer Service  Office management  real-estate  Real Estate  Customer  CRM  CRM Systems, 1 - 3 Yrs of Exp 
Site Accountant,Alamayia for general contracting,"Cairo, Egypt",10 days ago,https://wuzzuf.net/jobs/p/2Ttk6KRso4Ch-Site-Accountant-Alamayia-for-general-contracting-Cairo-Egypt?o=716&l=sp&t=sj&a=data |search-v3|navbg,Full Time, Accounting/Finance  Accounting  Contracting, 2 - 3 Yrs of Exp 
MEAN Full Stack Developer,Confidential,"Cairo, Egypt",10 days ago,https://wuzzuf.net/jobs/p/mPe3xW0qFjCi-MEAN-Full-Stack-Developer-Cairo-Egypt?o=717&l=sp&t=sj&a=data |search-v3|navbg,Part Time, IT/Software Development  Angular  Node.js  Software Development  Information Technology (IT)  APIs  AWS  MEAN Stack, 5 - 7 Yrs of Exp 
Accountant,Winner brands,"Heliopolis, Cairo, Egypt",10 days ago,https://wuzzuf.net/jobs/p/cdPNv2oJsdOC-Accountant-Winner-brands-Cairo-Egypt?o=718&l=sp&t=sj&a=data |search-v3|navbg,Full Time, Accounting/Finance  accountant  Accounting, 1 - 3 Yrs of Exp 
Mechanical Engineer,Egypt Gold,"Heliopolis, Cairo, Egypt",10 days ago,https://wuzzuf.net/jobs/p/DVdo73WXCyr6-Mechanical-Engineer-Egypt-Gold-Cairo-Egypt?o=719&l=sp&t=sj&a=data |search-v3|navbg,Full Time, Installation/Maintenance/Repair  Engineering - Mechanical/Electrical  Engineering  Maintenance  Manufacturing  Mechanical  Mechanical Engineering  technical  Management, 1 - 3 Yrs of Exp 
Electrical Engineer,Egypt Gold,"Heliopolis, Cairo, Egypt",10 days ago,https://wuzzuf.net/jobs/p/bTypN7eW8UOC-Electrical-Engineer-Egypt-Gold-Cairo-Egypt?o=720&l=sp&t=sj&a=data |search-v3|navbg,Full Time, Installation/Maintenance/Repair  Engineering - Mechanical/Electrical  Communication  Design  Electrical  Electrical Engineering  Electrical manufacturing  Engineering  Manufacturing  Mechanical Engineering, 1 - 3 Yrs of Exp 
Java Developer,Spirawn,"Washington, D.C., United States",10 days ago,https://wuzzuf.net/jobs/p/prEqOXmSCG5l-Java-Developer-Spirawn-Washington-D-C-United-States?o=721&l=sp&t=sj&a=data |search-v3|navbg,Full TimeWork From Home, IT/Software Development  Engineering - Telecom/Technology  Java  Spring Boot  Java Developer  Information Technology (IT)  Spring  Software Development  Computer Science  Angular, 2 - 4 Yrs of Exp 
Pre-Sales Business Development Senior Specialist,Etisalat Egypt,"Maadi, Cairo, Egypt",10 days ago,https://wuzzuf.net/jobs/p/zKo2szfdTcHz-Pre-Sales-Business-Development-Senior-Specialist-Etisalat-Egypt-Cairo-Egypt?o=722&l=sp&t=sj&a=data |search-v3|navbg,Full Time, Business Development  Operations/Management  Project/Program Management  Business Development  Business Administration  business  Management  Communication  sales skills  Sales, 3+ Yrs of Exp 
Importation Manager,Confidential,"Mokattam, Cairo, Egypt",10 days ago,https://wuzzuf.net/jobs/p/v8wu5pjPfd8W-Importation-Manager-Cairo-Egypt?o=723&l=sp&t=sj&a=data |search-v3|navbg,Full Time, Logistics/Supply Chain  Operations/Management  Logistics  Supply Chain  Cargo  Purchasing  Procurement  Microsoft Office  Operations Management  Logistics Management, 7 - 10 Yrs of Exp 
Senior Sales Executive,Dubai Media,"Dokki, Giza, Egypt",10 days ago,https://wuzzuf.net/jobs/p/pu3hYkVNG1rF-Senior-Sales-Executive-Dubai-Media-Giza-Egypt?o=724&l=sp&t=sj&a=data |search-v3|navbg,Full Time, males_preferred  Business Development  Customer Service/Support  Sales/Retail  Advertising  Communication  Customer Service  Digital Marketing  Marketing  Negotiation  Sales, 3 - 5 Yrs of Exp 
Insurance Underwriter,Royal Insurance Company,"Hurghada, Red Sea, Egypt",10 days ago,https://wuzzuf.net/jobs/p/YgOQqPOgpN1u-Insurance-Underwriter-Royal-Insurance-Company-Red-Sea-Egypt?o=725&l=sp&t=sj&a=data |search-v3|navbg,Full Time, Other  Insurance  Microsoft Office  Microsoft Excel  Commerce  Insurance Proposal  Underwriting, 2+ Yrs of Exp 
Quality Assurance - German speaker,Expleo,"Maadi, Cairo, Egypt",10 days ago,https://wuzzuf.net/jobs/p/89BvtKkGuYIl-Quality-Assurance---German-speaker-Expleo-Cairo-Egypt?o=726&l=sp&t=sj&a=data |search-v3|navbg,Full Time, IT/Software Development  German  QA  Software Testing Life Cycle, 0 - 2 Yrs of Exp 
Google Ads Expert,Backyard,"New Cairo, Cairo, Egypt",10 days ago,https://wuzzuf.net/jobs/p/8usXsXmScSLv-Google-Ads-Expert-Backyard-Cairo-Egypt?o=727&l=sp&t=sj&a=data |search-v3|navbg,Full Time, Marketing/PR/Advertising  Media/Journalism/Publishing  Ads  Advertising  Digital  Digital Marketing  E-Marketing  google  Google Ads  Marketing, 2+ Yrs of Exp 
"Social Media Ads Expert (Channels, Campaigns, Re-marketing, Conversions)",Backyard,"New Cairo, Cairo, Egypt",10 days ago,https://wuzzuf.net/jobs/p/ZsO92B63I2nm-Social-Media-Ads-Expert-Channels-Campaigns-Re-marketing-Conversions-Backyard-Cairo-Egypt?o=728&l=sp&t=sj&a=data |search-v3|navbg,Full Time, Marketing/PR/Advertising  Media/Journalism/Publishing  Marketing  E-Marketing  Online Marketing  Social Media  Ads  Advertising  campaigns  Digital, 3+ Yrs of Exp 
Full Stack Developer,SEOS7,"Giza, Egypt",29 days ago,https://wuzzuf.net/jobs/p/wb04mpm7LdQw-Full-Stack-Developer-SEOS7-Giza-Egypt?o=729&l=sp&t=sj&a=data |search-v3|navbg,Full Time, IT/Software Development  JavaScript  CSS  HTML  MySQL  Software Development, 4 - 7 Yrs of Exp 
Assistant Accounting Manager,Baladna Farms,"Cairo, Egypt",10 days ago,https://wuzzuf.net/jobs/p/rXN8wG4P61bd-Assistant-Accounting-Manager-Baladna-Farms-Cairo-Egypt?o=730&l=sp&t=sj&a=data |search-v3|navbg,Full Time, Accounting/Finance  Accounting  Accounting Software  Bookkeeping  English  Finance  office  Microsoft Office, 2 - 4 Yrs of Exp 
General Accountant,Sinai Sons Company,"New Cairo, Cairo, Egypt",10 days ago,https://wuzzuf.net/jobs/p/LOkJTqFm0vHP-General-Accountant-Sinai-Sons-Company-Cairo-Egypt?o=731&l=sp&t=sj&a=data |search-v3|navbg,Full Time, Accounting/Finance  Administration  Accounting  Audit  ERP  Financial Management, 4+ Yrs of Exp 
Supply Chain Section head,Confidential,"Cairo, Egypt",10 days ago,https://wuzzuf.net/jobs/p/tos8PvCapaTK-Supply-Chain-Section-head-Cairo-Egypt?o=732&l=sp&t=sj&a=data |search-v3|navbg,Full Time, Logistics/Supply Chain  Operations/Management  Engineering - Mechanical/Electrical  Mechanical Engineering  Supply Chain  Logistics  Manufacturing  Electrical Engineering  Management  Operations, 5 - 8 Yrs of Exp 
Export Sales Specialist,International Group For Modern Coating,"Bourj Alarab, Alexandria, Egypt",10 days ago,https://wuzzuf.net/jobs/p/xZnBtHAAyrgz-Export-Sales-Specialist-International-Group-For-Modern-Coating-Alexandria-Egypt?o=733&l=sp&t=sj&a=data |search-v3|navbg,Full Time, males_only  Logistics/Supply Chain  Sales/Retail  Export Sales  Export  sales skills  Sales  English, 2 - 5 Yrs of Exp 
Creative Graphic Designer & Content Creator (Digital),Bee Interactive Ltd.,"Zamalek, Cairo, Egypt",10 days ago,https://wuzzuf.net/jobs/p/2sxNkyost5Cw-Creative-Graphic-Designer-Content-Creator-Digital-Bee-Interactive-Ltd-Cairo-Egypt?o=734&l=sp&t=sj&a=data |search-v3|navbg,Full Time, Creative/Design/Art  Media/Journalism/Publishing  Graphic Design  Applied Arts  Fine Arts  Adobe Photoshop  Adobe Illustrator  Adobe Indesign  Social Media  Design, 4 - 6 Yrs of Exp 
Quality Assurance Specialist,MB for Engineering,"6th of October, Giza, Egypt",10 days ago,https://wuzzuf.net/jobs/p/mCtKEcRIxjTc-Quality-Assurance-Specialist-MB-for-Engineering-Giza-Egypt?o=735&l=sp&t=sj&a=data |search-v3|navbg,Full Time, Quality  Engineering - Other  assurance  Engineering  Quality Assurance  Quality Control  QA  quality  Quality Management, 2 - 3 Yrs of Exp 
Account Manager,Al-Kayan Group,"New Cairo, Cairo, Egypt",10 days ago,https://wuzzuf.net/jobs/p/po7YsJ1QbfWR-Account-Manager-Al-Kayan-Group-Cairo-Egypt?o=736&l=sp&t=sj&a=data |search-v3|navbg,Full Time, Customer Service/Support  Other  Project/Program Management  Account Management  Accounts  Key Account  Key Accounts  Management, 2 - 5 Yrs of Exp 
Accountant clients and banks,Egypt for Panel and Steel Industries S.A.E,"6th of October, Giza, Egypt",10 days ago,https://wuzzuf.net/jobs/p/R0wMh5FKlmwL-Accountant-clients-and-banks-Egypt-for-Panel-and-Steel-Industries-S-A-E-Giza-Egypt?o=737&l=sp&t=sj&a=data |search-v3|navbg,Full Time, Accounting/Finance  accountant  Financial Analysis, 1 - 4 Yrs of Exp 
Executive secretary,Egypt for Panel and Steel Industries S.A.E,"6th of October, Giza, Egypt",10 days ago,https://wuzzuf.net/jobs/p/RUBNbDb6NDSe-Executive-secretary-Egypt-for-Panel-and-Steel-Industries-S-A-E-Giza-Egypt?o=738&l=sp&t=sj&a=data |search-v3|navbg,Full Time, Administration  Secretary  English  Skills, 1 - 3 Yrs of Exp 
Bioinformatician (Proteomics & Drug design),HITS Technologies,"Nasr City, Cairo, Egypt",29 days ago,https://wuzzuf.net/jobs/p/jZEeZPLpqpq2-Bioinformatician-Proteomics-Drug-design-HITS-Technologies-Cairo-Egypt?o=739&l=sp&t=sj&a=data |search-v3|navbg,Part TimeFreelance / Project, R&D/Science  Analyst/Research  Research Analysis  Computer Science  Drug Development  Drug Design  Proteomics  Biotechnology  Documentation, 2 - 10 Yrs of Exp 
Senior Full Stack Developer - (.Net Core + Angular),CrossWorkers,"New Cairo, Cairo, Egypt",29 days ago,https://wuzzuf.net/jobs/p/7WAK23D1S42a-Senior-Full-Stack-Developer---Net-Core-Angular-CrossWorkers-Cairo-Egypt?o=740&l=sp&t=sj&a=data |search-v3|navbg,Full Time, IT/Software Development  Engineering - Telecom/Technology  Angular  CSS3  HTML5  JavaScript  Angular 8+  Typescript  Bootstrap  .Net Framework, 4 - 6 Yrs of Exp 
Senior UX/UI Designer,International Advanced,"Nasr City, Cairo, Egypt",29 days ago,https://wuzzuf.net/jobs/p/VYDLdrW5R10n-Senior-UXUI-Designer-International-Advanced-Cairo-Egypt?o=741&l=sp&t=sj&a=data |search-v3|navbg,Full Time, Creative/Design/Art  IT/Software Development  Adobe XD  Design  Creative  Sketch  UI  UI Design  UX  Figma, 3 - 5 Yrs of Exp 
Sr. Personnel Specialist,Confidential,"Nasr City, Cairo, Egypt",29 days ago,https://wuzzuf.net/jobs/p/SqIOaurejNj9-Sr-Personnel-Specialist-Cairo-Egypt?o=742&l=sp&t=sj&a=data |search-v3|navbg,Full Time, males_only  Human Resources  Labor Law  Microsoft Office  Personnel  Social Insurance  Human Resources (HR)  MS Office  Labor  Insurance  Recruitment, 5 - 8 Yrs of Exp 
System Administrator,RDI,"Dokki, Giza, Egypt",11 days ago,https://wuzzuf.net/jobs/p/LLi8tQxrgcMc-System-Administrator-RDI-Giza-Egypt?o=743&l=sp&t=sj&a=data |search-v3|navbg,Full Time, Installation/Maintenance/Repair  IT/Software Development  Engineering - Telecom/Technology  Network Administration  Information Technology (IT)  Networking  Linux  CCNA  CCNP  System Administration, 2+ Yrs of Exp 
Chief accountant,Confidential,"10th of Ramadan City, Cairo, Egypt",11 days ago,https://wuzzuf.net/jobs/p/gyAb6F6LsVGT-Chief-accountant-Cairo-Egypt?o=744&l=sp&t=sj&a=data |search-v3|navbg,Full Time, males_only  Accounting/Finance  Banking  Operations/Management  Financial Analysis  Financial Management  Finance  General Ledger  ERP systems, 10 - 15 Yrs of Exp 
Java Senior Back-End Developer,Mobilar,"Nasr City, Cairo, Egypt",28 days ago,https://wuzzuf.net/jobs/p/qrfbIlvtcYCK-Java-Senior-Back-End-Developer-Mobilar-Cairo-Egypt?o=745&l=sp&t=sj&a=data |search-v3|navbg,Full TimeWork From Home, IT/Software Development  Engineering - Telecom/Technology  Software Testing  Arabic  English  Computer Science  Information Technology (IT)  IT  Quality Control  APIs, 3 - 15 Yrs of Exp 
Commercial Operations Manager,Masary,"Mokattam, Cairo, Egypt",11 days ago,https://wuzzuf.net/jobs/p/oltDhZ8jAcPV-Commercial-Operations-Manager-Masary-Cairo-Egypt?o=746&l=sp&t=sj&a=data |search-v3|navbg,Full Time, Operations/Management  Sales/Retail  Administration  Finance  Management  Sales  Operations  Analysis  Communication, 3 - 4 Yrs of Exp 
Senior Social Media Specialist - Alexandria,Caduceus Lane,"San Stefano, Alexandria, Egypt",29 days ago,https://wuzzuf.net/jobs/p/nhovjMS1hyXP-Senior-Social-Media-Specialist---Alexandria-Caduceus-Lane-Alexandria-Egypt?o=747&l=sp&t=sj&a=data |search-v3|navbg,Full Time, Marketing/PR/Advertising  Media/Journalism/Publishing  SEO  PPC  SEM  Social Media  Online Marketing  Digital Marketing  E-Marketing  Marketing, 3 - 6 Yrs of Exp 
Electrical Maintenance Engineer,Confidential,"Ameria, Alexandria, Egypt",12 days ago,https://wuzzuf.net/jobs/p/lWqR3PKblaJT-Electrical-Maintenance-Engineer-Alexandria-Egypt?o=748&l=sp&t=sj&a=data |search-v3|navbg,Full Time, Installation/Maintenance/Repair  Manufacturing/Production  Engineering - Mechanical/Electrical  Electrical Engineering  Electrical manufacturing  Maintenance  Manufacturing  Safety  English  Engineering, 4 - 6 Yrs of Exp 
Quality Control Analyst,Hikma Pharmaceuticals,"6th of October, Giza, Egypt",28 days ago,https://wuzzuf.net/jobs/p/mFj6c8dikoB0-Quality-Control-Analyst-Hikma-Pharmaceuticals-Giza-Egypt?o=749&l=sp&t=sj&a=data |search-v3|navbg,Full Time, R&D/Science  Quality  Analyst/Research  Analysis  Quality Control  quality  Science, 1 - 3 Yrs of Exp 
Senior Software Quality Control Tester,RMG,"Heliopolis, Cairo, Egypt",13 days ago,https://wuzzuf.net/jobs/p/DYsI6o7vQvR3-Senior-Software-Quality-Control-Tester-RMG-Cairo-Egypt?o=750&l=sp&t=sj&a=data |search-v3|navbg,Full Time, IT/Software Development  Computer Science  Information Technology (IT)  ISTQB  Quality Control  Software  Computer Engineering, 4 - 6 Yrs of Exp 
Flutter Developer,IRIS Studio,"Dokki, Giza, Egypt",13 days ago,https://wuzzuf.net/jobs/p/EIiWWuwWosuo-Flutter-Developer-IRIS-Studio-Giza-Egypt?o=751&l=sp&t=sj&a=data |search-v3|navbg,Full Time, Creative/Design/Art  IT/Software Development  Engineering - Telecom/Technology  Flutter  Mobile Application Development  Software Development  Code Versioning Tools  APIs  Node.js  Applications, 1 - 5 Yrs of Exp 
Regional Export Manager:,Energya Cables,"Lagos, Nigeria",13 days ago,https://wuzzuf.net/jobs/p/v5LogDwdj0OQ-Regional-Export-Manager-Energya-Cables-Lagos-Nigeria?o=752&l=sp&t=sj&a=data |search-v3|navbg,Full Time, Sales/Retail  Electrical power  electrical power engineering  Export  french, 7 - 10 Yrs of Exp 
Presales Technical Office Engineer (BMS),3Brothers,"Heliopolis, Cairo, Egypt",13 days ago,https://wuzzuf.net/jobs/p/c9WOmQPPYGQA-Presales-Technical-Office-Engineer-BMS-3Brothers-Cairo-Egypt?o=753&l=sp&t=sj&a=data |search-v3|navbg,Full Time, Engineering - Mechanical/Electrical  AutoCAD  MS Office  MS  Technical Office  Communication skills  English  Engineering  Microsoft Office  Electrical Engineering, 1 - 3 Yrs of Exp 
Accounts Payable Accountant,Confidential,"New Cairo, Cairo, Egypt",13 days ago,https://wuzzuf.net/jobs/p/Iuqy2WnCtl7Z-Accounts-Payable-Accountant-Cairo-Egypt?o=754&l=sp&t=sj&a=data |search-v3|navbg,Full Time, Accounting/Finance  Accounts Payable  Communication  Finance  SAP  Payable  Financial Analysis  business  Accounting  Accounts, 2 - 4 Yrs of Exp 
HR Assistant,Confidential,"Cairo, Egypt",13 days ago,https://wuzzuf.net/jobs/p/WMSgYwrQvih4-HR-Assistant-Cairo-Egypt?o=755&l=sp&t=sj&a=data |search-v3|navbg,Full Time, Administration  Human Resources  HR Assistant  HR  Human Resources  Human Resources (HR), 2 - 4 Yrs of Exp 
Senior iOS Developer,Confidential,"Maadi, Cairo, Egypt",13 days ago,https://wuzzuf.net/jobs/p/jPmFl9kBY9uz-Senior-iOS-Developer-Cairo-Egypt?o=756&l=sp&t=sj&a=data |search-v3|navbg,Full Time, IT/Software Development  Computer Science  Apple  APIs  Software Development  Cloud  Software Engineering  computer  Design  Development, 5+ Yrs of Exp 
Personnel Specialist,Fine Hygienic Holding,"6th of October, Giza, Egypt",30 days ago,https://wuzzuf.net/jobs/p/4SMDftZyrqiE-Personnel-Specialist-Fine-Hygienic-Holding-Giza-Egypt?o=757&l=sp&t=sj&a=data |search-v3|navbg,Full Time, Administration  Human Resources  Personnel  Human Resources (HR)  English  Excel  Computer Skills  Skills, 2 - 4 Yrs of Exp 
Senior Linux System Engineer,Aman,"6th of October, Giza, Egypt",13 days ago,https://wuzzuf.net/jobs/p/dXrZRsEKOeLK-Senior-Linux-System-Engineer-Aman-Giza-Egypt?o=758&l=sp&t=sj&a=data |search-v3|navbg,Full Time, Engineering - Telecom/Technology  Linux Operating System  Vmware, 3 - 5 Yrs of Exp 
Environmental Specialist- Engineer,Confidential,"6th of October, Giza, Egypt",13 days ago,https://wuzzuf.net/jobs/p/MFOEUVwdmEnA-Environmental-Specialist--Engineer-Giza-Egypt?o=759&l=sp&t=sj&a=data |search-v3|navbg,Full Time," R&D/Science  Quality  Engineering - Oil & Gas/Energy  Health, Safety and Environment  Environmental Engineering  Environmental Science  Environmental  Environmental Services", 3 - 5 Yrs of Exp 
Senior Android Developer,Digi Visions,"Nasr City, Cairo, Egypt",13 days ago,https://wuzzuf.net/jobs/p/XhnxsbW5jxES-Senior-Android-Developer-Digi-Visions-Cairo-Egypt?o=760&l=sp&t=sj&a=data |search-v3|navbg,Full TimeWork From Home, IT/Software Development  Engineering - Telecom/Technology  Android  Information Technology (IT)  Java  MVP  MVVM  MVC  Kotlin  JSON, 3 - 6 Yrs of Exp 
HR Generalist,Sama International College,"Shorouk City, Cairo, Egypt",1 month ago,https://wuzzuf.net/jobs/p/NTK2N2wlLL1P-HR-Generalist-Sama-International-College-Cairo-Egypt?o=761&l=sp&t=sj&a=data |search-v3|navbg,Full Time, Human Resources  Human Resources (HR)  Labor Law  Personnel  Recruitment  English  Training  Employee Relations  Human Resources, 2 - 5 Yrs of Exp 
.Net Core/ Angular Full Stack developer,Manzoma,"Sheraton, Cairo, Egypt",1 month ago,https://wuzzuf.net/jobs/p/bePVvtbNBNwD-Net-Core-Angular-Full-Stack-developer-Manzoma-Cairo-Egypt?o=762&l=sp&t=sj&a=data |search-v3|navbg,Full Time, males_preferred  IT/Software Development  .Net  Angular  CSS  Full Stack  HTML  JavaScript  Software Development  SQL, 3 - 5 Yrs of Exp 
Assistant Security Manager,Blue Ribbon,"New Cairo, Cairo, Egypt",1 month ago,https://wuzzuf.net/jobs/p/xFF4Sed2KeXl-Assistant-Security-Manager-Blue-Ribbon-Cairo-Egypt?o=763&l=sp&t=sj&a=data |search-v3|navbg,Full Time, Administration  Operations/Management  Administration  Communication  CCTV  Microsoft Office  Military  Office management  Police  Planning, 4+ Yrs of Exp 
Office Manager,SE Wiring Systems EGYPT,"10th of Ramadan City, Cairo, Egypt",13 days ago,https://wuzzuf.net/jobs/p/EzjK21fTwVNA-Office-Manager-SE-Wiring-Systems-EGYPT-Cairo-Egypt?o=764&l=sp&t=sj&a=data |search-v3|navbg,Full Time, females_only  Administration  Operations/Management  Secretary  Office management  office  Microsoft Office  hotel  English  Administration  Travel, 2+ Yrs of Exp 
Compliance Manager,Centro CDX,"Maadi, Cairo, Egypt",1 month ago,https://wuzzuf.net/jobs/p/eAw2O1iU97Kh-Compliance-Manager-Centro-CDX-Cairo-Egypt?o=765&l=sp&t=sj&a=data |search-v3|navbg,Full Time, Quality  Communication skills  Compliance, 3 - 7 Yrs of Exp 
Purchasing Specialist,Simplex,"Nasr City, Cairo, Egypt",29 days ago,https://wuzzuf.net/jobs/p/8FPVsLLzO1ZP-Purchasing-Specialist-Simplex-Cairo-Egypt?o=766&l=sp&t=sj&a=data |search-v3|navbg,Full Time, males_only  Purchasing/Procurement  Logistics  Procurement  Supply Chain  Supply  supply chain management  Purchasing  Sourcing, 3 - 5 Yrs of Exp 
Mechanical Technician,Confidential,"Cairo, Egypt",14 days ago,https://wuzzuf.net/jobs/p/E4koTa6RuAQr-Mechanical-Technician-Cairo-Egypt?o=767&l=sp&t=sj&a=data |search-v3|navbg,Full Time, Installation/Maintenance/Repair  IT/Software Development  Engineering - Mechanical/Electrical  Maintenance  Engineering  Mechanical  Mechanical Engineering  technical  technician  Science, 5 - 20 Yrs of Exp 
Mechanical Sale Engineer,Confidential,"Cairo, Egypt",14 days ago,https://wuzzuf.net/jobs/p/IwOoCNL0Qr2d-Mechanical-Sale-Engineer-Cairo-Egypt?o=768&l=sp&t=sj&a=data |search-v3|navbg,Full Time, Marketing/PR/Advertising  Sales/Retail  Engineering - Mechanical/Electrical  Mechanical  Mechanical Engineering  Sales  sales skills  technical  Engineering, 5 - 10 Yrs of Exp 
Accountant,Confidential,"Cairo, Egypt",14 days ago,https://wuzzuf.net/jobs/p/8YndLW0YRYa2-Accountant-Cairo-Egypt?o=769&l=sp&t=sj&a=data |search-v3|navbg,Full Time, Accounting/Finance  Administration  Banking  Financial Management  Accounting  Accounting Software  Finance  General Ledger  CMA  CPA, 10 - 20 Yrs of Exp 
Cloud DevOps Engineer,ServerHub,"Cairo, Egypt",14 days ago,https://wuzzuf.net/jobs/p/pCO2yefU8465-Cloud-DevOps-Engineer-ServerHub-Cairo-Egypt?o=770&l=sp&t=sj&a=data |search-v3|navbg,Full Time, IT/Software Development  Engineering - Telecom/Technology  Docker  Ansible  Nginx  DevOps  Gitlab  Python  Linux  Information Technology (IT), 1 - 10 Yrs of Exp 
Security Specialist,Sykes Enterprises,"Maadi, Cairo, Egypt",14 days ago,https://wuzzuf.net/jobs/p/6pPDhRSD1Wku-Security-Specialist-Sykes-Enterprises-Cairo-Egypt?o=771&l=sp&t=sj&a=data |search-v3|navbg,Full Time, Customer Service/Support  IT/Software Development  Engineering - Telecom/Technology  IT  Computer Engineering  Cyber Security  Computer Science  SOC  Security  Information Technology (IT), 1 - 5 Yrs of Exp 
Python Developer (FinTech),Bright Creations,"Smart Village, Giza, Egypt",14 days ago,https://wuzzuf.net/jobs/p/nmicCQZOcUlE-Python-Developer-FinTech-Bright-Creations-Giza-Egypt?o=772&l=sp&t=sj&a=data |search-v3|navbg,Full TimeFreelance / Project, IT/Software Development  Engineering - Telecom/Technology  Python  Django  Flask  Python Scripting  Web Scraping  WWeb Scraping  CI  Computer Science, 2+ Yrs of Exp 
ReactJS Frontend Developer,Bright Creations,"Smart Village, Giza, Egypt",14 days ago,https://wuzzuf.net/jobs/p/yTQwTcE9FZm4-ReactJS-Frontend-Developer-Bright-Creations-Giza-Egypt?o=773&l=sp&t=sj&a=data |search-v3|navbg,Full TimeFreelance / ProjectWork From Home, IT/Software Development  Engineering - Telecom/Technology  Sass  JavaScript  CSS  UI  Frontend  HTML5  Software Development  Vue.js, 4+ Yrs of Exp 
Software Tester,Houya Arrow,"Heliopolis, Cairo, Egypt",29 days ago,https://wuzzuf.net/jobs/p/pQUtaqM8DT48-Software-Tester-Houya-Arrow-Cairo-Egypt?o=774&l=sp&t=sj&a=data |search-v3|navbg,Full Time, IT/Software Development  Quality  Software Tester  Computer Science  Quality Control  Software Testing  Performance, 4 - 15 Yrs of Exp 
Civil Technical Office Engineer,Lasirena Group,"Maadi, Cairo, Egypt",14 days ago,https://wuzzuf.net/jobs/p/w85K9n6agxr6-Civil-Technical-Office-Engineer-Lasirena-Group-Cairo-Egypt?o=775&l=sp&t=sj&a=data |search-v3|navbg,Full Time, Engineering - Construction/Civil/Architecture  Civil Engineering  Engineering  Civil  Civil 3D  Rivet  3D  AutoCAD  Microsoft Office  Tekla, 3 - 6 Yrs of Exp 
Help Desk Specialist,Al Amin Technological Systems,"Heliopolis, Cairo, Egypt",14 days ago,https://wuzzuf.net/jobs/p/Y9edxQBeGT96-Help-Desk-Specialist-Al-Amin-Technological-Systems-Cairo-Egypt?o=776&l=sp&t=sj&a=data |search-v3|navbg,Full Time, males_only  Installation/Maintenance/Repair  IT/Software Development  Help desk  Information technology  Support  Software  Installation  computer, 2 - 4 Yrs of Exp 
Senior Sales Account Manager ( Electrical Engineer ),Delta Egypt For Lighting,"Obour City, Cairo, Egypt",14 days ago,https://wuzzuf.net/jobs/p/0DaWMrdtLx2l-Senior-Sales-Account-Manager-Electrical-Engineer-Delta-Egypt-For-Lighting-Cairo-Egypt?o=777&l=sp&t=sj&a=data |search-v3|navbg,Full Time, Sales/Retail  Engineering - Mechanical/Electrical  Communication  sales skills  Sales Target  Skills  Electrical Engineering  Engineering  Negotiation  Sales, 6 - 8 Yrs of Exp 
Key Account Manager,DHL Express Egypt,"Cairo, Egypt",14 days ago,https://wuzzuf.net/jobs/p/ZBngeIJCYyoS-Key-Account-Manager-DHL-Express-Egypt-Cairo-Egypt?o=778&l=sp&t=sj&a=data |search-v3|navbg,Full Time, Customer Service/Support  Sales/Retail  Sales  Sales Skills  Indoor Sales  Outdoor Sales  Customer Service  Customer Care  Customer Support  Account Management, 4 - 6 Yrs of Exp 
Administrative Assistant,Evyap Egypt,"Cairo, Egypt",14 days ago,https://wuzzuf.net/jobs/p/2USSycodqa3q-Administrative-Assistant-Evyap-Egypt-Cairo-Egypt?o=779&l=sp&t=sj&a=data |search-v3|navbg,Full Time, Administration  Administration  Executive Secretary  Secretary, 1 - 3 Yrs of Exp 
Chief Accountant,Confidential,"Sheikh Zayed, Giza, Egypt",14 days ago,https://wuzzuf.net/jobs/p/wuYEx7aqRBR8-Chief-Accountant-Giza-Egypt?o=780&l=sp&t=sj&a=data |search-v3|navbg,Full Time, Accounting/Finance  Operations/Management  Accounting  Accounting principles  ERP  ERP systems  excel  Finance  Financial Analysis  General Ledger, 5+ Yrs of Exp 
Senior BOQ & Specification Engineer,Elgabaly Architects,"New Cairo, Cairo, Egypt",14 days ago,https://wuzzuf.net/jobs/p/2YgMr4HfwOnh-Senior-BOQ-Specification-Engineer-Elgabaly-Architects-Cairo-Egypt?o=781&l=sp&t=sj&a=data |search-v3|navbg,Full Time, Engineering - Construction/Civil/Architecture  Bill Of Quantities  BOQ  Architecture  Architectural Engineering  Revit  Adobe Photoshop  AutoCAD  Civil Engineering  Engineering, 10 - 15 Yrs of Exp 
Junior Accountant,Confidential,"Smouha, Alexandria, Egypt",14 days ago,https://wuzzuf.net/jobs/p/oIktmSjn42Hl-Junior-Accountant-Alexandria-Egypt?o=782&l=sp&t=sj&a=data |search-v3|navbg,Full Time, males_preferred  Accounting/Finance  Junior Accountant  accountant  Accounting, 1 - 3 Yrs of Exp 
Admin Assistant - New cairo Branch,UCMAS Academy,"New Cairo, Cairo, Egypt",14 days ago,https://wuzzuf.net/jobs/p/DvHGDSLhUWJh-Admin-Assistant---New-cairo-Branch-UCMAS-Academy-Cairo-Egypt?o=783&l=sp&t=sj&a=data |search-v3|navbg,Full Time, Administration  Customer Service/Support  Communication  Administration  Microsoft Office  Office management  Secretary  Microsoft, 1 - 3 Yrs of Exp 
React Native Developer & ReactJS,SSC Egypt,"Maadi, Cairo, Egypt",14 days ago,https://wuzzuf.net/jobs/p/8TMjhQQVXA8p-React-Native-Developer-ReactJS-SSC-Egypt-Cairo-Egypt?o=784&l=sp&t=sj&a=data |search-v3|navbg,Full Time, IT/Software Development  Computer Engineering  Computer Science  Engineering  React Native  React.js, 1 - 3 Yrs of Exp 
Call Center Agent,Confidential,"Heliopolis, Cairo, Egypt",14 days ago,https://wuzzuf.net/jobs/p/ASN79l9YLANK-Call-Center-Agent-Cairo-Egypt?o=785&l=sp&t=sj&a=data |search-v3|navbg,Full Time, females_only  Customer Service/Support  Customer Service  Customer Support  Contact Center  Inbound  Microsoft Office  Call Center Agent  Communication Skills  Customer Care, 0 - 2 Yrs of Exp 
business developer supervisor,Professional Service - Proserv,"Maadi, Cairo, Egypt",14 days ago,https://wuzzuf.net/jobs/p/FiLIKRqJzUHe-business-developer-supervisor-Professional-Service---Proserv-Cairo-Egypt?o=786&l=sp&t=sj&a=data |search-v3|navbg,Full Time, Business Development  Business Development  Negotiation  Recruitment  Sales  Training  Experience  Presentation  sales skills, 7 - 10 Yrs of Exp 
Executive Secretary,"Himed Egypt (Medin, Hamilton)","Cairo, Egypt",14 days ago,https://wuzzuf.net/jobs/p/z0R7bBR4SmJw-Executive-Secretary-Himed-Egypt-Medin-Hamlton-Cairo-Egypt?o=787&l=sp&t=sj&a=data |search-v3|navbg,Full Time, Administration  Administration  MS Office  Office management  Microsoft Office  Admin  Communication Skills, 1 - 5 Yrs of Exp 
Construction Civil Engineer,International Construction Group,"Cairo, Egypt",14 days ago,https://wuzzuf.net/jobs/p/YBXmx3BlFxEj-Construction-Civil-Engineer-International-Construction-Group-Cairo-Egypt?o=788&l=sp&t=sj&a=data |search-v3|navbg,Full Time, Engineering - Construction/Civil/Architecture  Civil Engineering  Engineering  Construction, 5 - 10 Yrs of Exp 
Administrator,HNI,"New Cairo, Cairo, Egypt",14 days ago,https://wuzzuf.net/jobs/p/Xn85x0z6goNa-Administrator-HNI-Cairo-Egypt?o=789&l=sp&t=sj&a=data |search-v3|navbg,Full Time, Administration  Administration  Microsoft Office  excel  word  powerpoint, 1 - 3 Yrs of Exp 
Cost Accountant,Multi M Group,"khanka, Qalubia, Egypt",14 days ago,https://wuzzuf.net/jobs/p/PAKxWwh9q6z5-Cost-Accountant-Multi-M-Group-Qalubia-Egypt?o=790&l=sp&t=sj&a=data |search-v3|navbg,Full Time, Accounting/Finance  Cost Accounting  Cost Accountant  accountant  Accounting  Cost  Finance, 3 - 5 Yrs of Exp 
General Ledger Section Head,Confidential,"6th of October, Giza, Egypt",14 days ago,https://wuzzuf.net/jobs/p/Dl97ScpxfOeN-General-Ledger-Section-Head-Giza-Egypt?o=791&l=sp&t=sj&a=data |search-v3|navbg,Full Time, males_preferred  Accounting/Finance  Commerce  ERP  Finance  excel  Accounting  Financial Management  Financial Analysis, 5 - 7 Yrs of Exp 
R&D Methodology Analyst,Al Andalous Pharmaceutical Industries,"6th of October, Giza, Egypt",14 days ago,https://wuzzuf.net/jobs/p/qtxWLTSQGl9o-RD-Methodology-Analyst-Al-Andalous-Pharmaceutical-Industries-Giza-Egypt?o=792&l=sp&t=sj&a=data |search-v3|navbg,Full Time, males_only  R&D/Science  Analyst/Research  Pharmaceutical  R&D methodology  Pharmacy  Science  Pharmaceutical  R&amp;D  Research, 1 - 3 Yrs of Exp 
Electrical sale Engineer,Confidential,"Cairo, Egypt",15 days ago,https://wuzzuf.net/jobs/p/NXhHVrvd5o7z-Electrical-sale-Engineer-Cairo-Egypt?o=793&l=sp&t=sj&a=data |search-v3|navbg,Full Time, Engineering - Mechanical/Electrical  Electrical Engineering  Engineering  Sales  Manufacturing  Mechanical Engineering, 5 - 20 Yrs of Exp 
Costing and Stock Analysis Officer,Azadea Group,"Cairo, Egypt",15 days ago,https://wuzzuf.net/jobs/p/uaF4mSzKkqxc-Costing-and-Stock-Analysis-Officer-Azadea-Group-Cairo-Egypt?o=794&l=sp&t=sj&a=data |search-v3|navbg,Full Time, Accounting/Finance  Financial Analysis  Finance  bugdeting  Costing  Costing Accountant  Costing for the inventory, 2 - 4 Yrs of Exp 
Operation Specialist,As-Salam International Hospital,"New Cairo, Cairo, Egypt",15 days ago,https://wuzzuf.net/jobs/p/wC8W0Ufe38pu-Operation-Specialist-As-Salam-International-Hospital-Cairo-Egypt?o=795&l=sp&t=sj&a=data |search-v3|navbg,Full Time, Human Resources  HR  Business Administration  HR Diploma  Administration, 1 - 3 Yrs of Exp 
Senior Network & Security Admin,Seoudi Supermarket,"Sheikh Zayed, Giza, Egypt",15 days ago,https://wuzzuf.net/jobs/p/J8DCrlEDqq8q-Senior-Network-Security-Admin-Seoudi-Supermarket-Giza-Egypt?o=796&l=sp&t=sj&a=data |search-v3|navbg,Full Time, Installation/Maintenance/Repair  IT/Software Development  Engineering - Telecom/Technology  Computer Science  CCNP  Information Technology (IT)  Network  Security  VPN  Troubleshooting, 7 - 10 Yrs of Exp 
Factory Manager,Alex Apparels for Garment Manufacturing,"Ameria, Alexandria, Egypt",15 days ago,https://wuzzuf.net/jobs/p/t09nbpt8lqaZ-Factory-Manager-Alex-Apparels-for-Garment-Manufacturing-Alexandria-Egypt?o=797&l=sp&t=sj&a=data |search-v3|navbg,Full Time, Operations/Management  Manufacturing/Production  Fashion  Garments  Lean manufacturing  Production  Quality Management  apparels  Management  Manufacturing, 10 - 15 Yrs of Exp 
Tax Accountant,smartservice,"Sohag, Egypt",15 days ago,https://wuzzuf.net/jobs/p/7IJjEge6PtWO-Tax-Accountant-smartservice-Sohag-Egypt?o=798&l=sp&t=sj&a=data |search-v3|navbg,Full Time, Accounting/Finance  Accounting  Analysis  Finance  Accounts  Payments  Tax Payments  Tax  income  General Ledger, 3 - 5 Yrs of Exp 
Sales Consultant,KAMF REAL ESTATE MARKETING,"Dokki, Giza, Egypt",15 days ago,https://wuzzuf.net/jobs/p/tnHFzVGJ0LBf-Sales-Consultant-KAMF-REAL-ESTATE-MARKETING-Giza-Egypt?o=799&l=sp&t=sj&a=data |search-v3|navbg,Full Time, Administration  Sales/Retail  Real Estate  sales skills  Marketing  Sales, 1+ Yrs of Exp 
Flutter Developer,Nahr Development,"Cairo, Egypt",1 month ago,https://wuzzuf.net/jobs/p/HOV0I3fEh6BB-Flutter-Developer-Nahr-Development-Cairo-Egypt?o=800&l=sp&t=sj&a=data |search-v3|navbg,Full Time, IT/Software Development  Engineering - Telecom/Technology  REST  RESTful APIs  flutter  Information Technology (IT)  RESTful, 3 - 5 Yrs of Exp 
Treasury Accountant,Teba United,"10th of Ramadan City, Cairo, Egypt",15 days ago,https://wuzzuf.net/jobs/p/fql9PfESwyEo-Treasury-Accountant-Teba-United-Cairo-Egypt?o=801&l=sp&t=sj&a=data |search-v3|navbg,Full Time, Accounting/Finance  Banking  Accounting  Accounting Software  Finance  Treasury  Financial Analysis, 5 - 8 Yrs of Exp 
Accountant,Confidential,"10th of Ramadan City, Sharqia, Egypt",15 days ago,https://wuzzuf.net/jobs/p/NO0g5dvSszHA-Accountant-Sharqia-Egypt?o=802&l=sp&t=sj&a=data |search-v3|navbg,Full Time, Accounting/Finance  Finance  Accounting  Financial Analysis  Financial Management  MS Excel  MS  excel, 1 - 2 Yrs of Exp 
HR Assistant,CosmoCare Group,"10th of Ramadan City, Sharqia, Egypt",15 days ago,https://wuzzuf.net/jobs/p/4JsLb666wJjA-HR-Assistant-CosmoCare-Group-Sharqia-Egypt?o=803&l=sp&t=sj&a=data |search-v3|navbg,Full Time, females_only  Administration  Human Resources  administrative  HR  HR Assistant, 1 - 3 Yrs of Exp 
Tendering Engineer,Delta Egypt For Lighting,"Obour City, Cairo, Egypt",15 days ago,https://wuzzuf.net/jobs/p/5Tbukc0cGAou-Tendering-Engineer-Delta-Egypt-For-Lighting-Cairo-Egypt?o=804&l=sp&t=sj&a=data |search-v3|navbg,Full Time, Engineering - Mechanical/Electrical  AutoCAD  Communication  Communication skills  Electrical  Electrical Engineering  Electrical power  electrical power engineering  Power Engineering  Power, 1 - 2 Yrs of Exp 
Senior Site Cost Control,Confidential,"Cairo, Egypt",15 days ago,https://wuzzuf.net/jobs/p/4veLazqSD883-Senior-Site-Cost-Control-Cairo-Egypt?o=805&l=sp&t=sj&a=data |search-v3|navbg,Full Time, Engineering - Construction/Civil/Architecture  Cost Control  Civil Engineering, 3 - 6 Yrs of Exp 
Senior Software Developer (Java),Aman,"6th of October, Giza, Egypt",15 days ago,https://wuzzuf.net/jobs/p/leNp63ODudLG-Senior-Software-Developer-Java-Aman-Giza-Egypt?o=806&l=sp&t=sj&a=data |search-v3|navbg,Full Time, IT/Software Development  Engineering - Telecom/Technology  Software Development  CSS  XML  OOP  Spring Boot, 3 - 5 Yrs of Exp 
Senior HR Operations Specialist,Arabiat,"Abu Rawash, Giza, Egypt",15 days ago,https://wuzzuf.net/jobs/p/6dYzFyT0lgRw-Senior-HR-Operations-Specialist-Arabiat-Giza-Egypt?o=807&l=sp&t=sj&a=data |search-v3|navbg,Full Time, Human Resources  HR  HR operations  Human Resources (HR)  Payroll  Personnel, 3 - 5 Yrs of Exp 
IT Manager,etisal for advanced industries,"6th of October, Giza, Egypt",1 month ago,https://wuzzuf.net/jobs/p/fhU5mttNKRR5-IT-Manager-etisal-for-advanced-industries-Giza-Egypt?o=808&l=sp&t=sj&a=data |search-v3|navbg,Full Time, IT/Software Development  Project/Program Management  Engineering - Telecom/Technology  Computer Engineering  Computer Science  Information Technology (IT)  IT Manager  Manager  IT  English, 12 - 15 Yrs of Exp 
Quantity Surveying Engineer,AlGammal Contracting,"Maadi, Cairo, Egypt",15 days ago,https://wuzzuf.net/jobs/p/VkRkNU2kNw2c-Quantity-Surveying-Engineer-AlGammal-Contracting-Cairo-Egypt?o=809&l=sp&t=sj&a=data |search-v3|navbg,Full Time, Engineering - Construction/Civil/Architecture  Engineering - Mechanical/Electrical  Civil  Civil Engineering  AutoCAD  Electrical  Engineering  Quantity Surveying  Skills  Technical Office, 2 - 5 Yrs of Exp 
CRM senior specialist,ATRIC Developments,"Heliopolis, Cairo, Egypt",1 month ago,https://wuzzuf.net/jobs/p/cru4vrwEbjsr-CRM-senior-specialist-ATRIC-Developments-Cairo-Egypt?o=810&l=sp&t=sj&a=data |search-v3|navbg,Full Time, Customer Service/Support  Real Estate  CRM  Customer Service, 3 - 5 Yrs of Exp 
Medical Affairs Lead -Alexandria,Caduceus Lane,"San Stefano, Alexandria, Egypt",1 month ago,https://wuzzuf.net/jobs/p/h6uU6YGUQ3P7-Medical-Affairs-Lead--Alexandria-Caduceus-Lane-Alexandria-Egypt?o=811&l=sp&t=sj&a=data |search-v3|navbg,Full Time, Medical/Healthcare  Biotechnology  Pharmaceutical  Computer Science  Information Technology (IT)  English  Medical Affairs  Medical  Software Development  Research, 10 - 12 Yrs of Exp 
Mid /Senior Full Stack .Net Developer,ICIS,"New Cairo, Cairo, Egypt",16 days ago,https://wuzzuf.net/jobs/p/shG6vtP8rVwY-Mid-Senior-Full-Stack-Net-Developer-ICIS-Cairo-Egypt?o=812&l=sp&t=sj&a=data |search-v3|navbg,Full Time, IT/Software Development  Engineering - Telecom/Technology  Engineering  Computer Science  Information Technology (IT)  Oracle  SQL  MVC  HTML5  CSS, 4+ Yrs of Exp 
Senior Financial Analyst,Cairo Three A  Poultry,"Cairo, Egypt",1 month ago,https://wuzzuf.net/jobs/p/YFNFOWOvTI4r-Senior-Financial-Analyst-Cairo-Three-A-Poultry-Cairo-Egypt?o=813&l=sp&t=sj&a=data |search-v3|navbg,Full Time, Accounting/Finance  Accounting  Financial Analysis  Analysis, 3 - 5 Yrs of Exp 
Foreign Purchasing Specialist,Misr Elhegaz Group,"Heliopolis, Cairo, Egypt",30 days ago,https://wuzzuf.net/jobs/p/OdhBn6FGtbAB-Foreign-Purchasing-Specialist-Misr-Elhegaz-Group-Cairo-Egypt?o=814&l=sp&t=sj&a=data |search-v3|navbg,Full Time, Logistics/Supply Chain  Manufacturing/Production  Purchasing/Procurement  Foreign Purchasing  English  Logistics  Purchasing  Procurement  ERP  Supply Chain, 3 - 5 Yrs of Exp 
Linux System Administrator,3D Diagnostix,"Maadi, Cairo, Egypt",1 month ago,https://wuzzuf.net/jobs/p/g2tuPW1U7RoQ-Linux-System-Administrator-3D-Diagnostix-Cairo-Egypt?o=815&l=sp&t=sj&a=data |search-v3|navbg,Full Time, Installation/Maintenance/Repair  IT/Software Development  Engineering - Telecom/Technology  Linux  System Administration  Computer Science  Information Technology (IT)  Help desk  Network Administration  Network, 2 - 4 Yrs of Exp 
Internal Auditor,Confidential,"Maadi, Cairo, Egypt",1 month ago,https://wuzzuf.net/jobs/p/tzVA9lRy6Zff-Internal-Auditor-Cairo-Egypt?o=816&l=sp&t=sj&a=data |search-v3|navbg,Full Time, Accounting/Finance  Audit  Auditing  Audit Firm  English  Financial Analysis, 2 - 3 Yrs of Exp 
Accountant,QOAD,"Cairo, Egypt",16 days ago,https://wuzzuf.net/jobs/p/Q7B6qdBL205a-Accountant-QOAD-Cairo-Egypt?o=817&l=sp&t=sj&a=data |search-v3|navbg,Full Time, Accounting/Finance  accountant  AP  AR  Reporting  Finance  Financial Analysis  Financial Management  Financial Reporting  Accounting, 2 - 4 Yrs of Exp 
Test Lead,Agile Technologies,"Cairo, Egypt",16 days ago,https://wuzzuf.net/jobs/p/WB0Q3NIFseXY-Test-Lead-Agile-Technologies-Cairo-Egypt?o=818&l=sp&t=sj&a=data |search-v3|navbg,Full Time, Quality  quality  QA  Quality Assurance  Agile  Testing  Automation, 8 - 10 Yrs of Exp 
Team Leader Scanners,Talabat,"Maadi, Cairo, Egypt",16 days ago,https://wuzzuf.net/jobs/p/3hvaMNx44ebm-Team-Leader-Scanners-Talabat-Cairo-Egypt?o=819&l=sp&t=sj&a=data |search-v3|navbg,Full Time, Operations/Management  Assortment Merchandiser  Team Leadership, 1 - 4 Yrs of Exp 
HR Operations Specialist,Confidential,"Bourj Alarab, Alexandria, Egypt",16 days ago,https://wuzzuf.net/jobs/p/2vvJEjBKQktI-HR-Operations-Specialist-Alexandria-Egypt?o=820&l=sp&t=sj&a=data |search-v3|navbg,Full Time, Human Resources  Operations  HR, 1 - 3 Yrs of Exp 
Planning Specialist,Rameda,"6th of October, Giza, Egypt",16 days ago,https://wuzzuf.net/jobs/p/USMWXgoREjsg-Planning-Specialist-Rameda-Giza-Egypt?o=821&l=sp&t=sj&a=data |search-v3|navbg,Full Time, Logistics/Supply Chain  Medical/Healthcare  Pharmaceutical  Medical  Healthcare  Pharmaceutical  Science  ISO  Oracle  Pharmacy, 2 - 4 Yrs of Exp 
Export Sales Specialist ( Freight Forwarder ),Asma Commercial Group,"Sheraton, Cairo, Egypt",16 days ago,https://wuzzuf.net/jobs/p/U1RR8Nt6U0v8-Export-Sales-Specialist-Freight-Forwarder-Asma-Commercial-Group-Cairo-Egypt?o=822&l=sp&t=sj&a=data |search-v3|navbg,Full Time, males_preferred  Logistics/Supply Chain  Operations/Management  Sales/Retail  Export  Export Sales  Sales, 2 - 5 Yrs of Exp 
IB MYP Coordinator,Uptown International School UISEgypt,"Mokattam, Cairo, Egypt",16 days ago,https://wuzzuf.net/jobs/p/q7ieNmTSg6kO-IB-MYP-Coordinator-Uptown-International-School-UISEgypt-Cairo-Egypt?o=823&l=sp&t=sj&a=data |search-v3|navbg,Full Time, Education/Teaching  IB  MYP  Education, 5 - 8 Yrs of Exp 
Junior Accountant (Cruises),TRAVCO GROUP,"Luxor, Luxor, Egypt",16 days ago,https://wuzzuf.net/jobs/p/ailYmholTUa3-Junior-Accountant-Cruises-TRAVCO-GROUP-Luxor-Egypt?o=824&l=sp&t=sj&a=data |search-v3|navbg,Full Time, males_only  Hospitality/Hotels/Food Services  Accounting  Accounts Receivable  Accounts Payable  Finance  Microsoft Office, 1 - 2 Yrs of Exp 
Group Human Resources Manager,DAOUD Group,"Downtown, Cairo, Egypt",16 days ago,https://wuzzuf.net/jobs/p/elD7nkZnK8CJ-Group-Human-Resources-Manager-DAOUD-Group-Cairo-Egypt?o=825&l=sp&t=sj&a=data |search-v3|navbg,Full Time, Engineering - Construction/Civil/Architecture  Human Resources  Manufacturing/Production  Human Resources  Human resources manager  Recruitment  Personnel  Human Resources (HR)  Talent management  Talent Development, 15 - 20 Yrs of Exp 
HSE Specialist - Haven,Cleopatra Hospitals Group,"6th of October, Giza, Egypt",16 days ago,https://wuzzuf.net/jobs/p/amIcqqiMli0z-HSE-Specialist---Haven-Cleopatra-Hospitals-Group-Giza-Egypt?o=826&l=sp&t=sj&a=data |search-v3|navbg,Full Time, R&D/Science  Engineering - Other  HSE Specialist  HSE, 3 - 5 Yrs of Exp 
Android/iOS Developer,El-Deeb Auto,"Maadi, Cairo, Egypt",1 month ago,https://wuzzuf.net/jobs/p/TMxDCMxgmFh9-AndroidiOS-Developer-El-Deeb-Auto-Cairo-Egypt?o=827&l=sp&t=sj&a=data |search-v3|navbg,Freelance / Project, IT/Software Development  Android  Android SDK  Computer Science  Information Technology (IT)  iOS, 3 - 5 Yrs of Exp 
Business Development Supervisor,Confidential,"Cairo, Egypt",16 days ago,https://wuzzuf.net/jobs/p/eZVP9bFsOeMF-Business-Development-Supervisor-Cairo-Egypt?o=828&l=sp&t=sj&a=data |search-v3|navbg,Full Time, Business Development  Human Resources  Business Development  Recruitment  Sales Target  Negotiation  Experience  Sales  Training, 7 - 10 Yrs of Exp 
Sales Outdoor (Loans),The Egyptian Microfinance Company- Maksab,"Cairo, Egypt",16 days ago,https://wuzzuf.net/jobs/p/V8Zu8ickopNC-Sales-Outdoor-Loans-The-Egyptian-Microfinance-Company--Maksab-Cairo-Egypt?o=829&l=sp&t=sj&a=data |search-v3|navbg,Full Time, males_only  Customer Service/Support  Sales/Retail  Outdoor Sales  Sales  Sales Target  sales skills  negotiation skills  Negotiation  Communication  Commerce, 0 - 3 Yrs of Exp 
Senior Property Consultant,J-Estate,"Sheraton, Cairo, Egypt",16 days ago,https://wuzzuf.net/jobs/p/REfK3oxL7pFm-Senior-Property-Consultant-J-Estate-Cairo-Egypt?o=830&l=sp&t=sj&a=data |search-v3|navbg,Full Time, Sales/Retail  Brokerage  Experience  Real Estate  Sales  senior  Sales Management, 2 - 5 Yrs of Exp 
E Learning Specialist,Tripathon,"Cairo, Egypt",16 days ago,https://wuzzuf.net/jobs/p/mWxEQ9ngFVOu-E-Learning-Specialist-Tripathon-Cairo-Egypt?o=831&l=sp&t=sj&a=data |search-v3|navbg,Full Time, Business Development  Creative/Design/Art  Design  English  Training  Communication skills  Communication, 5 - 8 Yrs of Exp 
Business Analyst\Solution Architect,Ejada,"Jeddah, Saudi Arabia",16 days ago,https://wuzzuf.net/jobs/p/0pM1Nxix2H0x-Business-AnalystSolution-Architect-Ejada-Jeddah-Saudi-Arabia?o=832&l=sp&t=sj&a=data |search-v3|navbg,Full Time, IT/Software Development  Analysis  Business Analysis  Information Technology (IT), 5+ Yrs of Exp 
Electrical Design Engineer,Deutschland Technology Limited,"Obour City, Cairo, Egypt",1 month ago,https://wuzzuf.net/jobs/p/ibMYcq5RtcS4-Electrical-Design-Engineer-Deutschland-Technology-Limited-Cairo-Egypt?o=833&l=sp&t=sj&a=data |search-v3|navbg,Full Time, Engineering - Mechanical/Electrical  Electrical Engineering  Engineering  Design  Microsoft Office  AutoCAD, 1 - 2 Yrs of Exp 
IT Help Desk,Q Desgin,"Maadi, Cairo, Egypt",1 month ago,https://wuzzuf.net/jobs/p/Vq5p9gWNowN8-IT-Help-Desk-Q-Desgin-Cairo-Egypt?o=834&l=sp&t=sj&a=data |search-v3|navbg,Full Time, Installation/Maintenance/Repair  IT/Software Development  Engineering - Telecom/Technology  IT  HelpDesk  CCNA  Help desk  Computer Science, 2 - 4 Yrs of Exp 
Maintenance & Infrastructure Engineer,GEMS Education,"New Cairo, Cairo, Egypt",16 days ago,https://wuzzuf.net/jobs/p/OVev0xG1wEYd-Maintenance-Infrastructure-Engineer-GEMS-Education-Cairo-Egypt?o=835&l=sp&t=sj&a=data |search-v3|navbg,Full Time, Installation/Maintenance/Repair  Engineering - Mechanical/Electrical  HVAC  Maintenance  Mechatronics  Mechanical Engineering  Electrical  Engineering  Mechanical  Plumbing, 7+ Yrs of Exp 
ABAP Developer - SAP,Confidential,"6th of October, Giza, Egypt",16 days ago,https://wuzzuf.net/jobs/p/kia4CxaOT2mZ-ABAP-Developer---SAP-Giza-Egypt?o=836&l=sp&t=sj&a=data |search-v3|navbg,Full Time, IT/Software Development  ABAP  Computer Science  Information Technology (IT)  SAP  BAPI, 2 - 5 Yrs of Exp 
ABAP Section Head - Giza,Confidential,"6th of October, Giza, Egypt",16 days ago,https://wuzzuf.net/jobs/p/yZfa6jQ5DDyN-ABAP-Section-Head---Giza-Giza-Egypt?o=837&l=sp&t=sj&a=data |search-v3|navbg,Full Time, IT/Software Development  Engineering  Microsoft Office  SAP  ABAP  SAP BW  BI, 4 - 7 Yrs of Exp 
Technical Office Mechanical Engineer,ATEC,"Maadi, Cairo, Egypt",16 days ago,https://wuzzuf.net/jobs/p/hZRf3ENroHNy-Technical-Office-Mechanical-Engineer-ATEC-Cairo-Egypt?o=838&l=sp&t=sj&a=data |search-v3|navbg,Full Time, Engineering - Mechanical/Electrical  Mechatronics Engineering  Technical Office Engineering  Mechatronics  Mechanical Engineering  Mechanical  AutoCAD, 1 - 3 Yrs of Exp 
Architectural Engineer,Confidential,"Nasr City, Cairo, Egypt",16 days ago,https://wuzzuf.net/jobs/p/sbka4qOtibi7-Architectural-Engineer-Cairo-Egypt?o=839&l=sp&t=sj&a=data |search-v3|navbg,Full Time, Engineering - Construction/Civil/Architecture  Creative/Design/Art  Project/Program Management  3D  Lumion  Sketchup  Rhino  Engineering  AutoCAD  Architecture, 3 - 5 Yrs of Exp 
Internal Auditor,Confidential,"Heliopolis, Cairo, Egypt",16 days ago,https://wuzzuf.net/jobs/p/jbrQEntIUy3o-Internal-Auditor-Cairo-Egypt?o=840&l=sp&t=sj&a=data |search-v3|navbg,Full Time, Accounting/Finance  Quality  Accounting  Analysis  Auditing  Finance  Financial Analysis  English  Financial  Procedures, 5 - 7 Yrs of Exp 
Mechanical Engineering Section Head,MBCC Egypt,"Beni Suef, Egypt",16 days ago,https://wuzzuf.net/jobs/p/A2zy2mw1Yvd4-Mechanical-Engineering-Section-Head-MBCC-Egypt-Beni-Suef-Egypt?o=841&l=sp&t=sj&a=data |search-v3|navbg,Full Time, Installation/Maintenance/Repair  Manufacturing/Production  Engineering - Other  Engineering  Maintenance  cement  Mechanical  Mechanical Engineering, 5 - 7 Yrs of Exp 
sales and Fitting Specialist,Amplifon Middle East,"Sheikh Zayed, Giza, Egypt",16 days ago,https://wuzzuf.net/jobs/p/SPaZNRfRfhvc-sales-and-Fitting-Specialist-Amplifon-Middle-East-Giza-Egypt?o=842&l=sp&t=sj&a=data |search-v3|navbg,Full Time, Sales/Retail  Sales Target  Fitting  Customer Service  sales skills  Sales, Customer Service/Support 
International Business Development - Export Sales ( FMCG ),Royal Herbs,"Sheikh Zayed, Giza, Egypt",16 days ago,https://wuzzuf.net/jobs/p/MSA0w1HFV9aO-International-Business-Development---Export-Sales-FMCG-Royal-Herbs-Giza-Egypt?o=843&l=sp&t=sj&a=data |search-v3|navbg,Full Time, males_preferred  Business Development  Customer Service/Support  Export  Export Development  Import / Export  Export Sales  International Business Development  Business Development, 3 - 5 Yrs of Exp 
Financial Manager,Confidential,"Cairo, Egypt",17 days ago,https://wuzzuf.net/jobs/p/a2J7DzxB6C4p-Financial-Manager-Cairo-Egypt?o=844&l=sp&t=sj&a=data |search-v3|navbg,Full Time, Accounting/Finance  Financial Management  Financial Manager  Financial Analysis  Accounting  Communication  CMA  Finance, 2 - 5 Yrs of Exp 
Online Flights Call Center Officers,Almosafer,"Mohandessin, Giza, Egypt",17 days ago,https://wuzzuf.net/jobs/p/uDInQbUsYMVB-Online-Flights-Call-Center-Officers-Almosafer-Giza-Egypt?o=845&l=sp&t=sj&a=data |search-v3|navbg,Full Time, Customer Service/Support  Tourism/Travel  Amadeus  Call Center  Customer Care  Customer Service  English  gds  Customer Support  Tourism, 1 - 6 Yrs of Exp 
Human Resources Manager,Target Recruitment  & HR Solutions,"Alexandria, Egypt",17 days ago,https://wuzzuf.net/jobs/p/BE2Hs2SZbCfm-Human-Resources-Manager-Target-Recruitment-HR-Solutions-Alexandria-Egypt?o=846&l=sp&t=sj&a=data |search-v3|navbg,Full Time, Administration  Human Resources  Operations/Management  Management  Human Resources (HR)  business  Business Administration  Strategic Planning  Performance Management  training and development, 10 - 17 Yrs of Exp 
Manual Quality Assurance Engineer,Luxoft (A DXC Technology Company),"Cairo, Egypt",17 days ago,https://wuzzuf.net/jobs/p/BjkpOhS3Ubrj-Manual-Quality-Assurance-Engineer-Luxoft-A-DXC-Technology-Company-Cairo-Egypt?o=847&l=sp&t=sj&a=data |search-v3|navbg,Full Time, IT/Software Development  Quality  Engineering - Telecom/Technology  QA  Quality Assurance  Quality Control  Operations  Testing  Manual Testing, 3 - 5 Yrs of Exp 
Finishing Construction Manager,Confidential,"New Capital, Cairo, Egypt",17 days ago,https://wuzzuf.net/jobs/p/HUe6jyb2eve5-Finishing-Construction-Manager-Cairo-Egypt?o=848&l=sp&t=sj&a=data |search-v3|navbg,Full Time, Engineering - Construction/Civil/Architecture  Operations/Management  Construction Management  Construction  Civil Engineering  Engineering  Management  Communication  Finishing  Architecture, 10+ Yrs of Exp 
Senior Media Buyer,Memaar Degla,"10th of Ramadan City, Cairo, Egypt",17 days ago,https://wuzzuf.net/jobs/p/UNIOr7vODCuj-Senior-Media-Buyer-Memaar-Degla-Cairo-Egypt?o=849&l=sp&t=sj&a=data |search-v3|navbg,Full Time, Creative/Design/Art  Marketing/PR/Advertising  Media/Journalism/Publishing  Media Buyer  Marketing  Social Media  Digital Marketing  media, 2 - 5 Yrs of Exp 
"Software Project Manager, Scrum Master",Dafa,"Haram, Giza, Egypt",17 days ago,https://wuzzuf.net/jobs/p/UF8EpOKDP0Yg-Software-Project-Manager-Scrum-Master-Dafa-Giza-Egypt?o=850&l=sp&t=sj&a=data |search-v3|navbg,Full Time, IT/Software Development  Project/Program Management  Engineering - Telecom/Technology  Communication  Development  Information Technology (IT)  Management  Project  Project Management  Scrum, 6 - 10 Yrs of Exp 
HR Generalist,Leeds,"Sheikh Zayed, Giza, Egypt",17 days ago,https://wuzzuf.net/jobs/p/k2IafgtM3zAX-HR-Generalist-Leeds-Giza-Egypt?o=851&l=sp&t=sj&a=data |search-v3|navbg,Full Time, Administration  Human Resources  Administration  HR Diploma  Payroll  Personnel  HR  Microsoft Office  Human Resources (HR), 2 - 4 Yrs of Exp 
Sales Specialist,International Smart for Education Services - ISES,"Mokattam, Cairo, Egypt",17 days ago,https://wuzzuf.net/jobs/p/g9GHT5f1vIeV-Sales-Specialist-International-Smart-for-Education-Services---ISES-Cairo-Egypt?o=852&l=sp&t=sj&a=data |search-v3|navbg,Full Time, males_only  Education/Teaching  Sales Specialist  Customer  Customer Service  Sales  sales skills  Sales Target  Skills  Communication, 2 - 4 Yrs of Exp 
Strategy Development & Planning Manager,Confidential,"New Cairo, Cairo, Egypt",17 days ago,https://wuzzuf.net/jobs/p/TFmbnHqknnsi-Strategy-Development-Planning-Manager-Cairo-Egypt?o=853&l=sp&t=sj&a=data |search-v3|navbg,Full Time, females_preferred  Administration  Business Development  Project/Program Management  Modeling  Banking  Financial  PMP, 10 - 15 Yrs of Exp 
CO Teacher,Manhattan Schools,"Maadi, Cairo, Egypt",17 days ago,https://wuzzuf.net/jobs/p/9gHYBOMayuzm-CO-Teacher-Manhattan-Schools-Cairo-Egypt?o=854&l=sp&t=sj&a=data |search-v3|navbg,Full Time, Education/Teaching  Co-teacher  Education  English  Teaching  British  learning, 2 - 3 Yrs of Exp 
Testing Specialist,Amideast,"Dokki, Giza, Egypt",17 days ago,https://wuzzuf.net/jobs/p/WZn93LUTwZCp-Testing-Specialist-Amideast-Giza-Egypt?o=855&l=sp&t=sj&a=data |search-v3|navbg,Full Time, Administration  Customer Service/Support  Operations/Management  Administration  Computer Science  Education  English  Information Technology (IT)  Management  Microsoft Outlook, 3 - 7 Yrs of Exp 
Research Project Coordinator,Confidential,"Cairo, Egypt",17 days ago,https://wuzzuf.net/jobs/p/2Wz2OZcyQc5x-Research-Project-Coordinator-Cairo-Egypt?o=856&l=sp&t=sj&a=data |search-v3|navbg,Full TimeWork From Home, Operations/Management  Analyst/Research  Microsoft Office 365  Communication skills  Project Coordination  English, 1 - 4 Yrs of Exp 
HR Generalist,Family Corporation,"Cairo, Egypt",17 days ago,https://wuzzuf.net/jobs/p/wCuvMgkIa60l-HR-Generalist-Family-Corporation-Cairo-Egypt?o=857&l=sp&t=sj&a=data |search-v3|navbg,Full Time, Administration  Human Resources  English  Human Resources (HR)  Microsoft Office  Recruitment  Personnel  Communication, 1 - 2 Yrs of Exp 
Sales Promoter,Confidential,"Sheraton, Cairo, Egypt",17 days ago,https://wuzzuf.net/jobs/p/OVvBEekL2iYW-Sales-Promoter-Cairo-Egypt?o=858&l=sp&t=sj&a=data |search-v3|navbg,Full Time, Marketing/PR/Advertising  Sales/Retail  Marketing  Communication skills  Skills  Relationship Management  promoter  Negotiation  sales skills  Sales, 0 - 2 Yrs of Exp 
Senior DevOps Engineer,Digi Visions,"Nasr City, Cairo, Egypt",17 days ago,https://wuzzuf.net/jobs/p/qcmjH7M2qpQE-Senior-DevOps-Engineer-Digi-Visions-Cairo-Egypt?o=859&l=sp&t=sj&a=data |search-v3|navbg,Full TimeWork From Home, IT/Software Development  Engineering - Telecom/Technology  DevOps  Linux  configurations  Information Technology (IT)  Software Development  Docker  Computer Science  RHEL, 5 - 8 Yrs of Exp 
Odoo Telesales Specialist,OdooTec,"New Cairo, Cairo, Egypt",1 month ago,https://wuzzuf.net/jobs/p/38wrDYl6L6BY-Odoo-Telesales-Specialist-OdooTec-Cairo-Egypt?o=860&l=sp&t=sj&a=data |search-v3|navbg,Full Time, IT/Software Development  Marketing/PR/Advertising  Sales/Retail  English  Information Technology (IT)  Software Development  Communication  Accounting  Odoo  Telesales, 2 - 10 Yrs of Exp 
Accountant,Al Safa,"Nasr City, Cairo, Egypt",17 days ago,https://wuzzuf.net/jobs/p/foWHUpyjXfJt-Accountant-Al-Safa-Cairo-Egypt?o=861&l=sp&t=sj&a=data |search-v3|navbg,Full Time, Accounting/Finance  Accounting  Construction  Communication  Finance  Financial Management  Cost Accounting, 4 - 6 Yrs of Exp 
Market Research Specialist,Cairo Three A Poultry,"New Cairo, Cairo, Egypt",1 month ago,https://wuzzuf.net/jobs/p/q2O1lALOkvgp-Market-Research-Specialist-Pyramid-Poultry-Co-Cairo-Egypt?o=862&l=sp&t=sj&a=data |search-v3|navbg,Full Time, Marketing/PR/Advertising  Analyst/Research  E-Marketing  Communication skills  Market Research  Social Media, 3 - 5 Yrs of Exp 
Marketing Coordinator,Grouhy,"Downtown, Cairo, Egypt",1 month ago,https://wuzzuf.net/jobs/p/Nz5H7KiNe2fQ-Marketing-Coordinator-Grouhy-Cairo-Egypt?o=863&l=sp&t=sj&a=data |search-v3|navbg,Full Time, Marketing/PR/Advertising  Sales/Retail  Communication  E-Marketing  Social Media  Sales  MS Office  Digital Marketing  Marketing, 0 - 1 Yrs of Exp 
E-Commerce Merchandizer,Confidential,"New Cairo, Cairo, Egypt",1 month ago,https://wuzzuf.net/jobs/p/MhmGLv6zAIzC-E-Commerce-Merchandizer-Cairo-Egypt?o=864&l=sp&t=sj&a=data |search-v3|navbg,Full Time, Quality  Merchandising  E-Commerce, 2 - 3 Yrs of Exp 
Customer Service Representative,Grouhy,"Downtown, Cairo, Egypt",1 month ago,https://wuzzuf.net/jobs/p/kmexTiJxUdQK-Customer-Service-Representative-Grouhy-Cairo-Egypt?o=865&l=sp&t=sj&a=data |search-v3|navbg,Full Time, Customer Service/Support  Sales/Retail  Customer  Customer Service  Customer service representative  Representative  Customer Support  Customer Care  Service  Sales, 0 - 2 Yrs of Exp 
Reconciliation and Settlement officer,e Aswaaq Misr,"6th of October, Giza, Egypt",1 month ago,https://wuzzuf.net/jobs/p/kgadJ0Tgn3pp-Reconciliation-and-Settlement-officer-e-Aswaaq-Misr-Giza-Egypt?o=866&l=sp&t=sj&a=data |search-v3|navbg,Full Time, Accounting/Finance  Reconciliation  settlement, 1 - 3 Yrs of Exp 
SME Manager - Loans,e Aswaaq Misr,"Smart Village, Giza, Egypt",1 month ago,https://wuzzuf.net/jobs/p/nnZDbcgCxvsj-SME-Manager---Loans-e-Aswaaq-Misr-Giza-Egypt?o=867&l=sp&t=sj&a=data |search-v3|navbg,Full Time, Banking  Analyst/Research  Banking  Credit Risk  Customer Service  Information Technology (IT)  Management  Marketing  sales skills  Sales, 7 - 10 Yrs of Exp 
Treasury Manager,Raya Distribution,"Cairo, Egypt",1 month ago,https://wuzzuf.net/jobs/p/YlJtZeS5CANC-Treasury-Manager-Raya-Distribution-Cairo-Egypt?o=868&l=sp&t=sj&a=data |search-v3|navbg,Full Time, Accounting/Finance  Accounting  Finance  Treausry, 5 - 8 Yrs of Exp 
Mechanical Engineer,HTC group,"Cairo, Egypt",18 days ago,https://wuzzuf.net/jobs/p/wSzGwjrz5gfy-Mechanical-Engineer-HTC-group-Cairo-Egypt?o=869&l=sp&t=sj&a=data |search-v3|navbg,Full TimeWork From Home, Installation/Maintenance/Repair  Sales/Retail  Engineering - Mechanical/Electrical  HVAC  Plumbing  Mechanical Engineering  Design, 1 - 4 Yrs of Exp 
Personnel Officer,Confidential,"Beheira, Egypt",1 month ago,https://wuzzuf.net/jobs/p/67PdDVUfwoQe-Personnel-Officer-Beheira-Egypt?o=870&l=sp&t=sj&a=data |search-v3|navbg,Full Time, Administration  Human Resources  Microsoft Office  Administration  Personnel  Human Resources (HR)  Computer Skills  English, 3 - 5 Yrs of Exp 
Senior EDI Analyst & Developer,FlairsTech,"Maadi, Cairo, Egypt",18 days ago,https://wuzzuf.net/jobs/p/anY5oyDeUpDM-Senior-EDI-Analyst-Developer-FlairsTech-Cairo-Egypt?o=871&l=sp&t=sj&a=data |search-v3|navbg,Full Time, Analyst/Research  Engineering - Telecom/Technology  EDI  biztalk  Microsoft SQL Server  SSIS  SSRS  x12  XLST  APIs, 5 - 6 Yrs of Exp 
Training and Quality Manager,Confidential,"Maadi, Cairo, Egypt",1 month ago,https://wuzzuf.net/jobs/p/ZE3e2gvTfJ6F-Training-and-Quality-Manager-Cairo-Egypt?o=872&l=sp&t=sj&a=data |search-v3|navbg,Full Time, Operations/Management  Quality  Training/Instructor  Training  Quality  Management  Quality Management  Training Management  BPO, 8+ Yrs of Exp 
HR Assistant,"LS ELECTRIC Co., Ltd.","New Cairo, Cairo, Egypt",18 days ago,https://wuzzuf.net/jobs/p/kcAU6NCTFmEV-HR-Assistant-LS-ELECTRIC-Co-Ltd-Cairo-Egypt?o=873&l=sp&t=sj&a=data |search-v3|navbg,Full Time, Administration  Human Resources  Operations/Management  Human Resources (HR)  HR Assistant  Administration, 3 - 5 Yrs of Exp 
Treasury & Banking Section Head,ABCO Group,"Bourj Alarab, Alexandria, Egypt",18 days ago,https://wuzzuf.net/jobs/p/anXHSbevl8zn-Treasury-Banking-Section-Head-ABCO-Group-Alexandria-Egypt?o=874&l=sp&t=sj&a=data |search-v3|navbg,Full Time, Accounting/Finance  Banking  Accounting  Banking  Communication skills  Engineering  English  Finance  Management  Manufacturing, 6+ Yrs of Exp 
Admin Assistant - Maadi Branch,UCMAS Academy,"Maadi, Cairo, Egypt",19 days ago,https://wuzzuf.net/jobs/p/faGDFSMkzqV8-Admin-Assistant---Maadi-Branch-UCMAS-Academy-Cairo-Egypt?o=875&l=sp&t=sj&a=data |search-v3|navbg,Full Time, Administration  Customer Service/Support  Sales/Retail  Admin  Administration  Customer Service  Communication, 1 - 2 Yrs of Exp 
Odoo Functional Consultant,Trend,"Cairo, Egypt",20 days ago,https://wuzzuf.net/jobs/p/EhgJMEfUoOpE-Odoo-Functional-Consultant-Trend-Cairo-Egypt?o=876&l=sp&t=sj&a=data |search-v3|navbg,Full Time, IT/Software Development  Engineering - Telecom/Technology  ERP System  Odoo  ERP Implementation, 1 - 5 Yrs of Exp 
Senior Software Engineer - K2,ITWORX,"Nasr City, Cairo, Egypt",20 days ago,https://wuzzuf.net/jobs/p/DlAmNt5YbDZ2-Senior-Software-Engineer---K2-ITWORX-Cairo-Egypt?o=877&l=sp&t=sj&a=data |search-v3|navbg,Full Time, IT/Software Development  ASP.Net  .NET Core  K2 Workflow Process  Entity Framework, 3 - 5 Yrs of Exp 
Web Developer,Shaheen Center,"6th of October, Giza, Egypt",20 days ago,https://wuzzuf.net/jobs/p/SE2AuCx3rOcr-Web-Developer-Shaheen-Center-Giza-Egypt?o=878&l=sp&t=sj&a=data |search-v3|navbg,Full Time, IT/Software Development  Communication  Computer Science  Microsoft Office  Social Media  Web Development  website  Admin, 3 - 5 Yrs of Exp 
ELV Design Engineer,Pinnacle Real Estate Investments and Development Management,"Maadi, Cairo, Egypt",20 days ago,https://wuzzuf.net/jobs/p/H2ELRTvz6dHu-ELV-Design-Engineer-Pinnacle-Real-Estate-Investments-and-Development-Management-Cairo-Egypt?o=879&l=sp&t=sj&a=data |search-v3|navbg,Full Time, Engineering - Construction/Civil/Architecture  Engineering  ELV, 3 - 7 Yrs of Exp 
Media Buyer & Social Media Specialist,Confidential,"Manial, Cairo, Egypt",20 days ago,https://wuzzuf.net/jobs/p/C8Vw5fZFhp0j-Media-Buyer-Social-Media-Specialist-Cairo-Egypt?o=880&l=sp&t=sj&a=data |search-v3|navbg,Full Time, Marketing/PR/Advertising  Marketing  E-Marketing  Social Media  Content Creation  Social Media Strategy  Google Analytics, 4 - 6 Yrs of Exp 
Accountant,Expert Zone,"Cairo, Egypt",20 days ago,https://wuzzuf.net/jobs/p/49cOJOL3P0A0-Accountant-Expert-Zone-Cairo-Egypt?o=881&l=sp&t=sj&a=data |search-v3|navbg,Full Time, Accounting/Finance  Accounting  Financial Statements, 2 - 8 Yrs of Exp 
Warehouse Manager,NTS Group,"Cairo, Egypt",20 days ago,https://wuzzuf.net/jobs/p/WnPsTaUIKRtP-Warehouse-Manager-NTS-Group-Cairo-Egypt?o=882&l=sp&t=sj&a=data |search-v3|navbg,Full Time, Administration  Operations/Management  Purchasing/Procurement  Administration  Management  Warehouse  Warehouse Management  Supply, 10+ Yrs of Exp 
Mechanical Engineer,Eagle Chemicals,"6th of October, Giza, Egypt",20 days ago,https://wuzzuf.net/jobs/p/yfgJbdLpJFLO-Mechanical-Engineer-Eagle-Chemicals-Giza-Egypt?o=883&l=sp&t=sj&a=data |search-v3|navbg,Full Time, Installation/Maintenance/Repair  Manufacturing/Production  Engineering - Mechanical/Electrical  Mechanical  Communication  Communication skills  Engineering  Mechanical Engineering  Interpersonal skills  Projects, 1 - 3 Yrs of Exp 
Chemical Engineer,Eagle Chemicals,"6th of October, Giza, Egypt",20 days ago,https://wuzzuf.net/jobs/p/rCsEgkKmohKn-Chemical-Engineer-Eagle-Chemicals-Giza-Egypt?o=884&l=sp&t=sj&a=data |search-v3|navbg,Full Time, males_only  R&D/Science  Manufacturing/Production  Engineering - Other  Chemistry  Science  Production  Chemicals  Laboratory  Alkyd  Microsoft Office, 1 - 3 Yrs of Exp 
Java Software Developer,Aman,"6th of October, Giza, Egypt",20 days ago,https://wuzzuf.net/jobs/p/VYOwGsfMAfKz-Java-Software-Developer-Aman-Giza-Egypt?o=885&l=sp&t=sj&a=data |search-v3|navbg,Full Time, IT/Software Development  Engineering - Telecom/Technology  Software Engineering  CSS  HTML  Information Technology (IT)  Computer Science  Angular  Software Development  SQL, 2 - 6 Yrs of Exp 
Sales Supervisor,Confidential,"Cairo, Egypt",20 days ago,https://wuzzuf.net/jobs/p/uUbNMkbTuSTn-Sales-Supervisor-Cairo-Egypt?o=886&l=sp&t=sj&a=data |search-v3|navbg,Full Time, Sales/Retail  Communication skills  Sales  sales skills  Sales Target  Customer Service, 4 - 6 Yrs of Exp 
Medical Billing Specialist,Sidra,"Heliopolis, Cairo, Egypt",20 days ago,https://wuzzuf.net/jobs/p/gBxe5ZfeZ0pQ-Medical-Billing-Specialist-Sidra-Cairo-Egypt?o=887&l=sp&t=sj&a=data |search-v3|navbg,Full Time, Accounting/Finance  Customer Service/Support  Medical/Healthcare  Accounting  Business Administration  Health Care  Insurance  Medical  Medical Insurance  MS Office, 2 - 5 Yrs of Exp 
Marketing Specialist for Art Gallery,Egypt Gold,"Heliopolis, Cairo, Egypt",20 days ago,https://wuzzuf.net/jobs/p/cFIaxoIS9DT4-Marketing-Specialist-for-Art-Gallery-Egypt-Gold-Cairo-Egypt?o=888&l=sp&t=sj&a=data |search-v3|navbg,Full Time, Marketing/PR/Advertising  Sales/Retail  Media/Journalism/Publishing  Communication skills  Communication  Creative  E-Marketing  English  Events  Management, 2 - 5 Yrs of Exp 
Travel Designer and Experience Leader Groups,Pillars,"6th of October, Giza, Egypt",20 days ago,https://wuzzuf.net/jobs/p/EfsYmnXhNCKM-Travel-Designer-and-Experience-Leader-Groups-Pillars-Giza-Egypt?o=889&l=sp&t=sj&a=data |search-v3|navbg,Full Time, Tourism/Travel  Travel  Tourism, 3 - 10 Yrs of Exp 
Senior .Net Developer (.Net | Microservice | React Native),FlairsTech,"Cairo, Egypt",1 month ago,https://wuzzuf.net/jobs/p/Lz2bpsObrMgn-Senior-Net-Developer-Net-Microservice-React-Native-FlairsTech-Cairo-Egypt?o=890&l=sp&t=sj&a=data |search-v3|navbg,Full Time, IT/Software Development  AWS  APIs  .Net  react native, 5 - 8 Yrs of Exp 
General Accountant,Confidential,"Riyadh, Saudi Arabia",20 days ago,https://wuzzuf.net/jobs/p/M36XYIIWUZje-General-Accountant-Riyadh-Saudi-Arabia?o=891&l=sp&t=sj&a=data |search-v3|navbg,Full Time, Accounting/Finance  Banking  Logistics/Supply Chain  Accounting  Finance  Financial Analysis  Financial Management, 3 - 5 Yrs of Exp 
Cost Accountant,Midea Group,"6th of October, Giza, Egypt",20 days ago,https://wuzzuf.net/jobs/p/YFOiZtzHq1mt-Cost-Accountant-Midea-Group-Giza-Egypt?o=892&l=sp&t=sj&a=data |search-v3|navbg,Full Time, Accounting/Finance  Analyst/Research  Accounting  accountant  Cost Accountant, 2 - 4 Yrs of Exp 
HR Assistant,Confidential,"6th of October, Giza, Egypt",20 days ago,https://wuzzuf.net/jobs/p/ZMVie1821wGD-HR-Assistant-Giza-Egypt?o=893&l=sp&t=sj&a=data |search-v3|navbg,Full Time, Administration  Human Resources  Human Resources (HR)  Microsoft Office  Human  Recruitment  English  Administration, 2 - 4 Yrs of Exp 
Senior Backend Developer,Confidential,"Mohandessin, Giza, Egypt",1 month ago,https://wuzzuf.net/jobs/p/RbRjn9IfCHYP-Senior-Backend-Developer-Giza-Egypt?o=894&l=sp&t=sj&a=data |search-v3|navbg,Full Time, IT/Software Development  PHP  Backend developer  Laravel  senior  MySQL, 3 - 5 Yrs of Exp 
Senior Tax Accountant,Parkville Pharmaceuticals,"Giza, Egypt",20 days ago,https://wuzzuf.net/jobs/p/4dWZT5EYIvrP-Senior-Tax-Accountant-Parkville-Pharmaceuticals-Giza-Egypt?o=895&l=sp&t=sj&a=data |search-v3|navbg,Full Time, Accounting/Finance  Accounting  Finance  Financial Management  Tax  Financial Analysis, 3 - 6 Yrs of Exp 
Senior Project Control Engineer - Africa,Confidential,"Cairo, Egypt",1 month ago,https://wuzzuf.net/jobs/p/CHg6PQR7moIN-Senior-Project-Control-Engineer---Africa-Cairo-Egypt?o=896&l=sp&t=sj&a=data |search-v3|navbg,Full Time, Engineering - Construction/Civil/Architecture  Construction  Primavera  Planning  Engineering Planning  Civil Engineering  Architecture  Installation Curves, 5+ Yrs of Exp 
Project Control Engineer,Rowad Modern Engineering,"Cairo, Egypt",1 month ago,https://wuzzuf.net/jobs/p/IDlGYE9TtC1r-Project-Control-Engineer-Rowad-Modern-Engineering-Cairo-Egypt?o=897&l=sp&t=sj&a=data |search-v3|navbg,Full Time, Engineering - Construction/Civil/Architecture  Project/Program Management  Planning  Planning Engineer  Civil Engineering  Primavera  Construction  Mega Projects  Engineering  Civil, 3+ Yrs of Exp 
Content Creator & Video Editor - Remote role,Seuqel Solutions,"Cairo, Egypt",21 days ago,https://wuzzuf.net/jobs/p/5GKxHf79g2SZ-Content-Creator-Video-Editor---Remote-role-Seuqel-Solutions-Cairo-Egypt?o=898&l=sp&t=sj&a=data |search-v3|navbg,Full TimePart Time, Marketing/PR/Advertising  Media/Journalism/Publishing  Content  Creative  Design  Digital  Digital Marketing  Editing  Graphic Design  Marketing, 3 - 5 Yrs of Exp 
HR Coordinator-Hospitals Background,Nasaaem Hospital,"New Cairo, Cairo, Egypt",21 days ago,https://wuzzuf.net/jobs/p/5vQ5TQs1Qenf-HR-Coordinator-Hospitals-Background-Nasaaem-Hospital-Cairo-Egypt?o=899&l=sp&t=sj&a=data |search-v3|navbg,Full Time, Human Resources  Recruitment  Human Resources (HR)  Communication skills, 1 - 3 Yrs of Exp 
Traffic Manager,Tawzef,"New Cairo, Cairo, Egypt",21 days ago,https://wuzzuf.net/jobs/p/VPQ1lev4bjQo-Traffic-Manager-Tawzef-Cairo-Egypt?o=900&l=sp&t=sj&a=data |search-v3|navbg,Full Time, Operations/Management  Marketing/PR/Advertising  Account Management  Advertising  Management  media  Marketing  E-Marketing  Operations, 3+ Yrs of Exp 
"Quality, Health, Safety, and Environment Manager",Blue Ribbon,"New Cairo, Cairo, Egypt",1 month ago,https://wuzzuf.net/jobs/p/ovhpudH4TQFY-Quality-Health-Safety-and-Environment-Manager-Blue-Ribbon-Cairo-Egypt?o=901&l=sp&t=sj&a=data |search-v3|navbg,Full Time, Operations/Management  Quality  Engineering - Other  Engineering  English  facilities management  Food  Health &amp; Safety  Management  Microsoft Office, 7+ Yrs of Exp 
Fleet Managment and facility engineer,Alstom,"Cairo, Egypt",21 days ago,https://wuzzuf.net/jobs/p/9K5fHGF1su7k-Fleet-Managment-and-facility-engineer-Alstom-Cairo-Egypt?o=902&l=sp&t=sj&a=data |search-v3|navbg,Full Time, Administration  Facility Management  Fleet Management  Building Maintenance, 6 - 10 Yrs of Exp 
Social Media Coordinator,Scope IMS,"New Cairo, Cairo, Egypt",21 days ago,https://wuzzuf.net/jobs/p/VLFtxklFQV9A-Social-Media-Coordinator-Scope-IMS-Cairo-Egypt?o=903&l=sp&t=sj&a=data |search-v3|navbg,Full Time, females_only  Marketing/PR/Advertising  Media/Journalism/Publishing  E-Marketing  Marketing  media  Social Media  Digital Advertising  Online Marketing  Online Advertising  Copywriting, 1 - 3 Yrs of Exp 
Export Executive (Fresh Fruits and Vegetables Products),AGA,"Downtown, Cairo, Egypt",21 days ago,https://wuzzuf.net/jobs/p/rylTT92lgJRs-Export-Executive-Fresh-Fruits-and-Vegetables-Products-Tiba-Farms-Cairo-Egypt?o=904&l=sp&t=sj&a=data |search-v3|navbg,Full Time, Business Development  Export  Business Development, 3 - 5 Yrs of Exp 
Junior Accountant ( Tourism),Confidential,"Heliopolis, Cairo, Egypt",21 days ago,https://wuzzuf.net/jobs/p/qNm1GCdgP1SY-Junior-Accountant-Tourism-Cairo-Egypt?o=905&l=sp&t=sj&a=data |search-v3|navbg,Full Time, Accounting/Finance  Accounting  Finance  Financial Analysis, 1 - 2 Yrs of Exp 
IT on Site Support Specialist (Alex),Majorel Egypt,"Alexandria, Egypt",21 days ago,https://wuzzuf.net/jobs/p/TfkSTUX7EVuZ-IT-on-Site-Support-Specialist-Alex-Majorel-Egypt-Alexandria-Egypt?o=906&l=sp&t=sj&a=data |search-v3|navbg,Full Time, Installation/Maintenance/Repair  IT/Software Development  Communication  computer  Computer Science  Customer Support  English  Hardware  Information Technology (IT)  IT, 1 - 3 Yrs of Exp 
HSE Specialist,INTECH,"Qena, Egypt",21 days ago,https://wuzzuf.net/jobs/p/EWYR8iZC1BvZ-HSE-Specialist-INTECH-Qena-Egypt?o=907&l=sp&t=sj&a=data |search-v3|navbg,Full Time, Quality  OSHA  HSE  Safety  Construction, 3 - 6 Yrs of Exp 
Treasury Accountant,Olam SVI,"6th of October, Giza, Egypt",21 days ago,https://wuzzuf.net/jobs/p/mt8TMYuTUoHd-Treasury-Accountant-Olam-SVI-Giza-Egypt?o=908&l=sp&t=sj&a=data |search-v3|navbg,Full Time, females_only  Accounting/Finance  Banking  Accounting  Commerce  Finance  SAP  MS Office  Accounts Payable  Accounts Receivable  Treasury Accounting, 2 - 4 Yrs of Exp 
Call Center Agent,Confidential,"Heliopolis, Cairo, Egypt",21 days ago,https://wuzzuf.net/jobs/p/aZJERaTcIRiO-Call-Center-Agent-Cairo-Egypt?o=909&l=sp&t=sj&a=data |search-v3|navbg,Full Time, Customer Service/Support  Call Center  Communication  Communication skills  Customer Care  Customer Service  Customer Support  Skills  Service, 0 - 2 Yrs of Exp 
Senior Tax Accountant,A&T Business Consultants,"Cairo, Egypt",21 days ago,https://wuzzuf.net/jobs/p/qpqB5EorIx0n-Senior-Tax-Accountant-AT-Business-Consultants-Cairo-Egypt?o=910&l=sp&t=sj&a=data |search-v3|navbg,Full Time, Accounting/Finance  Tax  Accounting  Financial Analysis  Finance, 3 - 5 Yrs of Exp 
Inventory Controller ( Healthcare is MUST ),Baheya Group For Hospitals and Projects,"Sheikh Zayed, Giza, Egypt",21 days ago,https://wuzzuf.net/jobs/p/LSRXTjhoidL9-Inventory-Controller-Healthcare-is-MUST-Baheya-Group-For-Hospitals-and-Projects-Giza-Egypt?o=911&l=sp&t=sj&a=data |search-v3|navbg,Full Time, males_only  Accounting/Finance  Logistics/Supply Chain  Operations/Management  Accounting  Finance  inventory  Inventory Control, 2 - 4 Yrs of Exp 
Senior Java Developer,ARPUPLUS,"Giza, Egypt",21 days ago,https://wuzzuf.net/jobs/p/jC3D4GFrP1Aa-Senior-Java-Developer-ARPUPLUS-Giza-Egypt?o=912&l=sp&t=sj&a=data |search-v3|navbg,Full Time, IT/Software Development  Engineering - Telecom/Technology  Angular  Computer Science  Engineering  Information Technology (IT)  Software Development  Java  SQL  Software Engineering, 3 - 5 Yrs of Exp 
Pre School - English Co Teacher,Leap Development Hub,"Madinaty, Cairo, Egypt",21 days ago,https://wuzzuf.net/jobs/p/xvGleMeDGfN5-Pre-School---English-Co-Teacher-Leap-Development-Hub-Cairo-Egypt?o=913&l=sp&t=sj&a=data |search-v3|navbg,Full Time, females_only  Education/Teaching  children  Education  English  English Teacher  nurseries  Nursery  Teacher  Teaching, 0 - 2 Yrs of Exp 
Key Accounts Sales Executive,Ahram Security Group,"Heliopolis, Cairo, Egypt",21 days ago,https://wuzzuf.net/jobs/p/t0ArVp3Nh98x-Key-Accounts-Sales-Executive-Ahram-Security-Group-Cairo-Egypt?o=914&l=sp&t=sj&a=data |search-v3|navbg,Full Time, Business Development  Customer Service/Support  Sales/Retail  Outdoor Sales  Sales Target  MS Office  Sales Skills  Key Accounts  Sales  Sales Executive, 1 - 3 Yrs of Exp 
Supply Chain Assistant,Confidential,"New Cairo, Cairo, Egypt",21 days ago,https://wuzzuf.net/jobs/p/4aKWW8Hp544h-Supply-Chain-Assistant-Cairo-Egypt?o=915&l=sp&t=sj&a=data |search-v3|navbg,Full Time, Administration  Administration  supply chain admin  assistant  Microsoft Office, 1 - 3 Yrs of Exp 
HR Specialist,Zamil Steel Buildings Co,"6th of October, Giza, Egypt",21 days ago,https://wuzzuf.net/jobs/p/fM8xfq6uwbG9-HR-Specialist-Zamil-Steel-Buildings-Co-Giza-Egypt?o=916&l=sp&t=sj&a=data |search-v3|navbg,Full Time, Accounting/Finance  Administration  Human Resources  Human Resources (HR)  Microsoft Office  Recruitment  Management  English  Communication  Personnel, 2 - 3 Yrs of Exp 
Human Resources Generalist,Gebalco Misr,"Giza, Egypt",21 days ago,https://wuzzuf.net/jobs/p/yfVN6hHtgDrI-Human-Resources-Generalist-Gebalco-Misr-Giza-Egypt?o=917&l=sp&t=sj&a=data |search-v3|navbg,Full Time, Administration  Human Resources  Operations/Management  Human Resources (HR)  Labor Law  Personnel  Recruitment  Payroll  Compensation  Communication, 5 - 7 Yrs of Exp 
Senior Accountant,TroxTiba,"10th of Ramadan City, Sharqia, Egypt",21 days ago,https://wuzzuf.net/jobs/p/iFv4PWEliEzz-Senior-Accountant-TroxTiba-Sharqia-Egypt?o=918&l=sp&t=sj&a=data |search-v3|navbg,Full Time, Accounting/Finance  Administration  Banking  Accounting  CMA  CPA  ERP  Finance  Financial Analysis  Financial Management, 3 - 5 Yrs of Exp 
Marketing Specialist,IGI-Group,"6th of October, Giza, Egypt",1 month ago,https://wuzzuf.net/jobs/p/LRALQ1pmC5mZ-Marketing-Specialist-IGI-Group-Giza-Egypt?o=919&l=sp&t=sj&a=data |search-v3|navbg,Full Time, Marketing/PR/Advertising  Marketing  Real Estate  media, 2 - 3 Yrs of Exp 
Senior DBA,Sword Egypt,"Maadi, Cairo, Egypt",1 month ago,https://wuzzuf.net/jobs/p/e2mT8GT6bubg-Senior-DBA-Sword-Egypt-Cairo-Egypt?o=920&l=sp&t=sj&a=data |search-v3|navbg,Full Time, IT/Software Development  DBA  MS SQL  ERP  ETL  Cloud, 5 - 7 Yrs of Exp 
senior java EE Developer,Perfect Presentation,"6th of October, Giza, Egypt",1 month ago,https://wuzzuf.net/jobs/p/rNyi2uzcxjyF-senior-java-EE-Developer-Perfect-Presentation-Giza-Egypt?o=921&l=sp&t=sj&a=data |search-v3|navbg,Full Time, IT/Software Development  Java  Software  Software Development  REST  JSON  JSF  Web Development, 5 - 7 Yrs of Exp 
Senior Cybersecurity Application Engineer,FlairsTech,"Maadi, Cairo, Egypt",22 days ago,https://wuzzuf.net/jobs/p/aHzxvmXuI9Vm-Senior-Cybersecurity-Application-Engineer-FlairsTech-Cairo-Egypt?o=922&l=sp&t=sj&a=data |search-v3|navbg,Full Time, IT/Software Development  application  Networking  Computer Science  Cybersecurity  Security  Software Development  Computer Engineering  API  Web Application, 4+ Yrs of Exp 
Equity Analyst,rowaad,"Cairo, Egypt",22 days ago,https://wuzzuf.net/jobs/p/GvvsL0oWCY8L-Equity-Analyst-rowaad-Cairo-Egypt?o=923&l=sp&t=sj&a=data |search-v3|navbg,Full TimePart TimeWork From Home, Accounting/Finance  Analyst/Research  CFA  Analysis  Finance  Research  Economics  Accounting  equity, 5+ Yrs of Exp 
Senior Android Developer,Algoriza,"Nasr City, Cairo, Egypt",1 month ago,https://wuzzuf.net/jobs/p/arBNakMPsL7M-Senior-Android-Developer-Algoriza-Cairo-Egypt?o=924&l=sp&t=sj&a=data |search-v3|navbg,Full TimeWork From Home, IT/Software Development  Engineering - Telecom/Technology  Android  Computer Science  Engineering  Information Technology (IT)  Mobile Development  Software Development  Software Engineering  Software, 4 - 10 Yrs of Exp 
"Senior Front End Developer ""Vue.js """,Wakeb Data,"Mohandessin, Giza, Egypt",21 days ago,https://wuzzuf.net/jobs/p/RIZ5hDPerlPn-Senior-Front-End-Developer-Vuejs-Wakeb-Data-Giza-Egypt?o=925&l=sp&t=sj&a=data |search-v3|navbg,Full Time, IT/Software Development  vuje.s  Software Development  Information Technology (IT)  Web Applications  HTML5  Frontend  Development  Computer Science, 3 - 6 Yrs of Exp 
Senior Solutions Consultant,IST Networks,"Smart Village, Giza, Egypt",1 month ago,https://wuzzuf.net/jobs/p/9WusvNlFJT8L-Senior-Solutions-Consultant-IST-Networks-Giza-Egypt?o=926&l=sp&t=sj&a=data |search-v3|navbg,Full Time, IT/Software Development  Cisco  Cloud  Design  Genesys  Genesys Cloud  Solutions Consulting  Presales  IVR  Contact Center, 2 - 6 Yrs of Exp 
Sales Support Administrator,Aman,"Maadi, Cairo, Egypt",1 month ago,https://wuzzuf.net/jobs/p/0eKVLl7u82RS-Sales-Support-Administrator-Aman-Cairo-Egypt?o=927&l=sp&t=sj&a=data |search-v3|navbg,Full Time, Accounting/Finance  Customer Service/Support  Sales/Retail  Sales  Customer Support  Customer Service  Customer Care  Microsoft Office  Marketing  Sales Skills, 1 - 2 Yrs of Exp 
Regular Python Developer,Luxoft (A DXC Technology Company),"Cairo, Egypt",22 days ago,https://wuzzuf.net/jobs/p/PIDU3P1mRuKG-Regular-Python-Developer-Luxoft-A-DXC-Technology-Company-Cairo-Egypt?o=928&l=sp&t=sj&a=data |search-v3|navbg,Full Time, IT/Software Development  Python  c++  Software Development, 3 - 4 Yrs of Exp 
Social Media Specialist,IRIS Studio,"Giza, Egypt",22 days ago,https://wuzzuf.net/jobs/p/4ch9durzwj8N-Social-Media-Specialist-IRIS-Studio-Giza-Egypt?o=929&l=sp&t=sj&a=data |search-v3|navbg,Full Time, Writing/Editorial  Marketing/PR/Advertising  Media/Journalism/Publishing  Marketing  Communication skills  communications  CSS  E-Marketing  HTML  media, 3+ Yrs of Exp 
Finance and Admin Manager,Confidential,"Mohandessin, Giza, Egypt",22 days ago,https://wuzzuf.net/jobs/p/PXGkbg39npWy-Finance-and-Admin-Manager-Giza-Egypt?o=930&l=sp&t=sj&a=data |search-v3|navbg,Full Time, Accounting/Finance  Administration  CFA  CMA  Finance  Financial Reporting  Reporting  Accounting  Administration  Financial Accounting, 14 - 18 Yrs of Exp 
Senior Business Development Engineer,Sierra Engineering & Manufacturing,"Cairo, Egypt",22 days ago,https://wuzzuf.net/jobs/p/ZIDajdik80vn-Senior-Business-Development-Engineer-Sierra-Engineering-Manufacturing-Cairo-Egypt?o=931&l=sp&t=sj&a=data |search-v3|navbg,Full Time, Business Development  Sales/Retail  Engineering - Mechanical/Electrical  Business Development  Mechatronics  Electrical Engineering  Engineering  Sales  sales skills  Sales Target, 3+ Yrs of Exp 
Full Stack Developer,BPOHIVE,"Cairo, Egypt",1 month ago,https://wuzzuf.net/jobs/p/3BKJ1Y1q24Xz-Full-Stack-Developer-BPOHIVE-Cairo-Egypt?o=932&l=sp&t=sj&a=data |search-v3|navbg,Full TimeWork From Home, IT/Software Development  Engineering - Telecom/Technology  Computer Science  APIs  Design  Information Technology (IT)  Laravel  MySQL  NodeJS  React, 3 - 10 Yrs of Exp 
Compensation Benefits Specialist,Rashideen Egypt for Trade,"Katameya, Cairo, Egypt",22 days ago,https://wuzzuf.net/jobs/p/Hpya3Th24b9Q-Compensation-Benefits-Specialist-Rashideen-Egypt-for-Trade-Cairo-Egypt?o=933&l=sp&t=sj&a=data |search-v3|navbg,Full Time, Human Resources  Benefits  Compensation and Benefits  Human Resources  Payroll  Management  Human Resources (HR)  Compensation  incentives  Finance, 1 - 2 Yrs of Exp 
Tech Lead - MERN Stack with Dev Ops,Seuqel Solutions,"Cairo, Egypt",22 days ago,https://wuzzuf.net/jobs/p/af3g6DwhkcPu-Tech-Lead---MERN-Stack-with-Dev-Ops-Seuqel-Solutions-Cairo-Egypt?o=934&l=sp&t=sj&a=data |search-v3|navbg,Full Time, IT/Software Development  Engineering - Telecom/Technology  JavaScript  Software  Software Engineering  Software Development  AWS  DevOps  Computer Science  Information Technology (IT), 5 - 20 Yrs of Exp 
Accounting Manager,Kitchino,"New Cairo, Cairo, Egypt",22 days ago,https://wuzzuf.net/jobs/p/MeBnOt9WZc62-Accounting-Manager-Kitchino-Cairo-Egypt?o=935&l=sp&t=sj&a=data |search-v3|navbg,Full Time, males_only  Accounting/Finance  Accounting Manager  Costing  CMA  Finance  Financial Management  Financial Analysis  CPA  analytical  Accounting, 10 - 15 Yrs of Exp 
MEP Mechanical Engineer,GIECO,"Alexandria, Egypt",22 days ago,https://wuzzuf.net/jobs/p/PHo8Pu4h3Vmg-MEP-Mechanical-Engineer-GIECO-Alexandria-Egypt?o=936&l=sp&t=sj&a=data |search-v3|navbg,Full Time, Project/Program Management  Engineering - Mechanical/Electrical  AutoCAD  Engineering  Mechanical Engineering  Mechanical  Manufacturing, 3 - 6 Yrs of Exp 
Field Coordinator - Port Said governorate,Amideast,"Dokki, Giza, Egypt",22 days ago,https://wuzzuf.net/jobs/p/CxwJSVmgPO65-Field-Coordinator---Port-Said-governorate-Amideast-Giza-Egypt?o=937&l=sp&t=sj&a=data |search-v3|navbg,Freelance / Project, Project/Program Management  Education/Teaching  Administration  Training, 1 - 3 Yrs of Exp 
General Ledger Accountant,Confidential,"New Cairo, Cairo, Egypt",22 days ago,https://wuzzuf.net/jobs/p/4VUptm3jkRpP-General-Ledger-Accountant-Cairo-Egypt?o=938&l=sp&t=sj&a=data |search-v3|navbg,Full Time, Accounting/Finance  Accounting  Accounting principles, 2 - 4 Yrs of Exp 
General Accountant,EFS,"Nasr City, Cairo, Egypt",22 days ago,https://wuzzuf.net/jobs/p/TdyM2aJh74BW-General-Accountant-EFS-Cairo-Egypt?o=939&l=sp&t=sj&a=data |search-v3|navbg,Full Time, Accounting/Finance  Accounting  CPA  Finance  General Ledger  Financial Analysis  Accounting Software  Financial Management  MS, 3 - 5 Yrs of Exp 
Senior External Auditor,Hegazy Crowe,"Giza, Egypt",1 month ago,https://wuzzuf.net/jobs/p/xphQgkKXW1Ux-Senior-External-Auditor-Hegazy-Crowe-Egypt-Giza-Egypt?o=940&l=sp&t=sj&a=data |search-v3|navbg,Full Time, males_preferred  Accounting/Finance  auditor  External Auditor  Auditing  Financial Services  Certified Internal Auditor (CIA)  External Auditing  Financial Auditing  Tax Accounting, 7 - 10 Yrs of Exp 
Reporting & Consolidation Section Head,Confidential,"New Cairo, Cairo, Egypt",22 days ago,https://wuzzuf.net/jobs/p/Be87mrmY1Xms-Reporting-Consolidation-Section-Head-Cairo-Egypt?o=941&l=sp&t=sj&a=data |search-v3|navbg,Full Time, Accounting/Finance  Finance  SAP  Reporting  Consolidation, 7 - 12 Yrs of Exp 
Senior Oracle Fusion FIN Functional Consultant,Ejada,"Riyadh, Saudi Arabia",22 days ago,https://wuzzuf.net/jobs/p/BNslUdiUx54O-Senior-Oracle-Fusion-FIN-Functional-Consultant-Ejada-Riyadh-Saudi-Arabia?o=942&l=sp&t=sj&a=data |search-v3|navbg,Full Time, IT/Software Development  EBS  Cloud  Information Technology (IT)  Oracle, 5+ Yrs of Exp 
Internal Audit Section Head - Malls,Talaat Moustafa Group,"Dokki, Giza, Egypt",22 days ago,https://wuzzuf.net/jobs/p/razMy62akcUb-Internal-Audit-Section-Head---Malls-Talaat-Moustafa-Group-Giza-Egypt?o=943&l=sp&t=sj&a=data |search-v3|navbg,Full Time, Accounting/Finance  Operations/Management  Quality  Internal audit  Accounting  Auditing  Audit  Business Administration  Engineering  Finance, 6 - 8 Yrs of Exp 
Oracle Developer,City Stars Properties,"Heliopolis, Cairo, Egypt",22 days ago,https://wuzzuf.net/jobs/p/N84ocXl7OZiu-Oracle-Developer-City-Stars-Properties-Cairo-Egypt?o=944&l=sp&t=sj&a=data |search-v3|navbg,Full Time, IT/Software Development  APEX  Oracle  Software Development  computer  OCP, 3 - 5 Yrs of Exp 
Network Engineer,SABA,"Heliopolis, Cairo, Egypt",22 days ago,https://wuzzuf.net/jobs/p/ULgV5LmvlZdT-Network-Engineer-SABA-Cairo-Egypt?o=945&l=sp&t=sj&a=data |search-v3|navbg,Full Time, IT/Software Development  Engineering - Telecom/Technology  Network Engineer  Design  Network Administrator  CCNP  CCDP  Architecture  TCP/IP  BGP, 2 - 5 Yrs of Exp 
Collection Officer,WUZZUF,"Maadi, Cairo, Egypt",22 days ago,https://wuzzuf.net/jobs/p/Pyhm2uuMqccf-Collection-Officer-WUZZUF-Cairo-Egypt?o=946&l=sp&t=sj&a=data |search-v3|navbg,Full Time, Customer Service/Support  Collection  Customer Service  Credit Control  Customer Support, 1 - 3 Yrs of Exp 
Civil Maintenance Engineer,The WaterWay Developments,"New Cairo, Cairo, Egypt",22 days ago,https://wuzzuf.net/jobs/p/h83w0de3Ffrc-Civil-Maintenance-Engineer-The-WaterWay-Developments-Cairo-Egypt?o=947&l=sp&t=sj&a=data |search-v3|navbg,Full Time, Installation/Maintenance/Repair  Civil Engineering  Civil  Engineering  engineer  Maintenance  Maintenance Engineer, 2 - 4 Yrs of Exp 
Cost Accountant,TH F & B Investments,"Sheraton, Cairo, Egypt",1 month ago,https://wuzzuf.net/jobs/p/Tf1oohluYJbG-Cost-Accountant-TH-F-B-Investments-Cairo-Egypt?o=948&l=sp&t=sj&a=data |search-v3|navbg,Full Time, Accounting/Finance  Food & Beverage  Financial Accounting  Hospitality, 3 - 5 Yrs of Exp 
CEO Assistant,El Reefy Trading,"New Cairo, Cairo, Egypt",1 month ago,https://wuzzuf.net/jobs/p/kS8XHK2XDt2y-CEO-Assistant-El-Reefy-Trading-Cairo-Egypt?o=949&l=sp&t=sj&a=data |search-v3|navbg,Full Time, Administration  CEO - Assistant - Admin - Aminstration - Office Manager - Exuctive Adminstration  exuctive adminstration, 6 - 10 Yrs of Exp 
Senior Translator,The Translation Gate,"Maadi, Cairo, Egypt",22 days ago,https://wuzzuf.net/jobs/p/NqEKAv1z0lgX-Senior-Translator-The-Translation-Gate-Cairo-Egypt?o=950&l=sp&t=sj&a=data |search-v3|navbg,Full Time, Writing/Editorial  Localization  Literature  English  Arabic  Writing  Editing, 5+ Yrs of Exp 
Senior Technical Office Engineer (Nile Bridges),El-Soadaa Group,"Damietta, Egypt",22 days ago,https://wuzzuf.net/jobs/p/aZHkmVQBEPaf-Senior-Technical-Office-Engineer-Nile-Bridges-El-Soadaa-Group-Damietta-Egypt?o=951&l=sp&t=sj&a=data |search-v3|navbg,Full Time, males_only  Engineering - Construction/Civil/Architecture  Engineering  Technical Office  Nile Brdges  AutoCAD  Microsoft Office  Civil  Bridges, 5 - 7 Yrs of Exp 
PHP Developer,The Translation Gate,"Maadi, Cairo, Egypt",22 days ago,https://wuzzuf.net/jobs/p/d2ExAAxukIMG-PHP-Developer-The-Translation-Gate-Cairo-Egypt?o=952&l=sp&t=sj&a=data |search-v3|navbg,Full Time, IT/Software Development  Engineering - Telecom/Technology  Information Technology (IT)  Computer Science  Computer Engineering  Software Development  Software Engineering  Web Development  PHP  HTML, 3+ Yrs of Exp 
Web Developer Specialist,Misr Insurance Co,"Giza, Egypt",22 days ago,https://wuzzuf.net/jobs/p/YulRZ6gGRu3W-Web-Developer-Specialist-Misr-Insurance-Co-Giza-Egypt?o=953&l=sp&t=sj&a=data |search-v3|navbg,Full Time, Business Development  Marketing/PR/Advertising  Web Development  Business Development, 1 - 3 Yrs of Exp 
Senior Strategic Planner\Business Strategy.,Misr Insurance Co,"Giza, Egypt",22 days ago,https://wuzzuf.net/jobs/p/dCjUcvJLMOfb-Senior-Strategic-PlannerBusiness-Strategy-Misr-Insurance-Co-Giza-Egypt?o=954&l=sp&t=sj&a=data |search-v3|navbg,Full Time, Project/Program Management  Strategy/Consulting  Planning  PMO  Strategy, 9+ Yrs of Exp 
PMO DB,Misr Insurance Co,"Giza, Egypt",22 days ago,https://wuzzuf.net/jobs/p/52k2ybCr9UbE-PMO-DB-Misr-Insurance-Co-Giza-Egypt?o=955&l=sp&t=sj&a=data |search-v3|navbg,Full Time, Project/Program Management  PMO  Project Management, 5 - 7 Yrs of Exp 
DA\BI Developer,Misr Insurance Co,"Giza, Egypt",22 days ago,https://wuzzuf.net/jobs/p/TAUvts1Z1j60-DABI-Developer-Misr-Insurance-Co-Giza-Egypt?o=956&l=sp&t=sj&a=data |search-v3|navbg,Full Time, Project/Program Management  BI  business  BI Developer, 7 - 9 Yrs of Exp 
Sales Manager,CosmoCare Group,"Cairo, Egypt",1 month ago,https://wuzzuf.net/jobs/p/s3smdGWLdOjC-Sales-Manager-CosmoCare-Group-Cairo-Egypt?o=957&l=sp&t=sj&a=data |search-v3|navbg,Full Time, Operations/Management  Sales/Retail  Pharmaceutical  Sales Manager  sales skills  Sales  Sales Target  Manager  Customer Service, 7 - 10 Yrs of Exp 
Microsoft dynamics F&O leader,Centro CDX,"Maadi, Cairo, Egypt",1 month ago,https://wuzzuf.net/jobs/p/tokEeI65Yq1c-Microsoft-dynamics-FO-leader-Centro-CDX-Cairo-Egypt?o=958&l=sp&t=sj&a=data |search-v3|navbg,Full Time, Accounting/Finance  IT/Software Development  Logistics/Supply Chain  Computer Science  D365  ERP  Information Technology (IT)  Supply Chain  SQL  Implementation, 5 - 6 Yrs of Exp 
Costing Manager - Pastry Industry,Confidential,"6th of October, Giza, Egypt",1 month ago,https://wuzzuf.net/jobs/p/oGR6fCQh1RLk-Costing-Manager---Pastry-Industry-Giza-Egypt?o=959&l=sp&t=sj&a=data |search-v3|navbg,Full Time, Accounting/Finance  Hospitality/Hotels/Food Services  Operations/Management  Food & Beverage  Cost  FMCG  Finance  Accounting  Inventory  Management, 7 - 10 Yrs of Exp 
Full-Stack developer (Laravel),Viteeka Tech and Electronics,"Haram, Giza, Egypt",1 month ago,https://wuzzuf.net/jobs/p/hj75jGZZgFyu-Full-Stack-developer-Laravel-Viteeka-Tech-and-Electronics-Giza-Egypt?o=960&l=sp&t=sj&a=data |search-v3|navbg,Full TimePart TimeWork From Home, IT/Software Development  CSS  Computer Science  HTML  Information Technology (IT)  MongoDB  MySQL  Software Development  API  PHP, 0 - 10 Yrs of Exp 
SAP FICO Consultant,ITGoals,"New Cairo, Cairo, Egypt",1 month ago,https://wuzzuf.net/jobs/p/3QWhL2xYsxJz-SAP-FICO-Consultant-ITGoals-Cairo-Egypt?o=961&l=sp&t=sj&a=data |search-v3|navbg,Full Time, Accounting/Finance  IT/Software Development  Engineering - Telecom/Technology  Information Technology (IT)  SAP  FICO  Mm  PP  SAP FICO  SD, 5+ Yrs of Exp 
SAP Senior Basis Consultant,ITGoals,"New Cairo, Cairo, Egypt",1 month ago,https://wuzzuf.net/jobs/p/iZq2vZWHSXi9-SAP-Senior-Basis-Consultant-ITGoals-Cairo-Egypt?o=962&l=sp&t=sj&a=data |search-v3|navbg,Full Time, Accounting/Finance  IT/Software Development  Engineering - Telecom/Technology  Computer Science  Information Technology (IT)  SAP  ARP  SOX  FDA, 10+ Yrs of Exp 
Marketing Executive,CosmoCare Group,"Cairo, Egypt",1 month ago,https://wuzzuf.net/jobs/p/aY5K1R4ebF8M-Marketing-Executive-CosmoCare-Group-Cairo-Egypt?o=963&l=sp&t=sj&a=data |search-v3|navbg,Full Time, Marketing/PR/Advertising  Sales/Retail  Media/Journalism/Publishing  Marketing  Market Research  sales skills  Business Administration  Communication  Social Media, 3 - 7 Yrs of Exp 
Jewelry Sales Advisor,Egypt Gold,"Dubai, United Arab Emirates",1 month ago,https://wuzzuf.net/jobs/p/R3JWy6arPZOp-Jewelry-Sales-Advisor-Egypt-Gold-Dubai-United-Arab-Emirates?o=964&l=sp&t=sj&a=data |search-v3|navbg,Full Time, Customer Service/Support  Sales/Retail  Communication  Customer Service  English  Jewelry  luxury  Russian  sales skills  Sales, 2 - 3 Yrs of Exp 
Flutter Developer,Masary,"Maadi, Cairo, Egypt",1 month ago,https://wuzzuf.net/jobs/p/iF0Kd0fxF0Dj-Flutter-Developer-Masary-Cairo-Egypt?o=965&l=sp&t=sj&a=data |search-v3|navbg,Full Time, IT/Software Development  Engineering - Telecom/Technology  Android  APIs  Computer Science  Design  Development  Engineering  flutter  Information Technology (IT), 3 - 5 Yrs of Exp 
Purchasing Officer - Damietta,DNM Textile,"Damietta, Damietta, Egypt",1 month ago,https://wuzzuf.net/jobs/p/nrTC5AFHa8rC-Purchasing-Officer---Damietta-DNM-Textile-Damietta-Egypt?o=966&l=sp&t=sj&a=data |search-v3|navbg,Full Time, males_only  Administration  Logistics/Supply Chain  Purchasing/Procurement  Purchasing  Logistics  Supply Chain  English  Communication  Skills, 0 - 2 Yrs of Exp 
Warehouse Manager - Refrigerators,Egast,"Bab Sharq, Alexandria, Egypt",23 days ago,https://wuzzuf.net/jobs/p/bwnUyZ57zwJd-Warehouse-Manager---Refrigerators-Egast-Alexandria-Egypt?o=967&l=sp&t=sj&a=data |search-v3|navbg,Full Time, Engineering - Construction/Civil/Architecture  Manufacturing/Production  Engineering - Mechanical/Electrical  Administration  supply chain management  Supply Chain  Warehouse Management  Warehousing  Warehouse, 2 - 10 Yrs of Exp 
Clinic Receptionist / Sales - New Cairo,Clinique du Caire,"New Cairo, Cairo, Egypt",23 days ago,https://wuzzuf.net/jobs/p/4iusjB3f5XSU-Clinic-Receptionist-Sales---New-Cairo-Clinique-du-Caire-Cairo-Egypt?o=968&l=sp&t=sj&a=data |search-v3|navbg,Full Time, Administration  Sales/Retail  Administration  Admin Assistant  Microsoft Office  Secretary  Office Management  English  Communication Skills  Admin, 1+ Yrs of Exp 
Quality Specialist,Cilantro,"Maadi, Cairo, Egypt",1 month ago,https://wuzzuf.net/jobs/p/YJ6QUMqn6sf6-Quality-Specialist-Cilantro-Cairo-Egypt?o=969&l=sp&t=sj&a=data |search-v3|navbg,Full Time, Quality  Analysis  CAPA  ISO 9001  ISO  Management  quality  Quality Assurance  Quality Control  QA, 2 - 5 Yrs of Exp 
Clinic Reception and Sales -Sheikh Zayed,Clinique du Caire,"Sheikh Zayed, Giza, Egypt",23 days ago,https://wuzzuf.net/jobs/p/0EjwpK3Ma3Fp-Clinic-Reception-and-Sales--Sheikh-Zayed-Clinique-du-Caire-Giza-Egypt?o=970&l=sp&t=sj&a=data |search-v3|navbg,Full Time, Administration  Sales/Retail  Administration  Admin Assistant  Microsoft Office  Secretary  Office Management  English  Communication Skills  Admin, 1+ Yrs of Exp 
E-commerce Logistics Specialist,L'azurde for Jewelry,"Riyadh, Saudi Arabia",1 month ago,https://wuzzuf.net/jobs/p/NJA2Z3mus5S2-E-commerce-Logistics-Specialist-Lazurde-for-Jewelry-Riyadh-Saudi-Arabia?o=971&l=sp&t=sj&a=data |search-v3|navbg,Full Time, Logistics/Supply Chain  E-Commerce  Logistics  Supply Chain, 2 - 4 Yrs of Exp 
Senior Network Security Engineer,Perfect Presentation,"6th of October, Giza, Egypt",23 days ago,https://wuzzuf.net/jobs/p/3gqo0qMegv1I-Senior-Network-Security-Engineer-Perfect-Presentation-Giza-Egypt?o=972&l=sp&t=sj&a=data |search-v3|navbg,Full Time, IT/Software Development  Security  Network Security  Security Engineer  network  Information Technology (IT)  Engineering  Computer Science  Computer Engineering  IT, 8 - 10 Yrs of Exp 
Senior VoIP Engineer,Perfect Presentation,"6th of October, Giza, Egypt",23 days ago,https://wuzzuf.net/jobs/p/yKWHazq2Yozv-Senior-VoIP-Engineer-Perfect-Presentation-Giza-Egypt?o=973&l=sp&t=sj&a=data |search-v3|navbg,Full Time, IT/Software Development  senior  VoIP  Software Development, 8 - 10 Yrs of Exp 
Infrastructure Engineer,Perfect Presentation,"6th of October, Giza, Egypt",23 days ago,https://wuzzuf.net/jobs/p/NoCCOIuYKTQm-Infrastructure-Engineer-Perfect-Presentation-Giza-Egypt?o=974&l=sp&t=sj&a=data |search-v3|navbg,Full Time, IT/Software Development  Infrastructure  Infrastructure Engineer  Science  Information Technology (IT)  Computer Science  Computer Engineering  computer  Engineering, 4 - 6 Yrs of Exp 
Infrastructure Consultant,Perfect Presentation,"6th of October, Giza, Egypt",23 days ago,https://wuzzuf.net/jobs/p/ytHpo1zvu1Nk-Infrastructure-Consultant-Perfect-Presentation-Giza-Egypt?o=975&l=sp&t=sj&a=data |search-v3|navbg,Full Time, IT/Software Development  Computer Engineering  Computer Science  Information Technology (IT)  SQL  Engineering, 8 - 13 Yrs of Exp 
Systems Consultant,Perfect Presentation,"6th of October, Giza, Egypt",23 days ago,https://wuzzuf.net/jobs/p/57Y4YZintmcM-Systems-Consultant-Perfect-Presentation-Giza-Egypt?o=976&l=sp&t=sj&a=data |search-v3|navbg,Full Time, IT/Software Development  Engineering  Customer Service  Computer Science  Computer Engineering  Information Technology (IT), 8 - 10 Yrs of Exp 
IT Specialist,National Electricity Technology Co.,"Agouza, Giza, Egypt",23 days ago,https://wuzzuf.net/jobs/p/xN4WBKDWnRXh-IT-Specialist-National-Electricity-Technology-Co-Giza-Egypt?o=977&l=sp&t=sj&a=data |search-v3|navbg,Full Time, males_preferred  Installation/Maintenance/Repair  IT/Software Development  Information Technology (IT)  IT Service Management  Computer Science  Microsoft Office 365  Technical Support, 2 - 4 Yrs of Exp 
Senior HVAC Engineer,Pinnacle Real Estate Investments and Development Management,"Maadi, Cairo, Egypt",23 days ago,https://wuzzuf.net/jobs/p/Hm0o6bsADAEE-Senior-HVAC-Engineer-Pinnacle-Real-Estate-Investments-and-Development-Management-Cairo-Egypt?o=978&l=sp&t=sj&a=data |search-v3|navbg,Full Time, Engineering - Construction/Civil/Architecture  Engineering  Revit, 8 - 13 Yrs of Exp 
Sr. PHP Developer,appcorp,"Heliopolis, Cairo, Egypt",23 days ago,https://wuzzuf.net/jobs/p/4hxN2aL5YqbX-Sr-PHP-Developer-appcorp-Cairo-Egypt?o=979&l=sp&t=sj&a=data |search-v3|navbg,Full Time, IT/Software Development  Engineering - Telecom/Technology  HTML  Database  CSS  Computer Science  CodeIgniter  AJAX  Information Technology (IT)  MySQL, 3 - 6 Yrs of Exp 
HVAC Design Engineer,Pinnacle Real Estate Investments and Development Management,"Maadi, Cairo, Egypt",23 days ago,https://wuzzuf.net/jobs/p/kmZXEorK0Zde-HVAC-Design-Engineer-Pinnacle-Real-Estate-Investments-and-Development-Management-Cairo-Egypt?o=980&l=sp&t=sj&a=data |search-v3|navbg,Full Time, Engineering - Construction/Civil/Architecture  Engineering  CAD, 3 - 7 Yrs of Exp 
Human Resources Generalist,Airpoint,"Maadi, Cairo, Egypt",23 days ago,https://wuzzuf.net/jobs/p/Kq9fObvmWAHW-Human-Resources-Generalist-Airpoint-Cairo-Egypt?o=981&l=sp&t=sj&a=data |search-v3|navbg,Full Time, Human Resources  Human  Human Resources  Human Resources (HR)  human resources generalist  Generalist, 2 - 4 Yrs of Exp 
Vessel Operator,Transmar International,"New Cairo, Cairo, Egypt",23 days ago,https://wuzzuf.net/jobs/p/w1XlXue6PP9z-Vessel-Operator-Transmar-International-Cairo-Egypt?o=982&l=sp&t=sj&a=data |search-v3|navbg,Full Time, Logistics/Supply Chain  Operations  Logistics, 3 - 5 Yrs of Exp 
Senior Personnel Specialist (outsourcing contact center),Pillars,"Maadi, Cairo, Egypt",23 days ago,https://wuzzuf.net/jobs/p/sQineBoRW2Gi-Senior-Personnel-Specialist-outsourcing-contact-center-Pillars-Cairo-Egypt?o=983&l=sp&t=sj&a=data |search-v3|navbg,Part Time, Human Resources  Human  Human Resources  Human Resources (HR)  Labor  Personnel, 5 - 7 Yrs of Exp 
Content Creator Specialist,Confidential,"New Cairo, Cairo, Egypt",23 days ago,https://wuzzuf.net/jobs/p/mdO83xlcUySj-Content-Creator-Specialist-Cairo-Egypt?o=984&l=sp&t=sj&a=data |search-v3|navbg,Full Time, Writing/Editorial  Marketing/PR/Advertising  Media/Journalism/Publishing  Content  English  Marketing  media  Research  Social Media  Writing, 4+ Yrs of Exp 
Senior Personnel Specialist (outsource contact center),Pillars,"Maadi, Cairo, Egypt",23 days ago,https://wuzzuf.net/jobs/p/APXUsAo67Eg6-Senior-Personnel-Specialist-outsource-contact-center-Pillars-Cairo-Egypt?o=985&l=sp&t=sj&a=data |search-v3|navbg,Full Time, Administration  Human Resources  Human Resources  Human Resources (HR)  Labor  MS  Personnel, 5 - 7 Yrs of Exp 
Logistic Specialist,LEONI Wiring System Egypt S.A.E,"Nasr City, Cairo, Egypt",23 days ago,https://wuzzuf.net/jobs/p/64Aq4VVHwzMf-Logistic-Specialist-LEONI-Wiring-System-Egypt-S-A-E-Cairo-Egypt?o=986&l=sp&t=sj&a=data |search-v3|navbg,Full Time, Logistics/Supply Chain  Logistics  Supply Chain, 1 - 3 Yrs of Exp 
Strategic Planning Manager,Confidential,"Giza, Egypt",1 month ago,https://wuzzuf.net/jobs/p/k2KIZsfGxgH2-Strategic-Planning-Manager-Giza-Egypt?o=987&l=sp&t=sj&a=data |search-v3|navbg,Full Time, Operations/Management  Project/Program Management  Strategy/Consulting  Engineering  Management  Project Management  Planning  PMP  Project  Microsoft Excel, 6 - 10 Yrs of Exp 
Export Sales – Spanish Speaker,Al Anwaar Stone For Marble & Granite,"Maadi, Cairo, Egypt",23 days ago,https://wuzzuf.net/jobs/p/cD2nN29lhbSu-Export-Sales-–-Spanish-Speaker-Al-Anwaar-Stone-For-Marble-Granite-Cairo-Egypt?o=988&l=sp&t=sj&a=data |search-v3|navbg,Full Time, Logistics/Supply Chain  Sales/Retail  Sales  Spanish  Marketing  Export Sales  sales skills  Customer Care  Communication skills  Export, 2 - 5 Yrs of Exp 
Modern Trade Manager,Ibn Sina Pharma,"New Cairo, Cairo, Egypt",23 days ago,https://wuzzuf.net/jobs/p/pbTCfctsD7PX-Modern-Trade-Manager-Ibn-Sina-Pharma-Cairo-Egypt?o=989&l=sp&t=sj&a=data |search-v3|navbg,Full Time, Customer Service/Support  Marketing/PR/Advertising  Sales/Retail  Communication  Marketing  Modern Trade  Leadership  business  sales skills  Sales Strategies, 8 - 12 Yrs of Exp 
Accountant - (Benha - Mansoura - PortSaid),Jebal Egypt,"Mansoura, Dakahlia, Egypt",23 days ago,https://wuzzuf.net/jobs/p/7KhwBcZGS9ay-Accountant---Benha---Mansoura---PortSaid-Jebal-Egypt-Dakahlia-Egypt?o=990&l=sp&t=sj&a=data |search-v3|navbg,Full Time, Accounting/Finance  Accounting  Finance  Financial Analysis, 1 - 2 Yrs of Exp 
Service & Maintenance Manager,HEPCA,"Hurghada, Red Sea, Egypt",23 days ago,https://wuzzuf.net/jobs/p/S0IYMKgkfk2W-Service-Maintenance-Manager-HEPCA-Red-Sea-Egypt?o=991&l=sp&t=sj&a=data |search-v3|navbg,Full Time, Installation/Maintenance/Repair  Mechanical  Engineering  Communication skills  Mechanical Engineering  Electrical  Electrical Engineering  Communication, 5 - 15 Yrs of Exp 
Fleet Maintenance Manager,Confidential,"Mansoura, Dakahlia, Egypt",23 days ago,https://wuzzuf.net/jobs/p/bPu4qtzSKCHH-Fleet-Maintenance-Manager-Dakahlia-Egypt?o=992&l=sp&t=sj&a=data |search-v3|navbg,Full Time, Installation/Maintenance/Repair  Engineering - Mechanical/Electrical  Fleet  Maintenance  Mechanical  Installation  Management  Mechanical Engineering  Workshop  Automotive Spare Parts, 12 - 20 Yrs of Exp 
Senior General Accountant,Sky Holding,"Alsadat City, Monufya, Egypt",23 days ago,https://wuzzuf.net/jobs/p/LFpAwhBJmnw9-Senior-General-Accountant-Sky-Holding-Monufya-Egypt?o=993&l=sp&t=sj&a=data |search-v3|navbg,Full Time, males_only  Accounting/Finance  Banking  Logistics/Supply Chain  Accounting  accountant  Finance  Financial Analysis  Financial Management  general accountant, 8 - 12 Yrs of Exp 
Software Support Engineer,Confidential,"Heliopolis, Cairo, Egypt",23 days ago,https://wuzzuf.net/jobs/p/IPhZ3Im3zsDR-Software-Support-Engineer-Cairo-Egypt?o=994&l=sp&t=sj&a=data |search-v3|navbg,Full Time, IT/Software Development  Engineering - Telecom/Technology  Computer Science  Information Technology (IT)  Software Engineering  Software Development  Interpersonal skills  Presentation  Troubleshooting, 0 - 1 Yrs of Exp 
Senior Backend Developer,Lun Development,"Nasr City, Cairo, Egypt",23 days ago,https://wuzzuf.net/jobs/p/FnXUeDUxdlfO-Senior-Backend-Developer-Lun-Development-Cairo-Egypt?o=995&l=sp&t=sj&a=data |search-v3|navbg,Full Time, IT/Software Development  Code  Computer Science  Information Technology (IT)  PHP  Software Development  XML, 3 - 5 Yrs of Exp 
IT System Administrator,GIECO,"Alexandria, Egypt",23 days ago,https://wuzzuf.net/jobs/p/lIjDThRZUESP-IT-System-Administrator-GIECO-Alexandria-Egypt?o=996&l=sp&t=sj&a=data |search-v3|navbg,Full Time, Installation/Maintenance/Repair  IT/Software Development  Engineering - Telecom/Technology  Administration  Computer Engineering  Computer Science  Information Technology (IT)  server  Engineering  Deployment, 5 - 8 Yrs of Exp 
Tester & Quality Assurance Engineer,ITIDA,"Abu Rawash, Giza, Egypt",23 days ago,https://wuzzuf.net/jobs/p/EZCCHqqnU6fM-Tester-Quality-Assurance-Engineer-ITIDA-Giza-Egypt?o=997&l=sp&t=sj&a=data |search-v3|navbg,Full Time, Quality  Engineering - Telecom/Technology  Quality Assurance  Engineering  quality  Quality Control  Computer Engineering  Computer Science  Project Management  Science, 3 - 5 Yrs of Exp 
Warehouse Manager,Teba United,"10th of Ramadan City, Cairo, Egypt",23 days ago,https://wuzzuf.net/jobs/p/465PXEflY8F7-Warehouse-Manager-Teba-United-Cairo-Egypt?o=998&l=sp&t=sj&a=data |search-v3|navbg,Full Time, Logistics/Supply Chain  Logistics  Warehouse  Warehouse Management  Warehouse manager  Warehousing  Supply  Supply Chain, 13 - 15 Yrs of Exp 
Facility Engineer,Alstom,"Cairo, Egypt",23 days ago,https://wuzzuf.net/jobs/p/3mjTTjMRCCnM-Facility-Engineer-Alstom-Cairo-Egypt?o=999&l=sp&t=sj&a=data |search-v3|navbg,Full Time, Engineering - Construction/Civil/Architecture  Installation/Maintenance/Repair  Engineering - Mechanical/Electrical  Facility Management  Project  Facilities operations  Facilities Engineering  Fleet Management  fleet, 6 - 10 Yrs of Exp 
IT Manager ( SAP Background ),Confidential,"Sheikh Zayed, Giza, Egypt",23 days ago,https://wuzzuf.net/jobs/p/nRED41OzlBxZ-IT-Manager-SAP-Background-Giza-Egypt?o=1000&l=sp&t=sj&a=data |search-v3|navbg,Full Time, IT/Software Development  Project/Program Management  ERP  PMP  Project Management  SAP  Software  Information Technology (IT), 10 - 15 Yrs of Exp 
IT Help Desk,Amer Vision Group,"Sheraton, Cairo, Egypt",1 month ago,https://wuzzuf.net/jobs/p/iB1AaBHAACc4-IT-Help-Desk-Amer-Vision-Group-Cairo-Egypt?o=1001&l=sp&t=sj&a=data |search-v3|navbg,Full Time, IT/Software Development  Engineering - Telecom/Technology  Computer Science  Help desk  Information Technology (IT), 1 - 3 Yrs of Exp 
Full Stack Web Developer,Misr University for Science and Technology,"6th of October, Giza, Egypt",1 month ago,https://wuzzuf.net/jobs/p/yPTpPe8bGyAv-Full-Stack-Web-Developer-Misr-University-for-Science-and-Technology-Giza-Egypt?o=1002&l=sp&t=sj&a=data |search-v3|navbg,Full Time, IT/Software Development  Computer Science  Full Stack  JavaScript  jQuery  React  Software Development  API, 2 - 4 Yrs of Exp 
Personnel Section Head,Target Recruitment  & HR Solutions,"Smouha, Alexandria, Egypt",24 days ago,https://wuzzuf.net/jobs/p/yuaeH0sZEJeK-Personnel-Section-Head-Target-Recruitment-HR-Solutions-Alexandria-Egypt?o=1003&l=sp&t=sj&a=data |search-v3|navbg,Full Time, Human Resources  personnel  HR  Personnel Affairs  Personnel Management  Law  English, 2 - 5 Yrs of Exp 
Budget Accountant,Reportage Egypt Real Estate Development,"New Cairo, Cairo, Egypt",1 month ago,https://wuzzuf.net/jobs/p/WdFf6PY7GjKy-Budget-Accountant-Reportage-Egypt-Real-Estate-Development-Cairo-Egypt?o=1004&l=sp&t=sj&a=data |search-v3|navbg,Full Time, Accounting/Finance  accountant  Accounting  Budget  Budgeting  English  Finance  Financial  Financial Analysis  Financial Reporting, 2 - 5 Yrs of Exp 
Code Masr Band Social Media Intern,Code Masr,"Nasr City, Cairo, Egypt",24 days ago,https://wuzzuf.net/internship/WjtmWB9y4Jo9-Code-Masr-Band-Social-Media-Intern-Code-Masr-Cairo-Egypt?o=1005&l=sp&t=sj&a=data |search-v3|navbg,Internship, Media/Journalism/Publishing  Social Media  Social Media Strategy  Mass Media, Marketing/PR/Advertising 
Process Associate/ Developer – Reporting Analyst (MIS),Genpact,"Cairo, Egypt",2 months ago,https://wuzzuf.net/jobs/p/jcHiIaBiK2BO-Process-Associate-Developer-–-Reporting-Analyst-MIS-Genpact-Cairo-Egypt?o=1006&l=sp&t=sj&a=data |search-v3|navbg,Full Time, Analyst/Research  analytical  Reporting, 2 - 4 Yrs of Exp 
Social Media Specialist,Confidential,"Dakahlia, Egypt",1 month ago,https://wuzzuf.net/jobs/p/EuyzRAmSklQd-Social-Media-Specialist-Dakahlia-Egypt?o=1007&l=sp&t=sj&a=data |search-v3|navbg,Full Time, Marketing/PR/Advertising  Media/Journalism/Publishing  Communication skills  Design  Digital Marketing  E-Marketing  Content  media  Online Marketing, Writing/Editorial 
Performance Marketing Manager,AFFSQUARE,"Sheraton, Cairo, Egypt",1 month ago,https://wuzzuf.net/jobs/p/hpSP9JbrfJDC-Performance-Marketing-Manager-AFFSQUARE-Cairo-Egypt?o=1008&l=sp&t=sj&a=data |search-v3|navbg,Full Time, Operations/Management  Marketing/PR/Advertising  Media/Journalism/Publishing  Digital Marketing  Marketing  Online Marketing  SEM  SEO  Advertising  Performance Marketing, 5 - 8 Yrs of Exp 
Human Resources Manager,Confidential,"Cairo, Egypt",24 days ago,https://wuzzuf.net/jobs/p/SVbHqnLD3z2x-Human-Resources-Manager-Cairo-Egypt?o=1009&l=sp&t=sj&a=data |search-v3|navbg,Full Time, Human Resources  Operations/Management  Human  Human Resources  Human Resources (HR)  Human resources manager  Personnel  Recruitment  Microsoft Office, 10+ Yrs of Exp 
Senior Android Developer,Friendy Car,"Maadi, Cairo, Egypt",24 days ago,https://wuzzuf.net/jobs/p/tDhxlM0LJ31Q-Senior-Android-Developer-Friendy-Car-Cairo-Egypt?o=1010&l=sp&t=sj&a=data |search-v3|navbg,Full Time, IT/Software Development  Engineering - Telecom/Technology  Information Technology (IT)  Software Development  Android  JSON  RESTful  Koltin  Java  MVP, 3+ Yrs of Exp 
Tax Accountant,Miami center company,"Sidi Bishr, Alexandria, Egypt",24 days ago,https://wuzzuf.net/jobs/p/EmOiLIxgmRFq-Tax-Accountant-Miami-center-company-Alexandria-Egypt?o=1011&l=sp&t=sj&a=data |search-v3|navbg,Full Time, Accounting/Finance  Banking  Accounting  Accounting Software  accountant  excel  Finance  Financial Analysis  CPA  CMA, 3 - 5 Yrs of Exp 
Software Engineering Lead,Nacita,"Cairo, Egypt",1 month ago,https://wuzzuf.net/jobs/p/VDVqGLDHK9fj-Software-Engineering-Lead-Nacita-Cairo-Egypt?o=1012&l=sp&t=sj&a=data |search-v3|navbg,Full Time, IT/Software Development  Angular  Agile  Engineering  Computer Science  Information Technology (IT)  Java  Software  Software Development  Software Engineering, 6 - 10 Yrs of Exp 
Technical Office Engineer ( Light Current ),Deglatech Advanced Technologies,"Mohandessin, Giza, Egypt",1 month ago,https://wuzzuf.net/jobs/p/LnsehvpDbRS5-Technical-Office-Engineer-Light-Current-Deglatech-Advanced-Technologies-Giza-Egypt?o=1013&l=sp&t=sj&a=data |search-v3|navbg,Full Time, IT/Software Development  Engineering - Telecom/Technology  Engineering - Mechanical/Electrical  Light Current  Communication  Rivet, 2 - 3 Yrs of Exp 
System Developer,etisal for advanced industries,"6th of October, Giza, Egypt",1 month ago,https://wuzzuf.net/jobs/p/hrPTYPDBZcME-System-Developer-etisal-for-advanced-industries-Giza-Egypt?o=1014&l=sp&t=sj&a=data |search-v3|navbg,Full Time, Installation/Maintenance/Repair  IT/Software Development  Project/Program Management  Computer Science  Database  Software Development  Oracle  SQL  Analysis  Information Technology (IT), 3 - 5 Yrs of Exp 
Senior Accountant,queens derma,"New Cairo, Cairo, Egypt",24 days ago,https://wuzzuf.net/jobs/p/xVwnmQgn93gG-Senior-Accountant-queens-derma-Cairo-Egypt?o=1015&l=sp&t=sj&a=data |search-v3|navbg,Full Time, Accounting/Finance  Accounting  Commerce  Communication skills  Finance  Financial  Financial Analysis  Financial Management  Financial Reporting  Taxes, 4 - 6 Yrs of Exp 
Key Account Manager,Infinity Clinic Pharma,"Nasr City, Cairo, Egypt",24 days ago,https://wuzzuf.net/jobs/p/zsAJHpOrmj96-Key-Account-Manager-Infinity-Clinic-Pharma-Cairo-Egypt?o=1016&l=sp&t=sj&a=data |search-v3|navbg,Full Time, Business Development  Customer Service/Support  Sales/Retail  Account Management  Cosmetics  Customer Service  Management  Negotiation  sales skills  Selling, 2 - 4 Yrs of Exp 
Collection Officer,SABA,"Heliopolis, Cairo, Egypt",24 days ago,https://wuzzuf.net/jobs/p/pSVx9zId0T0B-Collection-Officer-SABA-Cairo-Egypt?o=1017&l=sp&t=sj&a=data |search-v3|navbg,Full Time, Accounting/Finance  Administration  Customer Service/Support  Accounting  Collection specialist  Finance  Collection, 3 - 4 Yrs of Exp 
Spare Part Store Keeper,Egyptian Starch and Glucose  Manufacturing Company,"Shubra Alkhaymah, Qalubia, Egypt",24 days ago,https://wuzzuf.net/jobs/p/UZZ4CuZWW1Bb-Spare-Part-Store-Keeper-Egyptian-Starch-and-Glucose-Manufacturing-Company-Qalubia-Egypt?o=1018&l=sp&t=sj&a=data |search-v3|navbg,Full Time, Logistics/Supply Chain  Purchasing/Procurement  Spare Parts  Warehousing  Purchasing  Supply Chain, 3 - 5 Yrs of Exp 
Outdoor Sales Engineer - Upper Egypt,Confidential,"Assuit, Assiut, Egypt",24 days ago,https://wuzzuf.net/jobs/p/iKc7OAaWHRlT-Outdoor-Sales-Engineer---Upper-Egypt-Assiut-Egypt?o=1019&l=sp&t=sj&a=data |search-v3|navbg,Full Time, males_only  Sales/Retail  Engineering - Mechanical/Electrical  Sales  Sales Skills  Sales Target  Spare Parts  Customer Service  English  Electrical  Outdoor Sales, 0 - 3 Yrs of Exp 
Account Manager,intella,"Dokki, Giza, Egypt",24 days ago,https://wuzzuf.net/jobs/p/qe3JeDSVBDzW-Account-Manager-intella-Giza-Egypt?o=1020&l=sp&t=sj&a=data |search-v3|navbg,Full TimeWork From Home, Business Development  Operations/Management  Marketing/PR/Advertising  Account Management  Market Research  Sales Target  Marketing  English  Management  business, 2 - 4 Yrs of Exp 
Social Media Manager,Backyard,"New Cairo, Cairo, Egypt",24 days ago,https://wuzzuf.net/jobs/p/3RsuFIqk6orA-Social-Media-Manager-Backyard-Cairo-Egypt?o=1021&l=sp&t=sj&a=data |search-v3|navbg,Full Time, Marketing/PR/Advertising  Media/Journalism/Publishing  Marketing  E-Marketing  Online Marketing  Social Media, 3+ Yrs of Exp 
Head of the stores department,Egypt for Panel and Steel Industries S.A.E,"6th of October, Giza, Egypt",24 days ago,https://wuzzuf.net/jobs/p/mWEKhCQKx0Ae-Head-of-the-stores-department-Egypt-for-Panel-and-Steel-Industries-S-A-E-Giza-Egypt?o=1022&l=sp&t=sj&a=data |search-v3|navbg,Full Time, males_only  Other  Education  Management, 2 - 3 Yrs of Exp 
Senior Full-Stack Java Developer (Java &Angular),CrossWorkers,"New Cairo, Cairo, Egypt",1 month ago,https://wuzzuf.net/jobs/p/PGUbJARCOtTR-Senior-Full-Stack-Java-Developer-Java-Angular-CrossWorkers-Cairo-Egypt?o=1023&l=sp&t=sj&a=data |search-v3|navbg,Full Time, IT/Software Development  Information Technology (IT)  Computer Science  Java  Angular  Microservices  Software Development  Software Engineering, 5 - 8 Yrs of Exp 
Electrical Technical Office Engineer,SEG,"New Capital, Cairo, Egypt",24 days ago,https://wuzzuf.net/jobs/p/jaIqsWEncT0J-Electrical-Technical-Office-Engineer-SEG-Cairo-Egypt?o=1024&l=sp&t=sj&a=data |search-v3|navbg,Full Time, Engineering - Mechanical/Electrical  AutoCAD  Electrical  Electrical Engineering  Revit  Technical Office  Shop Drawings  Microsoft Office  Computer Skills  Engineering, 3 - 5 Yrs of Exp 
Senior Front End Developer / Angular,Egabi FSI,"Cairo, Egypt",24 days ago,https://wuzzuf.net/jobs/p/ukh6mekus9RX-Senior-Front-End-Developer-Angular-Egabi-FSI-Cairo-Egypt?o=1025&l=sp&t=sj&a=data |search-v3|navbg,Full Time, IT/Software Development  Angular  Angular2  Angular4  Front-End Development, 4 - 7 Yrs of Exp 
Senior Angular Developer (Relocation),Musala Soft,"Sofia, Bulgaria",1 month ago,https://wuzzuf.net/jobs/p/dX6juzocwqeK-Senior-Angular-Developer-Relocation-Musala-Soft-Sofia-Bulgaria?o=1026&l=sp&t=sj&a=data |search-v3|navbg,Full Time, IT/Software Development  Java  Angular  Computer Science  APIs  Development  front-end  Information Technology (IT)  OOP  Software Development, 5+ Yrs of Exp 
Senior General Accountant,Magnom,"New Cairo, Cairo, Egypt",25 days ago,https://wuzzuf.net/jobs/p/Lh0L7nxO8nPU-Senior-General-Accountant-Magnom-Cairo-Egypt?o=1027&l=sp&t=sj&a=data |search-v3|navbg,Full Time, Accounting/Finance  Logistics/Supply Chain  Accounting  Cash  Cash Management  Financial Analysis  Financial Management  SAP  taxation  Transactions, 5 - 7 Yrs of Exp 
Accounting Manager,Maxevia Corporate,"Nasr City, Cairo, Egypt",25 days ago,https://wuzzuf.net/jobs/p/Hcdq2FRuQrNC-Accounting-Manager-Maxevia-Corporate-Cairo-Egypt?o=1028&l=sp&t=sj&a=data |search-v3|navbg,Full Time, Accounting/Finance  Operations/Management  Accounting  Cash Management  Financial Management  Retail  excel  Financial Analysis  Accounting Software  Management, 7 - 10 Yrs of Exp 
Document controller,Home Gate Construction,"Sohag, Egypt",1 month ago,https://wuzzuf.net/jobs/p/OiI1hAiTUa2l-Document-controller-Home-Gate-Construction-Sohag-Egypt?o=1029&l=sp&t=sj&a=data |search-v3|navbg,Full Time, Administration  Engineering - Construction/Civil/Architecture  Quality  Document Control  Administration  Admin  Microsoft Office, 3 - 5 Yrs of Exp 
System Engineer,Deglatech Advanced Technologies,"Giza, Egypt",1 month ago,https://wuzzuf.net/jobs/p/69mYkWBcgmVf-System-Engineer-Deglatech-Advanced-Technologies-Giza-Egypt?o=1030&l=sp&t=sj&a=data |search-v3|navbg,Full Time, males_only  Installation/Maintenance/Repair  IT/Software Development  Engineering - Telecom/Technology  Engineering  Information Technology (IT)  Network  Communication  Computer Engineering, 2+ Yrs of Exp 
BMC Remedy Developer,Ejada,"Cairo, Egypt",2 months ago,https://wuzzuf.net/jobs/p/Leg6nm4zGhH6-BMC-Remedy-Developer-Ejada-Cairo-Egypt?o=1031&l=sp&t=sj&a=data |search-v3|navbg,Full Time, IT/Software Development  BMC Remedy  BMC  Linux  ITIL  ITSM  Java  Remedy  Analysis, 5 - 10 Yrs of Exp 
External Auditor,Confidential,"Cairo, Egypt",1 month ago,https://wuzzuf.net/jobs/p/MyFFjql09qUw-External-Auditor-Cairo-Egypt?o=1032&l=sp&t=sj&a=data |search-v3|navbg,Full Time, Accounting/Finance  Audit  Auditing  CPA  ACCA, 2 - 20 Yrs of Exp 
Quality Assurance Section Head,Confidential,"10th of Ramadan City, Sharqia, Egypt",1 month ago,https://wuzzuf.net/jobs/p/OCFI7e8gtT8n-Quality-Assurance-Section-Head-Sharqia-Egypt?o=1033&l=sp&t=sj&a=data |search-v3|navbg,Full Time, R&D/Science  Manufacturing/Production  Quality  Quality Assurance  QA  Quality Control  Food Safety Management  Food Production  English  Food, 4 - 6 Yrs of Exp 
Accountant ( AP ),Jazeera Paints,"10th of Ramadan City, Sharqia, Egypt",26 days ago,https://wuzzuf.net/jobs/p/A8iujX0Wgfpi-Accountant-AP-Jazeera-Paints-Sharqia-Egypt?o=1034&l=sp&t=sj&a=data |search-v3|navbg,Full Time, Accounting/Finance  Financial Analysis  Accounting  Finance  Financial Management  MS Excel  SAP user  Accounting Systems  Financial, 3 - 5 Yrs of Exp 
Marketing Manager,Arab Mechanical Engineers,"Nasr City, Cairo, Egypt",26 days ago,https://wuzzuf.net/jobs/p/Cqs3EgfrlNSm-Marketing-Manager-Arab-Mechanical-Engineers-Cairo-Egypt?o=1035&l=sp&t=sj&a=data |search-v3|navbg,Full Time, Marketing/PR/Advertising  Media/Journalism/Publishing  business  Marketing  Market Research  Digital Marketing  Marketing Planning  Marketing Strategy  English  Social Media, 7 - 10 Yrs of Exp 
Social Media Specialist Freelance,Rashid Al Jabri Group,"Alexandria, Egypt",26 days ago,https://wuzzuf.net/jobs/p/xScg2I4sAaOm-Social-Media-Specialist-Freelance-Rashid-Al-Jabri-Group-Alexandria-Egypt?o=1036&l=sp&t=sj&a=data |search-v3|navbg,Full TimeFreelance / ProjectWork From Home, Marketing/PR/Advertising  Media/Journalism/Publishing  HTML  CSS  Marketing  Journalism  coomunication  media  Google Analytics  Social Media, 3 - 3 Yrs of Exp 
Accounting Administrator,Shezlong,"Sheikh Zayed, Giza, Egypt",1 month ago,https://wuzzuf.net/jobs/p/77aPnPhz3MaI-Accounting-Administrator-Shezlong-Giza-Egypt?o=1037&l=sp&t=sj&a=data |search-v3|navbg,Full Time, Accounting/Finance  Administration  Accounting  Finance  Business Administration  Clerk  MS Office  Communication  English  Commerce, 2 - 5 Yrs of Exp 
IT Manager,Morcos,"10th of Ramadan City, Cairo, Egypt",2 months ago,https://wuzzuf.net/jobs/p/aIjqz6x1xp98-IT-Manager-Morcos-Cairo-Egypt?o=1038&l=sp&t=sj&a=data |search-v3|navbg,Full Time, IT/Software Development  Engineering - Telecom/Technology  IT  Computer Science  Information Technology (IT)  networks  Operations  Software  computer  Computer Hardware, 2 - 5 Yrs of Exp 
Business Intelligence Specialist,Cairo Three A Poultry,"New Cairo, Cairo, Egypt",1 month ago,https://wuzzuf.net/jobs/p/lWfw8UUjFzpU-Business-Intelligence-Specialist-Pyramid-Poultry-Co-Cairo-Egypt?o=1039&l=sp&t=sj&a=data |search-v3|navbg,Full Time, Business Development  IT/Software Development  Sales/Retail  English  Oracle  IT  SQL  Information Technology (IT)  Sales, 3 - 5 Yrs of Exp 
General Accountant,Style Home Development,"Heliopolis, Cairo, Egypt",27 days ago,https://wuzzuf.net/jobs/p/pSjUe52RwAV7-General-Accountant-Style-Home-Development-Cairo-Egypt?o=1040&l=sp&t=sj&a=data |search-v3|navbg,Full Time, Accounting/Finance  Accounting  CMA  Finance, 3 - 5 Yrs of Exp 
Security and Safety Manager,Breadfast,"Cairo, Egypt",1 month ago,https://wuzzuf.net/jobs/p/F44Xo4g2hsOr-Security-and-Safety-Manager-Breadfast-Cairo-Egypt?o=1041&l=sp&t=sj&a=data |search-v3|navbg,Full Time, Other  Safety  Management  Security, 7 - 10 Yrs of Exp 
Head of sales - Real estate,MENASSAT,"New Cairo, Cairo, Egypt",1 month ago,https://wuzzuf.net/jobs/p/WeuexCX83hcp-Head-of-sales---Real-estate-MENASSAT-Cairo-Egypt?o=1042&l=sp&t=sj&a=data |search-v3|navbg,Full Time, Sales/Retail  Communication  Leadership  Management  Real Estate  Planning  sales skills  Sales  English  business, 15+ Yrs of Exp 
Technical Office lighting engineer 10th of Ramadan City,Gest For Metals,"10th of Ramadan City, Sharqia, Egypt",1 month ago,https://wuzzuf.net/jobs/p/IOzgLinIVHj0-Technical-Office-lighting-engineer-10th-of-Ramadan-City-Gest-For-Metals-Sharqia-Egypt?o=1043&l=sp&t=sj&a=data |search-v3|navbg,Full Time, males_preferred  Engineering - Construction/Civil/Architecture  Engineering - Mechanical/Electrical  Electronic Systems  Electrical Power  Engineering  Electrical Engineering  Electronics Troubleshooting  Project Management  DIALux evo, 3+ Yrs of Exp 
Receptionist,Uptown International School UISEgypt,"Mokattam, Cairo, Egypt",27 days ago,https://wuzzuf.net/jobs/p/jHJKSpx7u2S6-Receptionist-Uptown-International-School-UISEgypt-Cairo-Egypt?o=1044&l=sp&t=sj&a=data |search-v3|navbg,Full Time, Administration  Administration  Communication skills  Schools  Office management  English  Admin, 2 - 4 Yrs of Exp 
Research & Development Specialist,AB & Associates,"Cairo, Egypt",27 days ago,https://wuzzuf.net/jobs/p/PvN3wDenl2Ae-Research-Development-Specialist-AB-Associates-Cairo-Egypt?o=1045&l=sp&t=sj&a=data |search-v3|navbg,Full Time, Operations/Management  Strategy/Consulting  Design  research & development  training & development  learning & development  content creation  instructional designer, 5+ Yrs of Exp 
Senior Merchandising Planner - Fashion Retail,Al-Nasser,"6th of October, Giza, Egypt",27 days ago,https://wuzzuf.net/jobs/p/cmI2BLd5HetF-Senior-Merchandising-Planner---Fashion-Retail-Al-Nasser-Giza-Egypt?o=1046&l=sp&t=sj&a=data |search-v3|navbg,Full Time, Logistics/Supply Chain  Fashion  Retailer  Finance  Fashion  English  Planning  Retail  Microsoft Office  Accounting, 3 - 5 Yrs of Exp 
PMO Analyst,IT Systems Corporation,"Cairo, Egypt",27 days ago,https://wuzzuf.net/jobs/p/Hgg0uV39a7vb-PMO-Analyst-IT-Systems-Corporation-Cairo-Egypt?o=1047&l=sp&t=sj&a=data |search-v3|navbg,Full Time, IT/Software Development  Project/Program Management  Engineering - Telecom/Technology  Project Management  PMO  Business Analysis  ERP  PMP  Information Technology (IT)  Computer Science, 1+ Yrs of Exp 
Accountant,Downtown Katameya,"New Cairo, Cairo, Egypt",27 days ago,https://wuzzuf.net/jobs/p/etQhORW1pgUU-Accountant-Downtown-Katameya-Cairo-Egypt?o=1048&l=sp&t=sj&a=data |search-v3|navbg,Full Time, males_only  Accounting/Finance  Accounting  Finance  General Ledger  Payable Accounting  Accounts Receivable  Treasury Accounting, 3 - 7 Yrs of Exp 
Electrical Engineer,Baradah for Construction,"Dokki, Giza, Egypt",27 days ago,https://wuzzuf.net/jobs/p/YOjSVDDH6s1x-Electrical-Engineer-Baradah-for-Construction-Giza-Egypt?o=1049&l=sp&t=sj&a=data |search-v3|navbg,Freelance / Project, Engineering - Mechanical/Electrical  Electrical  Electrical Engineering  Low Voltage  Construction  Industrial, 10 - 15 Yrs of Exp 
Mechanical Static Equipment,Baradah for Construction,"Dokki, Giza, Egypt",27 days ago,https://wuzzuf.net/jobs/p/ZwHcBGotwKBH-Mechanical-Static-Equipment-Baradah-for-Construction-Giza-Egypt?o=1050&l=sp&t=sj&a=data |search-v3|navbg,Freelance / Project, Engineering - Mechanical/Electrical  Engineering - Oil & Gas/Energy  Mechanical Engineering  statci equipment, 10 - 15 Yrs of Exp 
Finance Director,Zewail City,"6th of October, Giza, Egypt",27 days ago,https://wuzzuf.net/jobs/p/UL7HXpv8f4Au-Finance-Director-Zewail-City-Giza-Egypt?o=1051&l=sp&t=sj&a=data |search-v3|navbg,Full Time, Accounting/Finance  Administration  Operations/Management  Financial Analysis  Accounting  Financial Management  Finance Software  Change Management  SAP  Commerce, 17 - 20 Yrs of Exp 
Human Resources Generalist,Hesni,"Zaytoun, Cairo, Egypt",27 days ago,https://wuzzuf.net/jobs/p/ERW2Og40oZSk-Human-Resources-Generalist-Hesni-Cairo-Egypt?o=1052&l=sp&t=sj&a=data |search-v3|navbg,Full Time, Administration  Human Resources  HR Systems  Human Resources  Human  Human Resources (HR)  Labor  Labor Law  Microsoft Office  Recruitment, 2 - 5 Yrs of Exp 
Media Buyer Freelance,Rashid Al Jabri Group,"Alexandria, Egypt",27 days ago,https://wuzzuf.net/jobs/p/Ciu6AzIWIXM6-Media-Buyer-Freelance-Rashid-Al-Jabri-Group-Alexandria-Egypt?o=1053&l=sp&t=sj&a=data |search-v3|navbg,Full TimePart TimeFreelance / Project, Marketing/PR/Advertising  Media/Journalism/Publishing  marketing  media  Graphic Design  Stakeholders  digital campaign  Salesforce  Digital Marketing  Media buyer, 3 - 5 Yrs of Exp 
Production Planning Engineer,ComeX Engineering Company,"6th of October, Giza, Egypt",27 days ago,https://wuzzuf.net/jobs/p/3WMp2nWV8r7u-Production-Planning-Engineer-ComeX-Engineering-Company-Giza-Egypt?o=1054&l=sp&t=sj&a=data |search-v3|navbg,Full Time, Manufacturing/Production  Engineering - Mechanical/Electrical  Engineering  Mechanical Engineering  Production  Planning, 10+ Yrs of Exp 
Mechanical Rotating Equipment Engineer,Baradah for Construction,"Dokki, Giza, Egypt",27 days ago,https://wuzzuf.net/jobs/p/aBESnVGXAfDz-Mechanical-Rotating-Equipment-Engineer-Baradah-for-Construction-Giza-Egypt?o=1055&l=sp&t=sj&a=data |search-v3|navbg,Freelance / Project, Engineering - Oil & Gas/Energy  Mechanical Engineering  Rotating Equipment, 10 - 15 Yrs of Exp 
Mechanical Piping & Layout Engineer,Baradah for Construction,"Dokki, Giza, Egypt",27 days ago,https://wuzzuf.net/jobs/p/Ls8sKe2c4tNH-Mechanical-Piping-Layout-Engineer-Baradah-for-Construction-Giza-Egypt?o=1056&l=sp&t=sj&a=data |search-v3|navbg,Freelance / Project, Engineering - Oil & Gas/Energy  3D  AutoCAD  CAD  piping  Piping Design, 10 - 15 Yrs of Exp 
Finishing Manager,PLANSEE,"Cairo, Egypt",27 days ago,https://wuzzuf.net/jobs/p/IUBSdvQIIJn6-Finishing-Manager-PLANSEE-Cairo-Egypt?o=1057&l=sp&t=sj&a=data |search-v3|navbg,Full Time, Engineering - Construction/Civil/Architecture  Creative/Design/Art  Project/Program Management  Architecture  Communication  Architecture Engineering  Project Management  Finishing  Fine Arts  Interior Design, 10+ Yrs of Exp 
Outdoor Sales Engineer - 6th of October,Confidential,"6th of October, Giza, Egypt",27 days ago,https://wuzzuf.net/jobs/p/KwG5ev6KVcD8-Outdoor-Sales-Engineer---6th-of-October-Giza-Egypt?o=1058&l=sp&t=sj&a=data |search-v3|navbg,Full Time, males_only  Sales/Retail  Engineering - Mechanical/Electrical  Sales  Sales Skills  Sales Target  Spare Parts  Customer Service  English  Electrical  Outdoor Sales, 0 - 3 Yrs of Exp 
General Accountant,Misr Elhegaz Group,"Heliopolis, Cairo, Egypt",1 month ago,https://wuzzuf.net/jobs/p/4l8Dipl8ulUQ-General-Accountant-Misr-Elhegaz-Group-Cairo-Egypt?o=1059&l=sp&t=sj&a=data |search-v3|navbg,Full Time, Accounting/Finance  Finance  Financial Management  SAP  General Ledger  Accounting  Financial Accounting  Financial Analysis, 2 - 4 Yrs of Exp 
Senior Mechanical Engineer,valves engineering company,"Badr City, Cairo, Egypt",27 days ago,https://wuzzuf.net/jobs/p/ChR1mjbJyW8d-Senior-Mechanical-Engineer-valves-engineering-company-Cairo-Egypt?o=1060&l=sp&t=sj&a=data |search-v3|navbg,Full Time, Installation/Maintenance/Repair  Engineering - Mechanical/Electrical  Engineering - Other  Maintenance  Valves  Mechanical Engineering  Oil Field  Manufacturing  Mechanical  Engineering, 5 - 7 Yrs of Exp 
Budget Analyst,Somabay,"Hurghada, Red Sea, Egypt",27 days ago,https://wuzzuf.net/jobs/p/enzG26Qg37ae-Budget-Analyst-Somabay-Red-Sea-Egypt?o=1061&l=sp&t=sj&a=data |search-v3|navbg,Full Time, Accounting/Finance  Accounting  Budgeting  ERP  Finance  Financial Analysis  Microsoft Office, 3 - 5 Yrs of Exp 
Mechanical Maintenance Engineer (Dairy or drinks background),Milkys - The Milkman,"Noubaria, Beheira, Egypt",27 days ago,https://wuzzuf.net/jobs/p/G7AekDQQ8oVc-Mechanical-Maintenance-Engineer-Dairy-or-drinks-background-Milkys---The-Milkman-Beheira-Egypt?o=1062&l=sp&t=sj&a=data |search-v3|navbg,Full Time, Installation/Maintenance/Repair  Manufacturing/Production  Engineering - Mechanical/Electrical  Engineering  Maintenance  Mechanical  Dairy Products  Mechanical Engineering, 3 - 5 Yrs of Exp 
PMO Internship,Andalusia Group,"Maadi, Cairo, Egypt",27 days ago,https://wuzzuf.net/internship/uDaW0NsOY0Mw-PMO-Internship-Andalusia-Group-Cairo-Egypt?o=1063&l=sp&t=sj&a=data |search-v3|navbg,Internship, Engineering - Construction/Civil/Architecture  Engineering - Mechanical/Electrical  Civil Engineering  Mechanical Engineering  Project Management  PMO  Project Cost Control  Strategy  Administration, 0 - 1 Yrs of Exp 
Technical Advisor (French Speakers),NOK for Human Capital Solutions,"6th of October, Giza, Egypt",27 days ago,https://wuzzuf.net/jobs/p/akVSqTBBbpY9-Technical-Advisor-French-Speakers-NOK-for-Human-Capital-Solutions-Giza-Egypt?o=1064&l=sp&t=sj&a=data |search-v3|navbg,Full Time, Engineering - Telecom/Technology  Computer Science  Technical Support  DNS  DHCP  Microsoft Azure  Microsoft Office  Sharepoint  French, IT/Software Development 
Channels Developer,Network International -Egypt,"New Cairo, Cairo, Egypt",1 month ago,https://wuzzuf.net/jobs/p/WsH3U6TyQnqK-Channels-Developer-Network-International--Egypt-Cairo-Egypt?o=1065&l=sp&t=sj&a=data |search-v3|navbg,Full Time, IT/Software Development  System Integration  SQL Server Integration Services  Host2Host  PL/SQL  SQL  Unix  EMV  ISO 8583, 4 - 10 Yrs of Exp 
Searching Engine Optimization (SEO) Specialist Freelance,Rashid Al Jabri Group,"Alexandria, Egypt",27 days ago,https://wuzzuf.net/jobs/p/AAjSUQawMhJn-Searching-Engine-Optimization-SEO-Specialist-Freelance-Rashid-Al-Jabri-Group-Alexandria-Egypt?o=1066&l=sp&t=sj&a=data |search-v3|navbg,Full TimeFreelance / ProjectWork From Home, Business Development  Analyst/Research  WPLN  Search Engine Optimization Copywriting  Search Engine Optimization  Web Analytics  Google Analytics  Competitive Analysis  Time Management  Computational Thinking, 2 - 3 Yrs of Exp 
Operations Manager,zari solution,"Nasr City, Cairo, Egypt",28 days ago,https://wuzzuf.net/jobs/p/GNxVhZlX99nY-Operations-Manager-zari-solution-Cairo-Egypt?o=1067&l=sp&t=sj&a=data |search-v3|navbg,Full Time, Business Development  Financial  operations manager  Operations  Operations Management, 3 - 5 Yrs of Exp 
Senior Property Consultant,The Address Investments for Real Estate Consultancy,"New Cairo, Cairo, Egypt",28 days ago,https://wuzzuf.net/jobs/p/MKwedxA1H3AQ-Senior-Property-Consultant-The-Address-Investments-for-Real-Estate-Consultancy-Cairo-Egypt?o=1068&l=sp&t=sj&a=data |search-v3|navbg,Full Time, Customer Service/Support  Marketing/PR/Advertising  Sales/Retail  broker  Communication  Experience  Management  MS Office  Presentation  Property, 2 - 4 Yrs of Exp 
Sr. Backend Developer (PHP/Node.js),Al-hakeema,"Nasr City, Cairo, Egypt",28 days ago,https://wuzzuf.net/jobs/p/qwrOsFchuQ9b-Sr-Backend-Developer-PHPNodejs-Al-hakeema-Cairo-Egypt?o=1069&l=sp&t=sj&a=data |search-v3|navbg,Full Time, males_preferred  IT/Software Development  backend  Computer Science  Laravel  MVC  Node.js  PHP  Software Development  Software Engineering  Information Technology (IT), 3 - 5 Yrs of Exp 
Cost Accountant,Confidential,"Badr City, Cairo, Egypt",28 days ago,https://wuzzuf.net/jobs/p/SGUhNww3Gkwj-Cost-Accountant-Cairo-Egypt?o=1070&l=sp&t=sj&a=data |search-v3|navbg,Full Time, Accounting/Finance  accountant  Accounting  analytical  Cost Accountant  Cost Accounting  excel  Finance  Financial Analysis  MS, 2 - 4 Yrs of Exp 
Digital Media Buying Specialist,Semicolon Agency,"Cairo, Egypt",1 month ago,https://wuzzuf.net/jobs/p/mrhA2CD4DnF6-Digital-Media-Buying-Specialist-Semicolon-Agency-Cairo-Egypt?o=1071&l=sp&t=sj&a=data |search-v3|navbg,Full TimeWork From Home, Marketing/PR/Advertising  Ads  buying  google  SEM  Google Ads  Google Adwords  Google Keyword Planner  Media Buying  Social Media, 2 - 5 Yrs of Exp 
Technical Office Engineer,Confidential,"Smouha, Alexandria, Egypt",28 days ago,https://wuzzuf.net/jobs/p/LkmoKtZIBDod-Technical-Office-Engineer-Alexandria-Egypt?o=1072&l=sp&t=sj&a=data |search-v3|navbg,Full Time, Engineering - Construction/Civil/Architecture  Architecture  Architecture Engineering  Engineering  Technical Office  technical office engineer, 2 - 3 Yrs of Exp 
Operations Officer - Mohandeseen,Confidential,"Mohandessin, Giza, Egypt",28 days ago,https://wuzzuf.net/jobs/p/7xPjyYdRXI07-Operations-Officer---Mohandeseen-Giza-Egypt?o=1073&l=sp&t=sj&a=data |search-v3|navbg,Full Time, Customer Service/Support  Operations/Management  Customer Service  Operations  Microsoft Office  English  MS Office  office, 0 - 2 Yrs of Exp 
Senior Digital Marketing Specialist,Repton Cairo School,"New Cairo, Cairo, Egypt",28 days ago,https://wuzzuf.net/jobs/p/MeKN4F57RqZx-Senior-Digital-Marketing-Specialist-Repton-Cairo-School-Cairo-Egypt?o=1074&l=sp&t=sj&a=data |search-v3|navbg,Full Time, Marketing/PR/Advertising  Digital  Digital Marketing  E-Marketing  marketing specialist  Social Media  senior  Digital Marketing Specialist  Marketing, 3 - 5 Yrs of Exp 
Marketing & Sales Specialist,Digital Experts,"Heliopolis, Cairo, Egypt",28 days ago,https://wuzzuf.net/jobs/p/9SAXwLRgcafv-Marketing-Sales-Specialist-Digital-Experts-Cairo-Egypt?o=1075&l=sp&t=sj&a=data |search-v3|navbg,Full Time, Marketing/PR/Advertising  Sales/Retail  Media/Journalism/Publishing  Sales  Digital Marketing  Marketing  Sales Skills  Digital Sales  Advertising  Digital Media, 3+ Yrs of Exp 
QA EDA & Lot Release Specialist,Rameda,"6th of October, Giza, Egypt",28 days ago,https://wuzzuf.net/jobs/p/fweEtfMRvnXg-QA-EDA-Lot-Release-Specialist-Rameda-Giza-Egypt?o=1076&l=sp&t=sj&a=data |search-v3|navbg,Full Time, R&D/Science  Quality  Pharmaceutical  Quality  Quality Assurance  Quality Control  Medical  Healthcare  Pharmaceutical  Sterile Area, 1 - 3 Yrs of Exp 
Android Developer ( Mid-level ),HMASERV LLC,"Alexandria, Egypt",1 month ago,https://wuzzuf.net/jobs/p/KJY2BquvOAun-Android-Developer-Mid-level-HMASERV-LLC-Alexandria-Egypt?o=1077&l=sp&t=sj&a=data |search-v3|navbg,Full Time, IT/Software Development  Android  Java  Kotlin  Software Development, 2 - 3 Yrs of Exp 
Accountant,Ahmed Abdelrahman For Road Construction,"Sharqia, Egypt",28 days ago,https://wuzzuf.net/jobs/p/2chSpAbMccNp-Accountant-Ahmed-Abdelrahman-For-Road-Construction-Sharqia-Egypt?o=1078&l=sp&t=sj&a=data |search-v3|navbg,Full Time, Accounting/Finance  accountant  Accounting  Finance  MS Excel  excel  MS  Accounting Software, 1 - 3 Yrs of Exp 
Space Admin (Operations),Cultiv,"Heliopolis, Cairo, Egypt",28 days ago,https://wuzzuf.net/jobs/p/WKGOXQnzR46g-Space-Admin-Operations-Cultiv-Cairo-Egypt?o=1079&l=sp&t=sj&a=data |search-v3|navbg,Full TimeShift Based, Administration  Operations/Management  Administration  Computer Skills  Front Office  Co-working Space Admin  Microsoft Office  Office Management  Admin Work  Admin, 1 - 2 Yrs of Exp 
Senior Architect,City Mega Group,"New Cairo, Cairo, Egypt",28 days ago,https://wuzzuf.net/jobs/p/gQODjZWydtl2-Senior-Architect-City-Mega-Group-Cairo-Egypt?o=1080&l=sp&t=sj&a=data |search-v3|navbg,Full Time, Engineering - Construction/Civil/Architecture  Autodesk 3ds Max  AutoCAD, 5 - 6 Yrs of Exp 
Business Development Specialist,El Sewedy Technical Academy,"Port Said, Egypt",28 days ago,https://wuzzuf.net/jobs/p/aGMFHj4XFe16-Business-Development-Specialist-El-Sewedy-Technical-Academy-Port-Said-Egypt?o=1081&l=sp&t=sj&a=data |search-v3|navbg,Full Time, Business Development  Marketing/PR/Advertising  Business Development  Marketing  business, 2 - 4 Yrs of Exp 
HR Business Partner,Confidential,"Alexandria, Egypt",28 days ago,https://wuzzuf.net/jobs/p/SfXf8q7XAZpD-HR-Business-Partner-Alexandria-Egypt?o=1082&l=sp&t=sj&a=data |search-v3|navbg,Full Time, Business Development  Human Resources  Human Resources (HR)  MBA  HR  Labor, 5 - 7 Yrs of Exp 
Marketing Engineer - Electrical Panel Manufacturing,Chint Egemac,"6th of October, Giza, Egypt",28 days ago,https://wuzzuf.net/jobs/p/nKZDK8Rh8CEy-Marketing-Engineer---Electrical-Panel-Manufacturing-Chint-Egemac-Giza-Egypt?o=1083&l=sp&t=sj&a=data |search-v3|navbg,Full Time, Marketing/PR/Advertising  Engineering - Mechanical/Electrical  Electrical Engineering  Marketing  Energy  Sales  Manufacturing  Engineering  English  B2B, 1 - 3 Yrs of Exp 
Customer Service Agent,Ramtrade,"Nasr City, Cairo, Egypt",28 days ago,https://wuzzuf.net/jobs/p/7HtitcXumG5S-Customer-Service-Agent-Ramtrade-Cairo-Egypt?o=1084&l=sp&t=sj&a=data |search-v3|navbg,Full TimeShift Based, males_preferred  Customer Service/Support  Call Center  Arabic  Communication skills  Customer Care  Customer Service  Customer Support  Writing  English  Communication, 1 - 3 Yrs of Exp 
Executive Chef,Confidential,"Hurghada, Red Sea, Egypt",28 days ago,https://wuzzuf.net/jobs/p/p0RL8n0rrvtu-Executive-Chef-Red-Sea-Egypt?o=1085&l=sp&t=sj&a=data |search-v3|navbg,Full Time, Hospitality/Hotels/Food Services  Operations/Management  Food  Hotels  Hospitality  Chef  Microsoft Office, 10 - 15 Yrs of Exp 
English HOD / Prim,GEMS Education,"New Cairo, Cairo, Egypt",1 month ago,https://wuzzuf.net/jobs/p/HIzZTacf2yDr-English-HOD-Prim-GEMS-Education-Cairo-Egypt?o=1086&l=sp&t=sj&a=data |search-v3|navbg,Full Time, Education/Teaching  HOD  Teaching  Education  Curriculum Development, 4 - 12 Yrs of Exp 
Marketing Manager - Real Estate,Reportage Egypt Real Estate Development,"New Cairo, Cairo, Egypt",1 month ago,https://wuzzuf.net/jobs/p/omseI46yAdwO-Marketing-Manager---Real-Estate-Reportage-Egypt-Real-Estate-Development-Cairo-Egypt?o=1087&l=sp&t=sj&a=data |search-v3|navbg,Full Time, Marketing/PR/Advertising  Media/Journalism/Publishing  Marketing  Market Research  Real Estate  Social Media  Communication skills  Online Marketing  Digital Marketing  Business Administration, 7 - 12 Yrs of Exp 
Digital Marketing Specialist,Reportage Egypt Real Estate Development,"New Cairo, Cairo, Egypt",1 month ago,https://wuzzuf.net/jobs/p/5ZwvvfMfJrIV-Digital-Marketing-Specialist-Reportage-Egypt-Real-Estate-Development-Cairo-Egypt?o=1088&l=sp&t=sj&a=data |search-v3|navbg,Full Time, Marketing/PR/Advertising  Media/Journalism/Publishing  Marketing  Market Research  Real Estate  Social Media  Communication skills  Online Marketing  Digital Marketing  Business Administration, 3 - 5 Yrs of Exp 
ERP Manager,Logistica,"6th of October, Giza, Egypt",1 month ago,https://wuzzuf.net/jobs/p/5nmvx2h5XQsb-ERP-Manager-Logistica-Giza-Egypt?o=1089&l=sp&t=sj&a=data |search-v3|navbg,Full Time, IT/Software Development  Engineering - Telecom/Technology  Ax  Microsoft Dynamics AX 2012, 7 - 10 Yrs of Exp 
Influencer/Brand Collaboration Intern,Code Masr,"Nasr City, Cairo, Egypt",29 days ago,https://wuzzuf.net/internship/wxTarVFfKGmj-InfluencerBrand-Collaboration-Intern-Code-Masr-Cairo-Egypt?o=1090&l=sp&t=sj&a=data |search-v3|navbg,Internship, Media/Journalism/Publishing  Marketing  Mass Communication  Brand Marketing  Branding  Company Branding, Marketing/PR/Advertising 
Accountant (Females Only),Maxevia Corporate,"Shubra, Cairo, Egypt",29 days ago,https://wuzzuf.net/jobs/p/dQmm0MZxSxWl-Accountant-Females-Only-Maxevia-Corporate-Cairo-Egypt?o=1091&l=sp&t=sj&a=data |search-v3|navbg,Full Time, females_only  Accounting/Finance  Accounting  Communication  ERP  excel  Finance  Financial  Financial Analysis  Financial Statements  Communication skills, 1 - 3 Yrs of Exp 
Financial Auditor,United Group For Engineering And Investment,"Nasr City, Cairo, Egypt",29 days ago,https://wuzzuf.net/jobs/p/wdNJ2Dw26EAB-Financial-Auditor-United-Group-For-Engineering-And-Investment-Cairo-Egypt?o=1092&l=sp&t=sj&a=data |search-v3|navbg,Full Time, Accounting/Finance  accountant  Accounting  Auditing  Audit  Construction  Commerce  Finance  Financial Analysis  MS Office, 15 - 20 Yrs of Exp 
Assistant to Dean,Nile University,"Sheikh Zayed, Giza, Egypt",1 month ago,https://wuzzuf.net/jobs/p/ACUckBI3yENm-Assistant-to-Dean-Nile-University-Giza-Egypt?o=1093&l=sp&t=sj&a=data |search-v3|navbg,Full Time, Administration  Admin Assistant  Office management  English, 3 - 5 Yrs of Exp 
Leads Generation Specialist (Telemarketing),BI-Technologies,"New Cairo, Cairo, Egypt",29 days ago,https://wuzzuf.net/jobs/p/E5VM36faRgrF-Leads-Generation-Specialist-Telemarketing-BI-Technologies-Cairo-Egypt?o=1094&l=sp&t=sj&a=data |search-v3|navbg,Full Time, females_only  Customer Service/Support  Marketing/PR/Advertising  Sales/Retail  Telesales  Telamarketing  Business Administration  Sales  Sales Target  Sales Skills  Customer Service, 1 - 4 Yrs of Exp 
Bilingual Sales Agent ( Italian & English ),OceanAir Travels,"Cairo, Egypt",29 days ago,https://wuzzuf.net/jobs/p/96zT46jo2CUI-Bilingual-Sales-Agent-Italian-English-OceanAir-Travels-Cairo-Egypt?o=1095&l=sp&t=sj&a=data |search-v3|navbg,Full Time, Tourism/Travel  negotiation skills  Sales Target  Sales  Tourism  Travel  Tours  Excursions  Italian  English, 1 - 3 Yrs of Exp 
Bilingual Sales Agent ( Spanish & English ),OceanAir Travels,"Cairo, Egypt",29 days ago,https://wuzzuf.net/jobs/p/PqZBChKI0uVL-Bilingual-Sales-Agent-Spanish-English-OceanAir-Travels-Cairo-Egypt?o=1096&l=sp&t=sj&a=data |search-v3|navbg,Full Time, Tourism/Travel  English  Negotiation  sales skills  Sales Target  Travel  Tourism  Tours  Excursions, 1 - 3 Yrs of Exp 
Bilingual Sales Agent ( French & English ),OceanAir Travels,"Cairo, Egypt",29 days ago,https://wuzzuf.net/jobs/p/sd40SX6imf8s-Bilingual-Sales-Agent-French-English-OceanAir-Travels-Cairo-Egypt?o=1097&l=sp&t=sj&a=data |search-v3|navbg,Full Time, Tourism/Travel  Communication skills  Sales Target  English  negotiation skills  Tourism  Travel  French  Tours  Excursions, 1 - 3 Yrs of Exp 
Purchasing Specialist - Construction,Tanmia,"Giza, Egypt",29 days ago,https://wuzzuf.net/jobs/p/QNY4zB6PZD39-Purchasing-Specialist---Construction-Tanmia-Giza-Egypt?o=1098&l=sp&t=sj&a=data |search-v3|navbg,Full Time, Purchasing/Procurement  Supply Chain  Purchasing  Procurement  Logistics  Construction, 5+ Yrs of Exp 
Civil Site Engineer,Home Gate Construction,"Sohag, Egypt",29 days ago,https://wuzzuf.net/jobs/p/ANSeKfvmsJwj-Civil-Site-Engineer-Home-Gate-Construction-Sohag-Egypt?o=1099&l=sp&t=sj&a=data |search-v3|navbg,Full Time, Engineering - Construction/Civil/Architecture  Installation/Maintenance/Repair  Civil Engineering  Construction  Engineering, 4 - 6 Yrs of Exp 
Stock Controller,Middle east tags,"Heliopolis, Cairo, Egypt",29 days ago,https://wuzzuf.net/jobs/p/zjkBcujUVRNZ-Stock-Controller-Middle-east-tags-Cairo-Egypt?o=1100&l=sp&t=sj&a=data |search-v3|navbg,Full Time, Accounting/Finance  Logistics/Supply Chain  Purchasing/Procurement  Stock  Stock Control  Stock controller  Logistics  Accounting, 1 - 3 Yrs of Exp 
Accountant,Al Medadsoft,"Tripoli, Libya",29 days ago,https://wuzzuf.net/jobs/p/LX4URlkBETPQ-Accountant-Al-Medadsoft-Tripoli-Libya?o=1101&l=sp&t=sj&a=data |search-v3|navbg,Full Time, Accounting/Finance  Financial Management  Accounting Software, 3 - 5 Yrs of Exp 
Direct Sales Executive,OSN,"Cairo, Egypt",29 days ago,https://wuzzuf.net/jobs/p/ZmVAFMXy660S-Direct-Sales-Executive-OSN-Cairo-Egypt?o=1102&l=sp&t=sj&a=data |search-v3|navbg,Full Time, Business Development  Sales/Retail  Direct Sales  Sales  Sales Executive  sales skills  Sales Target  Executive  Retail  Real Estate, 0 - 10 Yrs of Exp 
Personnel and Payroll Section Head,Confidential,"Nasr City, Cairo, Egypt",29 days ago,https://wuzzuf.net/jobs/p/VXY2Uu6U4TZb-Personnel-and-Payroll-Section-Head-Cairo-Egypt?o=1103&l=sp&t=sj&a=data |search-v3|navbg,Full Time, males_only  Human Resources  Human Resources (HR)  HR  Personnel  Payroll  Social Insurance  Insurance  Recruitment  Labor Law  HR Diploma, 7 - 9 Yrs of Exp 
PVC Pipes Plant Manager,Confidential,"10th of Ramadan City, Cairo, Egypt",29 days ago,https://wuzzuf.net/jobs/p/h6TyPSaGvkfP-PVC-Pipes-Plant-Manager-Cairo-Egypt?o=1104&l=sp&t=sj&a=data |search-v3|navbg,Full Time, males_only  Operations/Management  Manufacturing/Production  Pipes  PVC  Engineering, 12 - 15 Yrs of Exp 
Customer Relation Specialist,EGY TRADE,"Moharam Bek, Alexandria, Egypt",29 days ago,https://wuzzuf.net/jobs/p/PDzALaB0Tz1d-Customer-Relation-Specialist-EGY-TRADE-Alexandria-Egypt?o=1105&l=sp&t=sj&a=data |search-v3|navbg,Full Time, Customer Service/Support  Manufacturing/Production  Marketing/PR/Advertising  Customer Service  Customer Support  Marketing  CRM  Communication skills  Skills  Customer Care, 2 - 4 Yrs of Exp 
Customer Service Coordinator,Confidential,"Heliopolis, Cairo, Egypt",1 month ago,https://wuzzuf.net/jobs/p/NGb7vyinWFTI-Customer-Service-Coordinator-Cairo-Egypt?o=1106&l=sp&t=sj&a=data |search-v3|navbg,Full Time, Customer Service/Support  Sales/Retail  Customer Care  coffee  Retail  whoesale  Customer Support  Operations, 1 - 3 Yrs of Exp 
Finance Reconciliation Officer,NEXtCARE,"New Cairo, Cairo, Egypt",29 days ago,https://wuzzuf.net/jobs/p/2tl6otTVZoJm-Finance-Reconciliation-Officer-NEXtCARE-Cairo-Egypt?o=1107&l=sp&t=sj&a=data |search-v3|navbg,Full Time, males_only  Accounting/Finance  Accounting  Commerce  Finance  English  Financial Management  Insurance  Medical  Financial Analysis  MS Office, 2 - 4 Yrs of Exp 
Java Swing Developer,GetTechForce.com,"Cairo, Egypt",29 days ago,https://wuzzuf.net/jobs/p/KcHYuFNqiLcQ-Java-Swing-Developer-GetTechForce-com-Cairo-Egypt?o=1108&l=sp&t=sj&a=data |search-v3|navbg,Full TimeWork From Home, IT/Software Development  Java  Nginx  React Native  React.js  Java Software Development  API  Computer Science  backend  Information Technology (IT), 3+ Yrs of Exp 
Mechanical Maintenance Sr. Engineer,ICON Holding,"Helwan, Cairo, Egypt",29 days ago,https://wuzzuf.net/jobs/p/He7HklXptafF-Mechanical-Maintenance-Sr-Engineer-ICON-Holding-Cairo-Egypt?o=1109&l=sp&t=sj&a=data |search-v3|navbg,Full Time, Engineering - Mechanical/Electrical  Engineering  Maintenance  Mechanical Engineering  Manufacturing  Mechanical  Mechanical Maintenance  Skills  Leadership  CAD, 3 - 5 Yrs of Exp 
Project Accountant,Firoz Group,"Nasr City, Cairo, Egypt",29 days ago,https://wuzzuf.net/jobs/p/jDsY0GO70D5l-Project-Accountant-Firoz-Group-Cairo-Egypt?o=1110&l=sp&t=sj&a=data |search-v3|navbg,Full Time, Accounting/Finance  Project/Program Management  accountant  Accounting  Finance  Financial Analysis  Financial Management, 3 - 5 Yrs of Exp 
People & Culture Officer,El Sewedy Education - The Knowledge Hub Universities,"New Cairo, Cairo, Egypt",29 days ago,https://wuzzuf.net/jobs/p/mKQzOqEnsh7C-People-Culture-Officer-El-Sewedy-Education---The-Knowledge-Hub-Universities-Cairo-Egypt?o=1111&l=sp&t=sj&a=data |search-v3|navbg,Full Time, Human Resources  Human Resources (HR)  Labor Law  Compensation  Benefits Management  Personnel  Payroll  HR Systems  Medical Insurance  Social Insurance, 1 - 3 Yrs of Exp 
Marketing Manager,Arabiat,"Cairo, Egypt",29 days ago,https://wuzzuf.net/jobs/p/ErSCHA58pMJd-Marketing-Manager-Arabiat-Cairo-Egypt?o=1112&l=sp&t=sj&a=data |search-v3|navbg,Full Time, Marketing/PR/Advertising  Digital Marketing  media  Marketing  Advertising, 7 - 15 Yrs of Exp 
Transport / Logistics Superintendent (Machinery Plant) - KSA - Saudi Arabia,Pillars,"Riyadh, Saudi Arabia",29 days ago,https://wuzzuf.net/jobs/p/E3QC4XLIp5Ge-Transport-Logistics-Superintendent-Machinery-Plant---KSA---Saudi-Arabia-Pillars-Riyadh-Saudi-Arabia?o=1113&l=sp&t=sj&a=data |search-v3|navbg,Full Time, Logistics/Supply Chain  Logistics  Fleet Management  Fleet  ERP  Supply Chain  Transportation, 5 - 10 Yrs of Exp 
HR Coordinator,Fawry for Banking Technology and Electronic Payments S.A.E,"Smart Village, Giza, Egypt",29 days ago,https://wuzzuf.net/jobs/p/94X1A4Dno5sp-HR-Coordinator-Fawry-for-Banking-Technology-and-Electronic-Payments-S-A-E-Giza-Egypt?o=1114&l=sp&t=sj&a=data |search-v3|navbg,Full Time, Human Resources  Communication skills  Communication  English  HR  Human Resources (HR)  MS Office  Microsoft Office, 1 - 2 Yrs of Exp 
Accountant,Confidential,"Jeddah, Saudi Arabia",1 month ago,https://wuzzuf.net/jobs/p/G3ItHs1rlORo-Accountant-Jeddah-Saudi-Arabia?o=1115&l=sp&t=sj&a=data |search-v3|navbg,Full Time, Accounting/Finance  Accounting  accountant, 2 - 5 Yrs of Exp 
Business Development Specialist,Nacita,"Cairo, Egypt",29 days ago,https://wuzzuf.net/jobs/p/rn5YXgOe5Dmx-Business-Development-Specialist-Nacita-Cairo-Egypt?o=1116&l=sp&t=sj&a=data |search-v3|navbg,Full Time, Business Development  Business Development  Logistics  business  B2C Sales, 1 - 3 Yrs of Exp 
MEP construction manager,CSCEC（Egypt – Alamein Downtown Towers project ),"Alamein, Matruh, Egypt",1 month ago,https://wuzzuf.net/jobs/p/A8EXnKH7PX2x-MEP-construction-manager-CSCEC（Egypt-–-Alamein-Downtown-Towers-project-Matruh-Egypt?o=1117&l=sp&t=sj&a=data |search-v3|navbg,Full Time, Engineering - Construction/Civil/Architecture  Civil Engineering  Mechanical, 13 - 18 Yrs of Exp 
Senior Quantity Surveyor,Confidential,"New Cairo, Cairo, Egypt",29 days ago,https://wuzzuf.net/jobs/p/bGXbl3bwG4bu-Senior-Quantity-Surveyor-Cairo-Egypt?o=1118&l=sp&t=sj&a=data |search-v3|navbg,Full Time, Engineering - Construction/Civil/Architecture  Architecture  AutoCAD  Engineering  English  Microsoft Office  Civil Engineering  architectural  Quantity Surveying  BOQ, 8 - 20 Yrs of Exp 
Internal Auditor,Confidential,"Gharbia, Egypt",1 month ago,https://wuzzuf.net/jobs/p/Ww9CgxbABsV3-Internal-Auditor-Gharbia-Egypt?o=1119&l=sp&t=sj&a=data |search-v3|navbg,Full Time, males_only  Accounting/Finance  Quality  Audit  Analysis  Quality Assurance  Auditing  Risk Management  Accounting  Communication skills  Finance, 2 - 4 Yrs of Exp 
Digital Marketing Specialist - Real Estate,Times Development,"New Cairo, Cairo, Egypt",1 month ago,https://wuzzuf.net/jobs/p/f8uWTYWTvpZC-Digital-Marketing-Specialist---Real-Estate-Times-Development-Cairo-Egypt?o=1120&l=sp&t=sj&a=data |search-v3|navbg,Full Time, Marketing/PR/Advertising  Sales/Retail  Media/Journalism/Publishing  Digital Marketing  Google Adwords  Social Media  Advertising  Content  Design  Digital, 2 - 5 Yrs of Exp 
Accounting Supervisor,Veexia,"Heliopolis, Cairo, Egypt",1 month ago,https://wuzzuf.net/jobs/p/XItR0Bvhtxzp-Accounting-Supervisor-Veexia-Cairo-Egypt?o=1121&l=sp&t=sj&a=data |search-v3|navbg,Full Time, Accounting/Finance  Pharmaceutical  Accounting  Computer Skills  Financial Analysis, 3 - 6 Yrs of Exp 
Head of Digital Marketing for SaaS Startup (Nugttah),Nugttah,"Riyadh, Saudi Arabia",30 days ago,https://wuzzuf.net/jobs/p/vtr9CQJcICvT-Head-of-Digital-Marketing-for-SaaS-Startup-Nugttah-Nugttah-Riyadh-Saudi-Arabia?o=1122&l=sp&t=sj&a=data |search-v3|navbg,Full TimeWork From Home, Marketing/PR/Advertising  Digital Marketing  SaaS  Social Media, 2 - 20 Yrs of Exp 
Digital Marketing Manager,More electronics,"Downtown, Cairo, Egypt",1 month ago,https://wuzzuf.net/jobs/p/VFwcqivh9Efu-Digital-Marketing-Manager-More-electronics-Cairo-Egypt?o=1123&l=sp&t=sj&a=data |search-v3|navbg,Full Time, Marketing/PR/Advertising  Sales/Retail  Media/Journalism/Publishing  Digital  Digital Marketing  Advertising  E-Marketing  media  Marketing  SEM, 4 - 9 Yrs of Exp 
Market Research Analyst,Dealtio,"Nasr City, Cairo, Egypt",2 months ago,https://wuzzuf.net/jobs/p/pDyeihT9T04S-Market-Research-Analyst-Dealtio-Cairo-Egypt?o=1124&l=sp&t=sj&a=data |search-v3|navbg,Full Time, Marketing/PR/Advertising  Analyst/Research  Creative  business  Management  E-Marketing  Market Research  Web Analytics  Statistics  Export, 1 - 3 Yrs of Exp 
Site Civil Engineer,PAVILLION ARCHITECTS,"New Cairo, Cairo, Egypt",30 days ago,https://wuzzuf.net/jobs/p/iBJVbu8yjdUW-Site-Civil-Engineer-PAVILLION-ARCHITECTS-Cairo-Egypt?o=1125&l=sp&t=sj&a=data |search-v3|navbg,Full Time, Engineering - Construction/Civil/Architecture  Civil  Engineering, 6 - 8 Yrs of Exp 
Operational Excellence Leader,FlairsTech,"Maadi, Cairo, Egypt",30 days ago,https://wuzzuf.net/jobs/p/wc8YSc7aGM5r-Operational-Excellence-Leader-FlairsTech-Cairo-Egypt?o=1126&l=sp&t=sj&a=data |search-v3|navbg,Full Time, Operations/Management  Communication  Operations  Communication skills  English  Leadership  is  Microsoft Excel  Microsoft Office  Skills, 8 - 10 Yrs of Exp 
Software Quality Control Team Lead,Confidential,"Maadi, Cairo, Egypt",30 days ago,https://wuzzuf.net/jobs/p/0j2fjOLCee6V-Software-Quality-Control-Team-Lead-Cairo-Egypt?o=1127&l=sp&t=sj&a=data |search-v3|navbg,Full Time, IT/Software Development  Quality  Engineering - Telecom/Technology  Automation  Computer Science  Information Technology (IT)  MySQL  Quality Control  Security  Software, 9+ Yrs of Exp 
Inside Sales,Knowledge bridge Solutions,"Cairo, Egypt",30 days ago,https://wuzzuf.net/jobs/p/UkmPcxVJIDsI-Inside-Sales-Knowledge-bridge-Solutions-Cairo-Egypt?o=1128&l=sp&t=sj&a=data |search-v3|navbg,Full Time, Customer Service/Support  Sales/Retail  Engineering - Telecom/Technology  Cold Calling  Communication  Customer Service  Inside Sales  Marketing  Negotiation  Sales, 1 - 3 Yrs of Exp 
Presales Engineer.,Target Integrated Systems,"Maadi, Cairo, Egypt",30 days ago,https://wuzzuf.net/jobs/p/04G2cetTuLZa-Presales-Engineer-Target-Integrated-Systems-Cairo-Egypt?o=1129&l=sp&t=sj&a=data |search-v3|navbg,Full Time, IT/Software Development  Sales/Retail  Engineering - Telecom/Technology  Communication  Communication skills  Computer Science  Engineering  Information Technology (IT)  English  network, 2+ Yrs of Exp 
HSE Specialist,Gebalco Misr,"Giza, Egypt",1 month ago,https://wuzzuf.net/jobs/p/DgxvO1OnDwiu-HSE-Specialist-Gebalco-Misr-Giza-Egypt?o=1130&l=sp&t=sj&a=data |search-v3|navbg,Full Time, males_only  Quality  Engineering - Other  Health and Safety  quality  Safety  Construction, 3 - 5 Yrs of Exp 
Oracle HCM Cloud Techno Functional Consultant (Maadi),Ghassan Ahmed Alsulaiman for Electronic Services,"Maadi, Cairo, Egypt",1 month ago,https://wuzzuf.net/jobs/p/d7jcRTo1bbDw-Oracle-HCM-Cloud-Techno-Functional-Consultant-Maadi-Ghassan-Ahmed-Alsulaiman-for-Electronic-Services-Cairo-Egypt?o=1131&l=sp&t=sj&a=data |search-v3|navbg,Full Time, IT/Software Development  Engineering - Telecom/Technology  Oracle  Information Technology (IT)  Cloud  HCM  Techno  Oracle HCM  E-Business Suite  EBS, 2 - 3 Yrs of Exp 
ASIC Verification Engineer,Cisco,"Cairo, Egypt",1 month ago,https://wuzzuf.net/jobs/p/7SMpjvY8LUls-ASIC-Verification-Engineer-Cisco-Cairo-Egypt?o=1132&l=sp&t=sj&a=data |search-v3|navbg,Full Time, IT/Software Development  Engineering - Telecom/Technology  Engineering - Other  ASIC  Verification  Verilog, 2 - 7 Yrs of Exp 
Marketing Representative,KIG Konnice,"10th of Ramadan City, Sharqia, Egypt",1 month ago,https://wuzzuf.net/jobs/p/zYWA1sVUuQNP-Marketing-Representative-KIG-Konnice-Sharqia-Egypt?o=1133&l=sp&t=sj&a=data |search-v3|navbg,Full Time, Marketing/PR/Advertising  Sales/Retail  Marketing  Management  Sales  sales skills  Sales Target  Selling  Communication  Negotiation, 0 - 2 Yrs of Exp 
Purchasing & Supply Chain Coordinator,National Paints,"Obour City, Cairo, Egypt",1 month ago,https://wuzzuf.net/jobs/p/2H4Myw9dH5et-Purchasing-Supply-Chain-Coordinator-National-Paints-Cairo-Egypt?o=1134&l=sp&t=sj&a=data |search-v3|navbg,Full Time, Logistics/Supply Chain  Purchasing/Procurement  Supply Chain  Logistics  Procurement  Purchasing  Microsoft  Microsoft Office  Commerce, 0 - 1 Yrs of Exp 
Financial Analyst,rowaad,"Cairo, Egypt",1 month ago,https://wuzzuf.net/jobs/p/r5ZXk2ECZJ3T-Financial-Analyst-rowaad-Cairo-Egypt?o=1135&l=sp&t=sj&a=data |search-v3|navbg,Work From Home, Accounting/Finance  Financial Analysis  modling, 3 - 20 Yrs of Exp 
Accounting Manager,RE/MAX Avalon,"Alexandria, Egypt",1 month ago,https://wuzzuf.net/jobs/p/BlXCoUaY5DGC-Accounting-Manager-REMAX-Avalon-Alexandria-Egypt?o=1136&l=sp&t=sj&a=data |search-v3|navbg,Full Time, Accounting/Finance  Accounting  Finance  Accounting Manager, 10 - 15 Yrs of Exp 
Property Advisor,MLS Realty,"New Cairo, Cairo, Egypt",1 month ago,https://wuzzuf.net/jobs/p/JOdKhMBKiwwJ-Property-Advisor-MLS-Realty-Cairo-Egypt?o=1137&l=sp&t=sj&a=data |search-v3|navbg,Full Time, Business Development  Customer Service/Support  Sales/Retail  Sales  #Realestate, 1 - 6 Yrs of Exp 
Warehouse Manager,Confidential,"Alexandria, Egypt",1 month ago,https://wuzzuf.net/jobs/p/Os8mSnJB6n7k-Warehouse-Manager-Alexandria-Egypt?o=1138&l=sp&t=sj&a=data |search-v3|navbg,Full Time, males_only  Manufacturing/Production  Sales/Retail  Engineering - Other  Manufacturing  Planning  MS Office  Warehouse  Warehouse Management  Warehousing  Management, 7 - 10 Yrs of Exp 
Accountant,Infotech,"Nasr City, Cairo, Egypt",1 month ago,https://wuzzuf.net/jobs/p/l0wjxeVVh5r5-Accountant-Infotech-Cairo-Egypt?o=1139&l=sp&t=sj&a=data |search-v3|navbg,Full Time, Accounting/Finance  Accounting  Financial Accounting  Payable Accounting  Treasury Accounting  Accounts Receivable  Accounting Reports  Finance  Payroll  Payroll Accounting, 2+ Yrs of Exp 
Contracts Specialist,Talaat Moustafa Group,"Madinaty, Cairo, Egypt",1 month ago,https://wuzzuf.net/jobs/p/uqjzgbMBACeX-Contracts-Specialist-Talaat-Moustafa-Group-Cairo-Egypt?o=1140&l=sp&t=sj&a=data |search-v3|navbg,Full Time, Administration  Legal  Administration  Legal  Admin  Law  Contracts  Retail  English  Contracting, 1 - 3 Yrs of Exp 
Senior Backend Engineer,WUZZUF,"Cairo, Egypt",1 month ago,https://wuzzuf.net/jobs/p/tANMVRQLLaRs-Senior-Backend-Engineer-WUZZUF-Cairo-Egypt?o=1141&l=sp&t=sj&a=data |search-v3|navbg,Full Time, IT/Software Development  backend  Computer Science  engineer  Engineering  Information Technology (IT)  senior  Software Development  Web Development, 4 - 6 Yrs of Exp 
Senior Compensation & Benefits Specialist,Talaat Moustafa Group,"Dokki, Giza, Egypt",1 month ago,https://wuzzuf.net/jobs/p/9znC73nfbjBC-Senior-Compensation-Benefits-Specialist-Talaat-Moustafa-Group-Giza-Egypt?o=1142&l=sp&t=sj&a=data |search-v3|navbg,Full Time, Human Resources  Human Resources (HR)  Compensation  HR  SAP  Communication skills  Human Resources  Benefits Management, 3 - 5 Yrs of Exp 
Senior Oracle Financial Consultant,Solera,"Cairo, Egypt",1 month ago,https://wuzzuf.net/jobs/p/zyNml4YBEZfE-Senior-Oracle-Financial-Consultant-Solera-Cairo-Egypt?o=1143&l=sp&t=sj&a=data |search-v3|navbg,Full Time, IT/Software Development  ERP  Finance  Fusion  Cloud  Oracle Financial  Accounting  Implementation, 5 - 8 Yrs of Exp 
Foreign Procurement Section Head,Al Andalous Pharmaceutical Industries,"6th of October, Giza, Egypt",1 month ago,https://wuzzuf.net/jobs/p/Uzb8Jw1R8xCB-Foreign-Procurement-Section-Head-Al-Andalous-Pharmaceutical-Industries-Giza-Egypt?o=1144&l=sp&t=sj&a=data |search-v3|navbg,Full Time, Logistics/Supply Chain  Pharmaceutical  Purchasing/Procurement  Procurement  Supply Chain  Pharmaceutical  API's  Foregin Procurement, 8 - 10 Yrs of Exp 
Cost Accountant,DELUXE,"Mahta Alraml, Alexandria, Egypt",1 month ago,https://wuzzuf.net/jobs/p/ZNSfB48tZ5II-Cost-Accountant-DELUXE-Alexandria-Egypt?o=1145&l=sp&t=sj&a=data |search-v3|navbg,Full Time, Accounting/Finance  Manufacturing/Production  Cost  accountant  Cost Accountant  Cost Accounting  Financial Analysis  Finance, 3 - 8 Yrs of Exp 
Assistant Sales Manager,Confidential,"Heliopolis, Cairo, Egypt",1 month ago,https://wuzzuf.net/jobs/p/W7kkrrt2oIX2-Assistant-Sales-Manager-Cairo-Egypt?o=1146&l=sp&t=sj&a=data |search-v3|navbg,Full Time, Administration  sales admin  Business Administration  Communication, 3 - 5 Yrs of Exp 
Technical Lead (On-Site),Union Coop,"Dokki, Giza, Egypt",1 month ago,https://wuzzuf.net/jobs/p/ENaEZYWFesI3-Technical-Lead-On-Site-Union-Coop-Giza-Egypt?o=1147&l=sp&t=sj&a=data |search-v3|navbg,Full Time, IT/Software Development  Engineering - Telecom/Technology  Computer Science  Engineering  Information Technology (IT)  MySQL  PHP  Software Engineering  Software Development  Java, 5+ Yrs of Exp 
Retail Manager,CNS Group,"Heliopolis, Cairo, Egypt",1 month ago,https://wuzzuf.net/jobs/p/Cinh3ekBSCEW-Retail-Manager-CNS-Group-Cairo-Egypt?o=1148&l=sp&t=sj&a=data |search-v3|navbg,Full Time, males_preferred  Administration  Operations/Management  Sales/Retail  Retail  Sales Skills  Store Management  Sales, 5 - 10 Yrs of Exp 
Learning And Development Partner,Blue Ribbon,"New Cairo, Cairo, Egypt",2 months ago,https://wuzzuf.net/jobs/p/aRni54UUhu0N-Learning-And-Development-Partner-Blue-Ribbon-Cairo-Egypt?o=1149&l=sp&t=sj&a=data |search-v3|navbg,Full Time, Human Resources  Training/Instructor  Talent  Human Resources (HR)  Management  Talent management  Development  Training  Training Programs  Training Management, 3 - 7 Yrs of Exp 
Senior IOS Developer,Moddakir,"Cairo, Egypt",2 months ago,https://wuzzuf.net/jobs/p/oJcwhXtUwuoe-Senior-IOS-Developer-Moddakir-Cairo-Egypt?o=1150&l=sp&t=sj&a=data |search-v3|navbg,Full Time, IT/Software Development  Computer Science  Software Engineering  Mobile Development  iOS Development  Software Development  Swift  Objective-C, 5+ Yrs of Exp 
Senior Devops Engineer,Trufla,"Heliopolis, Cairo, Egypt",2 months ago,https://wuzzuf.net/jobs/p/8utkBbbUHwff-Senior-Devops-Engineer-Trufla-Cairo-Egypt?o=1151&l=sp&t=sj&a=data |search-v3|navbg,Full Time, IT/Software Development  Engineering - Telecom/Technology  AWS  Azure  Cloud  Computer Science  Docker  Engineering  Information Technology (IT)  Linux, 4+ Yrs of Exp 
Dentist with experience in fixtures and orthodontics (Male/Female),darelmaaly,"Al Ahsa, Saudi Arabia",1 month ago,https://wuzzuf.net/jobs/p/DICqfRtoI8ea-Dentist-with-experience-in-fixtures-and-orthodontics-MaleFemale-darelmaaly-Al-Ahsa-Saudi-Arabia?o=1152&l=sp&t=sj&a=data |search-v3|navbg,Part Time, Medical/Healthcare  HR Specialist  Dentist  Orthodontics  fixtures  specialist, 3 - 10 Yrs of Exp 
Junior Accountant,Confidential,"Nasr City, Cairo, Egypt",1 month ago,https://wuzzuf.net/jobs/p/4NR2VdPbPxvZ-Junior-Accountant-Cairo-Egypt?o=1153&l=sp&t=sj&a=data |search-v3|navbg,Full Time, Accounting/Finance  Accounting  Finance  Double Click Software  Expenses  Petty Cash  Business Administration  Financial Analysis  Financial Management  English, 1 - 2 Yrs of Exp 
Sr. SAP Business One Consultant,Confidential,"Maadi, Cairo, Egypt",1 month ago,https://wuzzuf.net/jobs/p/tvrUn4gJDpNt-Sr-SAP-Business-One-Consultant-Cairo-Egypt?o=1154&l=sp&t=sj&a=data |search-v3|navbg,Full Time, IT/Software Development  Engineering - Telecom/Technology  SAP  Software Development  Software  Project Management  SAP business one  ERP, 2+ Yrs of Exp 
E-Commerce Specialist,Azza Fahmy Jewellery,"Zamalek, Cairo, Egypt",1 month ago,https://wuzzuf.net/jobs/p/Y2I3IkplNtCr-E-Commerce-Specialist-Azza-Fahmy-Jewellery-Cairo-Egypt?o=1155&l=sp&t=sj&a=data |search-v3|navbg,Full Time, Marketing/PR/Advertising  Advertising  Ecommerce  E-Marketing  Social Media  Digital  Media Buying  Google Analytics, 3 - 6 Yrs of Exp 
Accountant,El Handasia for Engineering and Contracting,"Maadi, Cairo, Egypt",1 month ago,https://wuzzuf.net/jobs/p/6yRekzSkG1Kg-Accountant-El-Handasia-for-Engineering-and-Contracting-Cairo-Egypt?o=1156&l=sp&t=sj&a=data |search-v3|navbg,Full Time, Accounting/Finance  Administration  Accounting  Accounting Software, 4 - 5 Yrs of Exp 
Sr. DevOps Engineer,Devexy,"Heliopolis, Cairo, Egypt",1 month ago,https://wuzzuf.net/jobs/p/k0rlz9Rc4rgh-Sr-DevOps-Engineer-Devexy-Cairo-Egypt?o=1157&l=sp&t=sj&a=data |search-v3|navbg,Full Time, IT/Software Development  Kubernetes  Docker  Linux  Python  JavaScript  AWS  Azure  Oracle cloud  SQL Server, 3 - 7 Yrs of Exp 
System Administrator - IT Team Leader,Engosoft,"Nasr City, Cairo, Egypt",1 month ago,https://wuzzuf.net/jobs/p/4x4FqGgpz44m-System-Administrator---IT-Team-Leader-Engosoft-Cairo-Egypt?o=1158&l=sp&t=sj&a=data |search-v3|navbg,Full Time, Administration  IT/Software Development  IT  Information Technology (IT)  Communication  Administration  Engineering  Software  Software Engineering  System Administration, 9 - 15 Yrs of Exp 
Category Manager TVs,Raya Distribution,"Maadi, Cairo, Egypt",1 month ago,https://wuzzuf.net/jobs/p/CMbCzni00gYX-Category-Manager-TVs-Raya-Distribution-Cairo-Egypt?o=1159&l=sp&t=sj&a=data |search-v3|navbg,Full Time, Operations/Management  Category Management  Management, 2 - 7 Yrs of Exp 
Marketing Specialist,Volcano,"Mohandessin, Giza, Egypt",1 month ago,https://wuzzuf.net/jobs/p/LyKIPVBFYufv-Marketing-Specialist-Volcano-Giza-Egypt?o=1160&l=sp&t=sj&a=data |search-v3|navbg,Full Time, Marketing/PR/Advertising  marketing specialist  Marketing  Social Media  media  specialist  SEO  platforms  Content  E-Marketing, 1 - 3 Yrs of Exp 
Product Specialist - Heliopolis,PRT Scientific Office,"Heliopolis, Cairo, Egypt",1 month ago,https://wuzzuf.net/jobs/p/Yk9sFf2qDDcx-Product-Specialist---Heliopolis-PRT-Scientific-Office-Cairo-Egypt?o=1161&l=sp&t=sj&a=data |search-v3|navbg,Full Time, Medical/Healthcare  Sales/Retail  Pharmaceutical  Pharmacy  Veterinary  Medicine  Sales  Customer Service  Pharmaceutical  Cosmetics, 0 - 5 Yrs of Exp 
Product Specialist - Giza,PRT Scientific Office,"Mohandessin, Giza, Egypt",1 month ago,https://wuzzuf.net/jobs/p/V02qsHcDXvBN-Product-Specialist---Giza-PRT-Scientific-Office-Giza-Egypt?o=1162&l=sp&t=sj&a=data |search-v3|navbg,Full Time, Medical/Healthcare  Sales/Retail  Pharmaceutical  Pharmacy  Veterinary  Medicine  Sales  Customer Service  Pharmaceutical  Cosmetics, 0 - 5 Yrs of Exp 
Mechanical Engineer,Hyundai Rotem,"New Cairo, Cairo, Egypt",1 month ago,https://wuzzuf.net/jobs/p/4hItYEfOqW1n-Mechanical-Engineer-Hyundai-Rotem-Cairo-Egypt?o=1163&l=sp&t=sj&a=data |search-v3|navbg,Full Time, Engineering - Mechanical/Electrical  Maintenance  Industrial  Mechanical Engineering  MMIS  Railway  Rolling Stock  Preventive Maintenance  English  Mechanical, 0 - 2 Yrs of Exp 
Electrical / Electronics Engineer,Hyundai Rotem,"New Cairo, Cairo, Egypt",1 month ago,https://wuzzuf.net/jobs/p/tb5wbmdbHGcU-Electrical-Electronics-Engineer-Hyundai-Rotem-Cairo-Egypt?o=1164&l=sp&t=sj&a=data |search-v3|navbg,Full Time, Engineering - Mechanical/Electrical  Electrical Engineering  Electronics Engineering  Engineering  CAD  Electronics  Mechanical Engineering, 2+ Yrs of Exp 
Sales Representative,Nacita,"Cairo, Egypt",1 month ago,https://wuzzuf.net/jobs/p/bcJSBCUtKpic-Sales-Representative-Nacita-Cairo-Egypt?o=1165&l=sp&t=sj&a=data |search-v3|navbg,Full Time, Customer Service/Support  Sales/Retail  Sales Target  Sales  sales skills  Skills, 2 - 4 Yrs of Exp 
Corporate Sales,Nacita,"Cairo, Egypt",1 month ago,https://wuzzuf.net/jobs/p/NhFMf1MRGUAh-Corporate-Sales-Nacita-Cairo-Egypt?o=1166&l=sp&t=sj&a=data |search-v3|navbg,Full Time, Business Development  Customer Service/Support  Sales/Retail  Communication  sales skills  Sales Target  Corporate Sales, 3 - 5 Yrs of Exp 
Managment Assistant,Electrolux,"10th of Ramadan City, Sharqia, Egypt",1 month ago,https://wuzzuf.net/jobs/p/ZE3mDZ80yXcG-Managment-Assistant-Electrolux-Sharqia-Egypt?o=1167&l=sp&t=sj&a=data |search-v3|navbg,Full Time, Administration  Business Administration  Executive Assistant  Office management  Administration  Assistant  Management  Microsoft Office  Secretary  MS Office, 2 - 6 Yrs of Exp 
Sales Admin,Just HR,"Dokki, Giza, Egypt",1 month ago,https://wuzzuf.net/jobs/p/q2mirNY7BmRE-Sales-Admin-Just-HR-Giza-Egypt?o=1168&l=sp&t=sj&a=data |search-v3|navbg,Full Time, Administration  Customer Service/Support  Sales/Retail  Administration  Call Center  fluent english  English  Admin  Sales, 1 - 2 Yrs of Exp 
Senior Safety Engineer - Beni Suef,Titan Cement Egypt,"Beni Suef, Egypt",1 month ago,https://wuzzuf.net/jobs/p/5egv8537nwO9-Senior-Safety-Engineer---Beni-Suef-Titan-Cement-Egypt-Beni-Suef-Egypt?o=1169&l=sp&t=sj&a=data |search-v3|navbg,Full Time, Manufacturing/Production  Engineering - Mechanical/Electrical  Engineering - Other  Communication  OSHA  Safety  NEBOSH  HSSE, 5 - 8 Yrs of Exp 
Senior Safety Engineer - Alexandria,Titan Cement Egypt,"Alexandria, Egypt",1 month ago,https://wuzzuf.net/jobs/p/rYFVr2d2wmCR-Senior-Safety-Engineer---Alexandria-Titan-Cement-Egypt-Alexandria-Egypt?o=1170&l=sp&t=sj&a=data |search-v3|navbg,Full Time, Engineering - Construction/Civil/Architecture  Manufacturing/Production  Engineering - Other  OSHA  NEBOSH  Safety  HSE Management  HSSE, 5 - 8 Yrs of Exp 
Software Sales Account Manager,Bishop Integrated Solutions,"Glim, Alexandria, Egypt",1 month ago,https://wuzzuf.net/jobs/p/k8o85GjBohZs-Software-Sales-Account-Manager-Bishop-Integrated-Solutions-Alexandria-Egypt?o=1171&l=sp&t=sj&a=data |search-v3|navbg,Full Time, females_preferred  Customer Service/Support  IT/Software Development  Sales/Retail  Sales  Software  Software Sales  Customer Service  Communication  Sales Target  Sales Skills, 1 - 3 Yrs of Exp 
Profile Specialist,Argaam,"Mohandessin, Giza, Egypt",1 month ago,https://wuzzuf.net/jobs/p/5UwuHufzaqCJ-Profile-Specialist-Argaam-Giza-Egypt?o=1172&l=sp&t=sj&a=data |search-v3|navbg,Full Time, Accounting/Finance  Customer Service/Support  Analyst/Research  Saudi Market  Finance  Research  Commerce  Administration, 1 - 3 Yrs of Exp 
Sales Representative,OK TAMAM,"6th of October, Giza, Egypt",1 month ago,https://wuzzuf.net/jobs/p/EiOQO2Y5VO1B-Sales-Representative-OK-TAMAM-Giza-Egypt?o=1173&l=sp&t=sj&a=data |search-v3|navbg,Full Time, Sales/Retail  Sales  Experience  Sales Target  Skills  sales skills  Customer Service, 2+ Yrs of Exp 
IT Technical Support - (Help Desk),Raya Customer Experience,"Hurghada, Red Sea, Egypt",1 month ago,https://wuzzuf.net/jobs/p/uS9u4FCwHKzk-IT-Technical-Support---Help-Desk-Raya-Customer-Experience-Red-Sea-Egypt?o=1174&l=sp&t=sj&a=data |search-v3|navbg,Full Time, Installation/Maintenance/Repair  Engineering - Telecom/Technology  Interpersonal skills  Information Technology (IT)  CCNA  Computer Science  Customer Support  Technical Support, 0 - 1 Yrs of Exp 
Mechanical QC Engineer,Power House Egypt,"6th of October, Giza, Egypt",1 month ago,https://wuzzuf.net/jobs/p/nN3ZnkzVyYHg-Mechanical-QC-Engineer-Power-House-Egypt-Giza-Egypt?o=1175&l=sp&t=sj&a=data |search-v3|navbg,Full Time, Quality  Engineering - Mechanical/Electrical  Mechanical Engineering  quality  Quality Control  Mechanical  Engineering, 1 - 4 Yrs of Exp 
Senior SEO Specialist,Confidential,"Maadi, Cairo, Egypt",1 month ago,https://wuzzuf.net/jobs/p/1W9yDJM0KVuk-Senior-SEO-Specialist-Cairo-Egypt?o=1176&l=sp&t=sj&a=data |search-v3|navbg,Full Time, Marketing/PR/Advertising  Media/Journalism/Publishing  Marketing  Market Research  Marketing Strategy  Marketing Plan  Sales Manager  Business Development  Administrative Programs  CRM, 4 - 7 Yrs of Exp 
Quality Assurance Analyst,Fawry for Banking Technology and Electronic Payments S.A.E,"Smart Village, Giza, Egypt",2 months ago,https://wuzzuf.net/jobs/p/aNUBEumxmEIY-Quality-Assurance-Analyst-Fawry-for-Banking-Technology-and-Electronic-Payments-S-A-E-Giza-Egypt?o=1177&l=sp&t=sj&a=data |search-v3|navbg,Full Time, IT/Software Development  Quality  Engineering - Telecom/Technology  Microsoft Excel  Quality Control  Quality Assurance  Skills  English  QA  Quality, 1 - 3 Yrs of Exp 
Senior Python Developer,Trufla,"Heliopolis, Cairo, Egypt",2 months ago,https://wuzzuf.net/jobs/p/WBHqaf7WeZYe-Senior-Python-Developer-Trufla-Cairo-Egypt?o=1178&l=sp&t=sj&a=data |search-v3|navbg,Full Time, IT/Software Development  Engineering - Telecom/Technology  Agile  APIs  AWS  Computer Science  Git  Information Technology (IT)  Linux  Python, 4+ Yrs of Exp 
Content Specialist,Talaat Moustafa Group,"Madinaty, Cairo, Egypt",1 month ago,https://wuzzuf.net/jobs/p/j3hRzGtYXtKC-Content-Specialist-Talaat-Moustafa-Group-Cairo-Egypt?o=1179&l=sp&t=sj&a=data |search-v3|navbg,Full Time, Writing/Editorial  Marketing/PR/Advertising  Media/Journalism/Publishing  Arabic  Content  E-Marketing  Editing  English  facebook  instagram, 1 - 3 Yrs of Exp 
HSE Supervisor,Gebalco Misr,"Cairo, Egypt",1 month ago,https://wuzzuf.net/jobs/p/w5VvwIWJ1nm3-HSE-Supervisor-Gebalco-Misr-Cairo-Egypt?o=1180&l=sp&t=sj&a=data |search-v3|navbg,Full Time, males_only  Operations/Management  Quality  Engineering - Other  Construction  Health and Safety  HSE  quality  Safety  Engineering, 5 - 10 Yrs of Exp 
Purchasing Manager,Anchor Consultancy,"Obour City, Cairo, Egypt",1 month ago,https://wuzzuf.net/jobs/p/Mv6420P9nSmx-Purchasing-Manager-Anchor-Consultancy-Cairo-Egypt?o=1181&l=sp&t=sj&a=data |search-v3|navbg,Full Time, Purchasing/Procurement  Purchasing  Procurement  Skills  negotiation skills  analytical  Microsoft Office, 10 - 15 Yrs of Exp 
Financial Analyst,Cairoscan,"Mohandessin, Giza, Egypt",1 month ago,https://wuzzuf.net/jobs/p/HLvKZrbZVr8R-Financial-Analyst-Cairoscan-Giza-Egypt?o=1182&l=sp&t=sj&a=data |search-v3|navbg,Full Time, Accounting/Finance  Finance  Auditing  Investment  Analysis  Financial Analysis  Cost Analysis, 3 - 7 Yrs of Exp 
"Sales Engineer ""Industrial field""",Ready Pack Technology,"Obour City, Cairo, Egypt",1 month ago,https://wuzzuf.net/jobs/p/sX5rqZtSUkso-Sales-Engineer-Industrial-field-Ready-Pack-Technology-Cairo-Egypt?o=1183&l=sp&t=sj&a=data |search-v3|navbg,Full Time, Sales/Retail  Engineering - Mechanical/Electrical  Engineering - Other  Engineering  Industrial  Sales  Marketing, 3 - 15 Yrs of Exp 
Cost Accountant,Mozare3,"Sheikh Zayed, Giza, Egypt",1 month ago,https://wuzzuf.net/jobs/p/6zrvSqmoVoud-Cost-Accountant-Mozare3-Giza-Egypt?o=1184&l=sp&t=sj&a=data |search-v3|navbg,Full Time, Accounting/Finance  Analyst/Research  Cost Accounting  Accounting, 3 - 5 Yrs of Exp 
Operation Coordinator,Vision,"Nasr City, Cairo, Egypt",2 months ago,https://wuzzuf.net/jobs/p/tiUwGY6v4TQF-Operation-Coordinator-Vision-Cairo-Egypt?o=1185&l=sp&t=sj&a=data |search-v3|navbg,Full Time, males_only  Administration  Logistics/Supply Chain  Operations/Management  Logistics  Operations  Microsoft Office, 1 - 3 Yrs of Exp 
Regional Account Relationship Team lead,Fawry for Banking Technology and Electronic Payments S.A.E,"6th of October, Giza, Egypt",1 month ago,https://wuzzuf.net/jobs/p/Rr6ER8XSbYxc-Regional-Account-Relationship-Team-lead-Fawry-for-Banking-Technology-and-Electronic-Payments-S-A-E-Giza-Egypt?o=1186&l=sp&t=sj&a=data |search-v3|navbg,Full Time, Business Development  Analyst/Research  Sales/Retail  Customer Service  Account Management  Lead Generation  Sales  Marketing  Sales Field  Sales Target, 3 - 6 Yrs of Exp 
Procurement Manager,Urban Estate,"New Cairo, Cairo, Egypt",1 month ago,https://wuzzuf.net/jobs/p/D1PPD9YeRAWI-Procurement-Manager-Urban-Estate-Cairo-Egypt?o=1187&l=sp&t=sj&a=data |search-v3|navbg,Full Time, Engineering - Construction/Civil/Architecture  Logistics/Supply Chain  Purchasing/Procurement  Procurement  Engineering  Construction  Purchasing  Real Estate  Microsoft Office  English, 10 - 18 Yrs of Exp 
Contact Center - Quality Assurance Specialist,Seoudi Supermarket,"Nozha, Cairo, Egypt",1 month ago,https://wuzzuf.net/jobs/p/RIB7LS1uA8Bt-Contact-Center---Quality-Assurance-Specialist-Seoudi-Supermarket-Cairo-Egypt?o=1188&l=sp&t=sj&a=data |search-v3|navbg,Full Time, Customer Service/Support  Operations/Management  Sales/Retail  Communication  Communication skills  Contact Center  Customer Care  Customer Service  Customer Support, 2 - 3 Yrs of Exp 
Electrical QC Engineer,Power House Egypt,"6th of October, Giza, Egypt",1 month ago,https://wuzzuf.net/jobs/p/u17dhZYPBNT7-Electrical-QC-Engineer-Power-House-Egypt-Giza-Egypt?o=1189&l=sp&t=sj&a=data |search-v3|navbg,Full Time, Installation/Maintenance/Repair  Quality  Engineering - Mechanical/Electrical  engineer  Mechanical Engineering  QC  Quality Control  quality  Mechanical  Engineering, 1 - 3 Yrs of Exp 
Accountant,Detailer's for trading and service,"Nasr City, Cairo, Egypt",1 month ago,https://wuzzuf.net/jobs/p/aNwRQryl2XnP-Accountant-Detailers-for-trading-and-service-Cairo-Egypt?o=1190&l=sp&t=sj&a=data |search-v3|navbg,Full Time, Accounting/Finance  Administration  Banking  Accounting  Accounting Software  Finance  Financial  excel  General Ledger  Financial Management, 3 - 4 Yrs of Exp 
Quality Control,Allianz,"New Cairo, Cairo, Egypt",1 month ago,https://wuzzuf.net/jobs/p/HYb4oopNk5vX-Quality-Control-Allianz-Cairo-Egypt?o=1191&l=sp&t=sj&a=data |search-v3|navbg,Full Time, IT/Software Development  ISTQB  SQL  Agile, 2 - 4 Yrs of Exp 
Sales Program Team Leader – Assistant Manager – English,Genpact,"Cairo, Egypt",1 month ago,https://wuzzuf.net/jobs/p/zVFD8ryywRPj-Sales-Program-Team-Leader-–-Assistant-Manager-–-English-Genpact-Cairo-Egypt?o=1192&l=sp&t=sj&a=data |search-v3|navbg,Full Time, Marketing/PR/Advertising  Marketing  Communication  management  team leader, 6 - 10 Yrs of Exp 
HR Senior Organization Development Specialist (Success Factor User),Kasrawy Group,"Abu Rawash, Giza, Egypt",1 month ago,https://wuzzuf.net/jobs/p/jAdMmht3JaUE-HR-Senior-Organization-Development-Specialist-Success-Factor-User-Kasrawy-Group-Giza-Egypt?o=1193&l=sp&t=sj&a=data |search-v3|navbg,Full Time, Business Development  Human Resources  Communication skills  HR  Human Resources (HR)  Organization Development  OD  Communication  Computer Skills  English, 3 - 5 Yrs of Exp 
Digital Marketing Manager,Nile Stock,"Sheikh Zayed, Giza, Egypt",1 month ago,https://wuzzuf.net/jobs/p/9RQO0D7TNW60-Digital-Marketing-Manager-Nile-Stock-Giza-Egypt?o=1194&l=sp&t=sj&a=data |search-v3|navbg,Full Time, Marketing/PR/Advertising  Media/Journalism/Publishing  Digital Marketing  E-Marketing  Marketing  Social Media  Google Analytics  NetInsight  Omniture  HTML, 4 - 10 Yrs of Exp 
Purchasing manager,Confidential,"10th of Ramadan City, Sharqia, Egypt",1 month ago,https://wuzzuf.net/jobs/p/W2x7YGxBlIlg-Purchasing-manager-Sharqia-Egypt?o=1195&l=sp&t=sj&a=data |search-v3|navbg,Full Time, males_preferred  Logistics/Supply Chain  Operations/Management  Purchasing/Procurement  Purchasing  supply chain management  Logistics, 8 - 12 Yrs of Exp 
Project Engineer,Confidential,"Alexandria, Egypt",2 months ago,https://wuzzuf.net/jobs/p/pXnyWzAoYuBW-Project-Engineer-Alexandria-Egypt?o=1196&l=sp&t=sj&a=data |search-v3|navbg,Full Time, Engineering - Construction/Civil/Architecture  Other  Engineering - Oil & Gas/Energy  Civil  AutoCAD  Engineering  Mechanical Engineering  Project Management, 1 - 3 Yrs of Exp 
HR Organization Development Team Leader,Andalusia Group,"Maadi, Cairo, Egypt",1 month ago,https://wuzzuf.net/jobs/p/ktqPmxH9GFqN-HR-Organization-Development-Team-Leader-Andalusia-Group-Cairo-Egypt?o=1197&l=sp&t=sj&a=data |search-v3|navbg,Full Time, Administration  Human Resources  Medical/Healthcare  Communication skills  Computer Science  Development  HR  Human Resources (HR)  English  Management, 2+ Yrs of Exp 
Accounting Manager (Real Estate),AlGammal Contracting,"Nasr City, Cairo, Egypt",2 months ago,https://wuzzuf.net/jobs/p/JeGgpQHwQKlu-Accounting-Manager-Real-Estate-AlGammal-Contracting-Cairo-Egypt?o=1198&l=sp&t=sj&a=data |search-v3|navbg,Full Time, Accounting/Finance  Administration  Operations/Management  Accounting  Accounting Software  Bookkeeping  Computer Skills  Finance  Financial Analysis  Financial Management, 8 - 12 Yrs of Exp 
Foreign Purchasing Specialist,Confidential,"Nasr City, Cairo, Egypt",1 month ago,https://wuzzuf.net/jobs/p/5sH10F6vb9CC-Foreign-Purchasing-Specialist-Cairo-Egypt?o=1199&l=sp&t=sj&a=data |search-v3|navbg,Full Time, Logistics/Supply Chain  Purchasing/Procurement  importing  Foreign Purchasing  Logistics  Supply Chain  Manufacturing, 3 - 5 Yrs of Exp 
Accounting Supervisor,Confidential,"Dokki, Giza, Egypt",2 months ago,https://wuzzuf.net/jobs/p/jombDjSBT1rt-Accounting-Supervisor-Giza-Egypt?o=1200&l=sp&t=sj&a=data |search-v3|navbg,Full Time, Accounting/Finance  Accounting  Accounting Supervisor  Finance  Financial Management  Supervisor  Communication skills  Accounting Software  ERP  English, 4 - 7 Yrs of Exp 
Marketing Manager (Fashion Retail),Al-Nasser,"6th of October, Giza, Egypt",1 month ago,https://wuzzuf.net/jobs/p/oGhfypGu32mP-Marketing-Manager-Fashion-Retail-Al-Nasser-Giza-Egypt?o=1201&l=sp&t=sj&a=data |search-v3|navbg,Full Time, Operations/Management  Marketing/PR/Advertising  Marketing  E-marketing  Advertising  Media  Market Research  B2C  POS  Social Media, 8 - 10 Yrs of Exp 
Software Engineer - Backend (Laravel / PHP),Confidential,"Nasr City, Cairo, Egypt",1 month ago,https://wuzzuf.net/jobs/p/eCTlRFKW4d9Z-Software-Engineer---Backend-Laravel-PHP-Cairo-Egypt?o=1202&l=sp&t=sj&a=data |search-v3|navbg,Full Time, Engineering - Telecom/Technology  Laravel Framework  Laravel  vuejs  JavaScript  Full Stack Development, 3 - 10 Yrs of Exp 
Senior Full Stack Dot Net Developer,Nahr Development,"Mokattam, Cairo, Egypt",1 month ago,https://wuzzuf.net/jobs/p/eTI1JMxoh3RN-Senior-Full-Stack-Dot-Net-Developer-Nahr-Development-Cairo-Egypt?o=1203&l=sp&t=sj&a=data |search-v3|navbg,Full Time, Business Development  IT/Software Development  Project/Program Management  .Net  ASP.Net  Computer Science  CSS  Engineering  HTML  Information Technology (IT), 4 - 8 Yrs of Exp 
Senior Electrical Engineer,Confidential,"New Capital, Cairo, Egypt",1 month ago,https://wuzzuf.net/jobs/p/QFam0iq4MnMB-Senior-Electrical-Engineer-Cairo-Egypt?o=1204&l=sp&t=sj&a=data |search-v3|navbg,Full Time, Engineering - Mechanical/Electrical  Construction  AutoCAD  Electrical  Electrical Engineering  Engineering  Low Current  Low Voltage  Medium Voltage  Projects, 12 - 15 Yrs of Exp 
SAP EAM Consultant,ITGoals,"New Cairo, Cairo, Egypt",1 month ago,https://wuzzuf.net/jobs/p/20BYIZFunfiO-SAP-EAM-Consultant-ITGoals-Cairo-Egypt?o=1205&l=sp&t=sj&a=data |search-v3|navbg,Full Time, Accounting/Finance  IT/Software Development  ABAP  ERP  SAP ERP  SAP  Management  SAP FICO  MRP  HCM, 10+ Yrs of Exp 
Accountant - Food & Beverage,Confidential,"Zamalek, Cairo, Egypt",1 month ago,https://wuzzuf.net/jobs/p/EeCucXSm9b7h-Accountant---Food-Beverage-Cairo-Egypt?o=1206&l=sp&t=sj&a=data |search-v3|navbg,Full Time, Accounting/Finance  Accounting  Beverage  Finance  Food  FMCG  Hospitality  Microsoft Office  Computer Skills  Financial Management, 3 - 5 Yrs of Exp 
Internal Audit Manager,Al Ahly capital holding - Al Ahly Tamkeen,"Maadi, Cairo, Egypt",1 month ago,https://wuzzuf.net/jobs/p/q6OvV22KWmgC-Internal-Audit-Manager-Al-Ahly-capital-holding---Al-Ahly-Tamkeen-Cairo-Egypt?o=1207&l=sp&t=sj&a=data |search-v3|navbg,Full Time, Accounting/Finance  Banking  Audit  Auditing  Internal audit  audit manager  microfinance  Financial Services, 7 - 10 Yrs of Exp 
Office Administrator,RE United group,"Nasr City, Cairo, Egypt",1 month ago,https://wuzzuf.net/jobs/p/QkVJeX61tBpI-Office-Administrator-RE-United-group-Cairo-Egypt?o=1208&l=sp&t=sj&a=data |search-v3|navbg,Full Time, Administration  Administration  Admin Work  Admin Assistant  Microsoft Office  Office Management  Secretary, 2+ Yrs of Exp 
Office Manager,السالم للتطوير العقاري,"Banha, Qalubia, Egypt",1 month ago,https://wuzzuf.net/jobs/p/QFqUryyGMgtV-Office-Manager-السالم-للتطوير-العقاري-Qalubia-Egypt?o=1209&l=sp&t=sj&a=data |search-v3|navbg,Full Time, females_only  Administration  Business Development  Operations/Management  Creative  Administration  Microsoft Office  Office management  Skills  Communication  Human Resources (HR), 5 - 18 Yrs of Exp 
Senior SEO Specialist,Riwaq Al Quran,"Cairo, Egypt",1 month ago,https://wuzzuf.net/jobs/p/wEfMG0Bkxyfc-Senior-SEO-Specialist-Riwaq-Al-Quran-Cairo-Egypt?o=1210&l=sp&t=sj&a=data |search-v3|navbg,Work From Home, Marketing/PR/Advertising  SEO  Digital Marketing  E-Marketing  English  Search Engine  Analytics  Copywriting  Marketing  SEMrush, 2 - 5 Yrs of Exp 
Production Manager - Pharmacist - Pharmaceutical industry,Confidential,"6th of October, Giza, Egypt",1 month ago,https://wuzzuf.net/jobs/p/GPp8cpFgrRol-Production-Manager---Pharmacist---Pharmaceutical-industry-Giza-Egypt?o=1211&l=sp&t=sj&a=data |search-v3|navbg,Full Time, Manufacturing/Production  Pharmaceutical  Engineering - Other  Manufacturing  Production  Planning  Pharmacy  Agriculture  Veterinary  Production Manager, 10 - 16 Yrs of Exp 
Performance Marketing Specialist,Hands of Hope Physical Therapy & Wellness,"Maadi, Cairo, Egypt",2 months ago,https://wuzzuf.net/jobs/p/Ic1ixw2WPbUu-Performance-Marketing-Specialist-Hands-of-Hope-Physical-Therapy-Wellness-Cairo-Egypt?o=1212&l=sp&t=sj&a=data |search-v3|navbg,Full Time, Marketing/PR/Advertising  Marketing  Creative  Social Media  Market Research  SEO  social  Digital  E-Marketing  Google Analytics, 3 - 5 Yrs of Exp 
Software Project Manager,Kick Start Interactive,"Dokki, Giza, Egypt",1 month ago,https://wuzzuf.net/jobs/p/P0YkwwaIRynl-Software-Project-Manager-Kick-Start-Interactive-Giza-Egypt?o=1213&l=sp&t=sj&a=data |search-v3|navbg,Full Time, IT/Software Development  Information Technology (IT)  PMP  Programming  Project Management  Computer Science  Agile, 5 - 8 Yrs of Exp 
Java Web Developer,Masaref,"Cairo, Egypt",1 month ago,https://wuzzuf.net/jobs/p/meafWWDUYRUD-Java-Web-Developer-Masaref-Cairo-Egypt?o=1214&l=sp&t=sj&a=data |search-v3|navbg,Full Time, IT/Software Development  Engineering - Telecom/Technology  Web Development  javaScript  Java  AJAX  HTML5  JQuery  J2EE  Information Technology (IT), 1+ Yrs of Exp 
Quality Assurance Section Head,Confidential,"Bourj Alarab, Alexandria, Egypt",1 month ago,https://wuzzuf.net/jobs/p/y42qTPwLzJOw-Quality-Assurance-Section-Head-Alexandria-Egypt?o=1215&l=sp&t=sj&a=data |search-v3|navbg,Full Time, Quality  ISO 9001  quality  ISO  QA  Quality Assurance  Analysis  iso14001  SOPS, 7+ Yrs of Exp 
Senior Backend Node JS Developer,Shezlong,"Sheikh Zayed, Giza, Egypt",1 month ago,https://wuzzuf.net/jobs/p/5Z1a8uj7lwJm-Senior-Backend-Node-JS-Developer-Shezlong-Giza-Egypt?o=1216&l=sp&t=sj&a=data |search-v3|navbg,Full Time, IT/Software Development  Node.js  coding  Programming, 3 - 5 Yrs of Exp 
Chief Commercial Officer (CCO),Bazzarry For Treading,"Aden, Yemen",1 month ago,https://wuzzuf.net/jobs/p/tVVTeAFEb1gY-Chief-Commercial-Officer-CCO-Bazzarry-For-Treading-Aden-Yemen?o=1217&l=sp&t=sj&a=data |search-v3|navbg,Full Time, Accounting/Finance  Operations/Management  C-Level Executive/GM/Director  Commercial  growth  Marketing  Sales  Business Development  CRM  Finance, 10 - 17 Yrs of Exp 
Factoring Deputy Manager (Financial Leasing Co) - International Firm,Pillars,"Cairo, Egypt",1 month ago,https://wuzzuf.net/jobs/p/osvK9IleAPAA-Factoring-Deputy-Manager-Financial-Leasing-Co---International-Firm-Pillars-Cairo-Egypt?o=1218&l=sp&t=sj&a=data |search-v3|navbg,Full Time, Accounting/Finance  Factoring  Leasing  Financial Services, 6 - 12 Yrs of Exp 
Partner Support Specialist,WebBeds,"Nasr City, Cairo, Egypt",2 months ago,https://wuzzuf.net/jobs/p/KnkfeuBiFYnZ-Partner-Support-Specialist-WebBeds-Cairo-Egypt?o=1219&l=sp&t=sj&a=data |search-v3|navbg,Full Time, Customer Service/Support  Operations/Management  Tourism/Travel  Communication  Customer Care  Customer Service  Customer Support  Contract Negotiation  Travel  Tourism, 1 - 3 Yrs of Exp 
Senior Nodejs Developer,"Nile Bits, LLC","New Cairo, Cairo, Egypt",1 month ago,https://wuzzuf.net/jobs/p/xovbgmzpknWO-Senior-Nodejs-Developer-Nile-Bits-LLC-Cairo-Egypt?o=1220&l=sp&t=sj&a=data |search-v3|navbg,Full Time, IT/Software Development  Angular  HTML  JavaScript  MySQL  OOP  Agile, 5 - 10 Yrs of Exp 
Senior Technical Support Engineer,KUWADICO,"6th of October, Giza, Egypt",1 month ago,https://wuzzuf.net/jobs/p/RwRt8Yh50YxD-Senior-Technical-Support-Engineer-KUWADICO-Giza-Egypt?o=1221&l=sp&t=sj&a=data |search-v3|navbg,Full Time, IT/Software Development  computer  Hardware  Software, 5 - 7 Yrs of Exp 
Procurement Manager,Confidential,"New Cairo, Cairo, Egypt",1 month ago,https://wuzzuf.net/jobs/p/SSL2IVruD9XA-Procurement-Manager-Cairo-Egypt?o=1222&l=sp&t=sj&a=data |search-v3|navbg,Full Time, males_only  Engineering - Construction/Civil/Architecture  Logistics/Supply Chain  Purchasing/Procurement  Construction  Engineering  Procurement  Purchasing  Management  Leadership  Civil, 15 - 20 Yrs of Exp 
IT Section Head,Intersport,"6th of October, Giza, Egypt",1 month ago,https://wuzzuf.net/jobs/p/h1iVHqhGG4Z3-IT-Section-Head-Intersport-Giza-Egypt?o=1223&l=sp&t=sj&a=data |search-v3|navbg,Full Time, IT/Software Development  Engineering - Mechanical/Electrical  Database  Engineering  Management  ITIL  CCNA  Mechanical Engineering  MCSA  Security, 10 - 15 Yrs of Exp 
Legal Affairs Coordinator (Large Real Estate),Pillars,"Cairo, Egypt",1 month ago,https://wuzzuf.net/jobs/p/Lpm6n0PZbYTy-Legal-Affairs-Coordinator-Large-Real-Estate-Pillars-Cairo-Egypt?o=1224&l=sp&t=sj&a=data |search-v3|navbg,Full Time, Administration  Legal  Law  Legal  Legal Affairs  regulatory  Administration  Documentation  Legal Documents, 8 - 11 Yrs of Exp 
Production Development Engineer,Mobica,"Abu Rawash, Giza, Egypt",1 month ago,https://wuzzuf.net/jobs/p/VpBvGvRjTam1-Production-Development-Engineer-Mobica-Giza-Egypt?o=1225&l=sp&t=sj&a=data |search-v3|navbg,Full Time, Engineering - Construction/Civil/Architecture  Creative/Design/Art  Manufacturing/Production  AutoCAD  Engineering  Management  SOLID  Applied Arts  Architectural Engineering  Manufacturing, 2 - 5 Yrs of Exp 
Sales Manager B2B FMCG,El Reefy Trading,"New Cairo, Cairo, Egypt",1 month ago,https://wuzzuf.net/jobs/p/BKdmUVC8ErbG-Sales-Manager-B2B-FMCG-El-Reefy-Trading-Cairo-Egypt?o=1226&l=sp&t=sj&a=data |search-v3|navbg,Full Time, Sales/Retail  Sales  FMCG Sales  Retail  Wholesale  Wholesale Trade, 7 - 11 Yrs of Exp 
Accountant,TH F & B Investments,"Sheraton, Cairo, Egypt",1 month ago,https://wuzzuf.net/jobs/p/fBFiifBxINyI-Accountant-TH-F-B-Investments-Cairo-Egypt?o=1227&l=sp&t=sj&a=data |search-v3|navbg,Full Time, Accounting/Finance  Accounting  Financial Accounting  Food & Beverage  Hospitality, 2 - 4 Yrs of Exp 
Way4 Test Automation Engineer,Network International -Egypt,"New Cairo, Cairo, Egypt",2 months ago,https://wuzzuf.net/jobs/p/XWYyLCl3LXAp-Way4-Test-Automation-Engineer-Network-International--Egypt-Cairo-Egypt?o=1228&l=sp&t=sj&a=data |search-v3|navbg,Full Time, IT/Software Development  Software Testing  Automation Testing  Postman, 4 - 10 Yrs of Exp 
Odoo Developer,Confidential,"Heliopolis, Cairo, Egypt",1 month ago,https://wuzzuf.net/jobs/p/lv1hWmxAZdbi-Odoo-Developer-Cairo-Egypt?o=1229&l=sp&t=sj&a=data |search-v3|navbg,Full TimePart TimeFreelance / Project, IT/Software Development  Odoo  HTML  JavaScript  Python  XML  PostgreSQL  Odoo Development, 4 - 8 Yrs of Exp 
Operational Quality Officer - Giza,Logistica,"6th of October, Giza, Egypt",1 month ago,https://wuzzuf.net/jobs/p/Dv4PaaABlx8Q-Operational-Quality-Officer---Giza-Logistica-Giza-Egypt?o=1230&l=sp&t=sj&a=data |search-v3|navbg,Full Time, males_only  R&D/Science  Quality  Quality Control  QMS  GMP  English  Quality Assurance  quality  Science, 1 - 2 Yrs of Exp 
Product Introduction Field Engineer,Alstom,"Cairo, Egypt",1 month ago,https://wuzzuf.net/jobs/p/nS8dD4Vgc4kP-Product-Introduction-Field-Engineer-Alstom-Cairo-Egypt?o=1231&l=sp&t=sj&a=data |search-v3|navbg,Full Time, Engineering - Telecom/Technology  Engineering - Mechanical/Electrical  Engineering  Mechanical Engineering  Mechatronics Engineering, 2 - 5 Yrs of Exp 
Risk Insurance Manager,Alsahl Group,"Tripoli, Libya",1 month ago,https://wuzzuf.net/jobs/p/BTbvduoSzg6k-Risk-Insurance-Manager-Alsahl-Group-Tripoli-Libya?o=1232&l=sp&t=sj&a=data |search-v3|navbg,Full Time, Business Development  Installation/Maintenance/Repair  Manufacturing/Production  Insurance  Risk  Risk Management, 5 - 18 Yrs of Exp 
Senior iOS Developer (Native),Algoriza,"Cairo, Egypt",1 month ago,https://wuzzuf.net/jobs/p/0T2yGEyOx6nM-Senior-iOS-Developer-Native-Algoriza-Cairo-Egypt?o=1233&l=sp&t=sj&a=data |search-v3|navbg,Full TimeWork From Home, IT/Software Development  Engineering - Telecom/Technology  Software Development  Mobile Development  Mobile  Swift  iOS  Information Technology (IT)  Development  Engineering, 4 - 5 Yrs of Exp 
Warehouse Manager,Confidential,"khanka, Qalubia, Egypt",1 month ago,https://wuzzuf.net/jobs/p/3sCnQpaEOsER-Warehouse-Manager-Qalubia-Egypt?o=1234&l=sp&t=sj&a=data |search-v3|navbg,Full Time, Logistics/Supply Chain  Manufacturing/Production  Warehouse  Warehousing  Supply Chain  Communication  Management  Logistics  Leadership  Storage, 10 - 20 Yrs of Exp 
E-commerce Business Development Manager,Confidential,"Cairo, Egypt",1 month ago,https://wuzzuf.net/jobs/p/mS0OrstA0jzi-E-commerce-Business-Development-Manager-Cairo-Egypt?o=1235&l=sp&t=sj&a=data |search-v3|navbg,Full Time, Business Development  Business development manager  E-Commerce  development manager  Marketing  sales skills, 4+ Yrs of Exp 
Senior Electrical Engineer,Urban Estate,"New Cairo, Cairo, Egypt",1 month ago,https://wuzzuf.net/jobs/p/9ymdn21opf0h-Senior-Electrical-Engineer-Urban-Estate-Cairo-Egypt?o=1236&l=sp&t=sj&a=data |search-v3|navbg,Full Time, males_only  Engineering - Mechanical/Electrical  Electrical Engineering  Construction  Real Estate  Low Current  Medium Voltage  AutoCAD  Low Voltage  Engineering, 7 - 10 Yrs of Exp 
Product Owner/Business Analyst,Nahdet Misr Publishing Group,"Mohandessin, Giza, Egypt",1 month ago,https://wuzzuf.net/jobs/p/EWzeDAgkaNIm-Product-OwnerBusiness-Analyst-Nahdet-Misr-Publishing-Group-Giza-Egypt?o=1237&l=sp&t=sj&a=data |search-v3|navbg,Full Time, IT/Software Development  Media/Journalism/Publishing  Engineering - Telecom/Technology  Analysis  Business Analysis  Product Development  Product Management  Product  business  Development, 1 - 3 Yrs of Exp 
Exhibition Booth 3D Designer,InspireOBS,"Nasr City, Cairo, Egypt",1 month ago,https://wuzzuf.net/jobs/p/xT9JrRD6ywXa-Exhibition-Booth-3D-Designer-InspireOBS-Cairo-Egypt?o=1238&l=sp&t=sj&a=data |search-v3|navbg,Full Time, Creative/Design/Art  Architecture  Auto cad  Design  Adobe Photoshop  AutoCAD  3D  Drawing  English  illustrator, 2 - 4 Yrs of Exp 
Java Full Stack Developer,SANTECHTURE,"Cairo, Egypt",1 month ago,https://wuzzuf.net/jobs/p/7GJVndovqaf8-Java-Full-Stack-Developer-SANTECHTURE-Cairo-Egypt?o=1239&l=sp&t=sj&a=data |search-v3|navbg,Full Time, IT/Software Development  Java  Java full stack, 3 - 6 Yrs of Exp 
Production Shift Leader,Evergrow for Speciality Fertilizers,"Alsadat City, Monufya, Egypt",1 month ago,https://wuzzuf.net/jobs/p/rL3o0iyJQkY2-Production-Shift-Leader-Evergrow-for-Speciality-Fertilizers-Monufya-Egypt?o=1240&l=sp&t=sj&a=data |search-v3|navbg,Full Time, Installation/Maintenance/Repair  Manufacturing/Production  Engineering - Other  Production  Planning  Manufacturing  Fertilizers  Chemistry  Engineering  Science, 6 - 9 Yrs of Exp 
Site Architecture Engineer,Shaker Consultancy Group,"Cairo, Egypt",1 month ago,https://wuzzuf.net/jobs/p/lpTWlgbehvxc-Site-Architecture-Engineer-Shaker-Consultancy-Group-Cairo-Egypt?o=1241&l=sp&t=sj&a=data |search-v3|navbg,Full Time, Engineering - Construction/Civil/Architecture  Architecture  Engineering  Construction, 5 - 7 Yrs of Exp 
Talented PHP Developer,Elev8Assessments,"Giza, Egypt",1 month ago,https://wuzzuf.net/jobs/p/0SLl9hjYGieT-Talented-PHP-Developer-Elev8Assessments-Giza-Egypt?o=1242&l=sp&t=sj&a=data |search-v3|navbg,Full TimePart TimeWork From Home, Installation/Maintenance/Repair  IT/Software Development  Engineering - Telecom/Technology  jQuery  Laravel  PHP  Computer Science  HTML  CSS  Git, 2 - 6 Yrs of Exp 
Senior Project Control Engineer,El-Soadaa Group,"Assiut, Egypt",1 month ago,https://wuzzuf.net/jobs/p/fb1HRlLYnArO-Senior-Project-Control-Engineer-El-Soadaa-Group-Assiut-Egypt?o=1243&l=sp&t=sj&a=data |search-v3|navbg,Full Time, Project/Program Management  Engineering - Telecom/Technology  Construction  Control  Cost  Cost Control  Engineering  Planning  Primavera  Project Management, 5 - 6 Yrs of Exp 
Software Tester | Core Banking,Expleo,"Maadi, Cairo, Egypt",1 month ago,https://wuzzuf.net/jobs/p/eIaachVUpDJm-Software-Tester-Core-Banking-Expleo-Cairo-Egypt?o=1244&l=sp&t=sj&a=data |search-v3|navbg,Full Time, Banking  IT/Software Development  Banking  Computer Science  Quality Control  Software Testing  Testing  Core Banking, 2 - 4 Yrs of Exp 
Account Manager,Nile University,"6th of October, Giza, Egypt",1 month ago,https://wuzzuf.net/jobs/p/BxAFBKnJnAlF-Account-Manager-Nile-University-Giza-Egypt?o=1245&l=sp&t=sj&a=data |search-v3|navbg,Full Time, Marketing/PR/Advertising  Account Management  Business Development  Marketing, 3+ Yrs of Exp 
Customer Service & Complains Officer,Confidential,"Mokattam, Cairo, Egypt",1 month ago,https://wuzzuf.net/jobs/p/zHyzlJStxluO-Customer-Service-Complains-Officer-Cairo-Egypt?o=1246&l=sp&t=sj&a=data |search-v3|navbg,Full Time, Customer Service/Support  Customer Service  Customer Care  Customer Support  Microsoft Office  Communication  English, 1 - 4 Yrs of Exp 
Sales Coordinator,Gulf Cryo,"Heliopolis, Cairo, Egypt",1 month ago,https://wuzzuf.net/jobs/p/znl53pxqNawj-Sales-Coordinator-Gulf-Cryo-Cairo-Egypt?o=1247&l=sp&t=sj&a=data |search-v3|navbg,Full Time, Administration  Marketing/PR/Advertising  Sales/Retail  Admin  Communication  Sales  Sales admin  Sales Target  English  sales skills, 2+ Yrs of Exp 
Supply Chain Coordinator,Spinneys Egypt,"New Cairo, Cairo, Egypt",1 month ago,https://wuzzuf.net/jobs/p/b5PsafI4BZSW-Supply-Chain-Coordinator-Spinneys-Egypt-Cairo-Egypt?o=1248&l=sp&t=sj&a=data |search-v3|navbg,Full Time, Logistics/Supply Chain  Operations/Management  Purchasing/Procurement  Administration  business  Business Administration  Logistics  Microsoft  Microsoft Office  office, 0 - 1 Yrs of Exp 
Civil Engineer,El Farouq Constructions,"Matareya, Cairo, Egypt",1 month ago,https://wuzzuf.net/jobs/p/vQ2ffaaTstG8-Civil-Engineer-Elmohandson-elmotahdon-Cairo-Egypt?o=1249&l=sp&t=sj&a=data |search-v3|navbg,Full Time, Engineering - Construction/Civil/Architecture  Architecture  Civil Engineer  Civil  Construction  Civil Engineering  engineer  Engineering, 2 - 3 Yrs of Exp 
Treasury Accountant,Kasrawy Group,"Mohandessin, Giza, Egypt",1 month ago,https://wuzzuf.net/jobs/p/rxnihuP03Qe4-Treasury-Accountant-Kasrawy-Group-Giza-Egypt?o=1250&l=sp&t=sj&a=data |search-v3|navbg,Full Time, Accounting/Finance  Accounting  Finance  Treasury, 3 - 6 Yrs of Exp 
Cost & Budget Senior Accountant,Centro CDX,"Maadi, Cairo, Egypt",1 month ago,https://wuzzuf.net/jobs/p/0c3MJtHrMh7g-Cost-Budget-Senior-Accountant-Centro-CDX-Cairo-Egypt?o=1251&l=sp&t=sj&a=data |search-v3|navbg,Full Time, Accounting/Finance  Accounting  Accounting principles  Cost Accounting  Cost  excel  Finance  Financial Analysis  Financial Management  Microsoft Office, 4 - 7 Yrs of Exp 
Senior Java Developer,Musala Soft,"Cairo, Egypt",1 month ago,https://wuzzuf.net/jobs/p/UQsY7w58RdCu-Senior-Java-Developer-Musala-Soft-Cairo-Egypt?o=1252&l=sp&t=sj&a=data |search-v3|navbg,Full Time, IT/Software Development  computer  Computer Science  Information Technology (IT)  English  Java  NoSQL  Java EE  Software Development  Software Engineering, 5+ Yrs of Exp 
Accountant Cum Administrator,Salama Automotive Group- SAG,"New Cairo, Cairo, Egypt",1 month ago,https://wuzzuf.net/jobs/p/KqC7TS7wCdfO-Accountant-Cum-Administrator-Salama-Automotive-Group--SAG-Cairo-Egypt?o=1253&l=sp&t=sj&a=data |search-v3|navbg,Full Time, Accounting/Finance  Accounting  Commerce  Finance, 2 - 5 Yrs of Exp 
Moderator,Brandat,"Maadi, Cairo, Egypt",1 month ago,https://wuzzuf.net/jobs/p/gIsEfVKAmVjH-Moderator-Brandat-Cairo-Egypt?o=1254&l=sp&t=sj&a=data |search-v3|navbg,Full Time, Customer Service/Support  E-Marketing  Customer Service, 0 - 2 Yrs of Exp 
Artificial Intelligence Engineer,Arabia for Information Technology,"Cairo, Egypt",2 months ago,https://wuzzuf.net/jobs/p/PfAuiUBT66oR-Artificial-Intelligence-Engineer-Arabia-for-Information-Technology-Cairo-Egypt?o=1255&l=sp&t=sj&a=data |search-v3|navbg,Full Time, IT/Software Development  Engineering - Telecom/Technology  Computer Engineering  Computer Science  Software Development  Information Technology (IT)  Framework  Engineering  English  Communication, 5+ Yrs of Exp 
Flutter Developer,Misr University for Science and Technology,"6th of October, Giza, Egypt",1 month ago,https://wuzzuf.net/jobs/p/EEAsru6EWvoF-Flutter-Developer-Misr-University-for-Science-and-Technology-Giza-Egypt?o=1256&l=sp&t=sj&a=data |search-v3|navbg,Full Time, IT/Software Development  flutter  Mobile Development  Cross-platform, 2 - 4 Yrs of Exp 
Senior Marketing Specialist,Maalem-Group,"New Cairo, Cairo, Egypt",2 months ago,https://wuzzuf.net/jobs/p/pCfdP5d83wLh-Senior-Marketing-Specialist-Maalem-Group-Cairo-Egypt?o=1257&l=sp&t=sj&a=data |search-v3|navbg,Full Time, Marketing/PR/Advertising  Sales/Retail  Market Research  Marketing  Social Media  Technical Marketing  Sales, 5 - 8 Yrs of Exp 
Planning Manager,Shaker Consultancy Group,"New Capital, Cairo, Egypt",1 month ago,https://wuzzuf.net/jobs/p/z4ScqcsmxJXe-Planning-Manager-Shaker-Consultancy-Group-Cairo-Egypt?o=1258&l=sp&t=sj&a=data |search-v3|navbg,Full Time, Engineering - Construction/Civil/Architecture  Planning  Management, 13 - 20 Yrs of Exp 
"Officer, Accreditation & Quality Assurance",ESLSCA University,"6th of October, Giza, Egypt",2 months ago,https://wuzzuf.net/jobs/p/phlWfelnv6Cg-Officer-Accreditation-Quality-Assurance-ESLSCA-University-Giza-Egypt?o=1259&l=sp&t=sj&a=data |search-v3|navbg,Full Time, Quality  Quality Assurance  quality, 5 - 8 Yrs of Exp 
Junior Accountant,Engosoft,"Nasr City, Cairo, Egypt",1 month ago,https://wuzzuf.net/jobs/p/P8ttZXf2EfVO-Junior-Accountant-Engosoft-Cairo-Egypt?o=1260&l=sp&t=sj&a=data |search-v3|navbg,Full Time, Accounting/Finance  Accounting  Communication  English  Finance  Financial Analysis  Math  math skills  Microsoft Office  MS, 1 - 2 Yrs of Exp 
Document Control Specialist,Fawry Microfinance,"Maadi, Cairo, Egypt",1 month ago,https://wuzzuf.net/jobs/p/8YS6Z8DCR2zh-Document-Control-Specialist-Fawry-Microfinance-Cairo-Egypt?o=1261&l=sp&t=sj&a=data |search-v3|navbg,Full Time, Administration  Operations/Management  Document  Document Management  Microsoft Office  Business Administration  Administration  Communication  Document Control, 1 - 3 Yrs of Exp 
Senior Java Developer (Backend - Banking),TRIMETIS,"Cairo, Egypt",1 month ago,https://wuzzuf.net/jobs/p/FGW1ClVqsJN3-Senior-Java-Developer-Backend---Banking-TRIMETIS-Cairo-Egypt?o=1262&l=sp&t=sj&a=data |search-v3|navbg,Full TimeWork From Home, IT/Software Development  Engineering - Telecom/Technology  Microservices  Java  Hibernate  Information Technology (IT)  Computer Science  Software Development  Software Engineering  Spring, 3+ Yrs of Exp 
Senior Planning Engineer,EDECS El Dawlia for Engineering & Contracting,"Ain Sokhna, Suez, Egypt",1 month ago,https://wuzzuf.net/jobs/p/nMy8NIMwMYLQ-Senior-Planning-Engineer-EDECS-El-Dawlia-for-Engineering-Contracting-Suez-Egypt?o=1263&l=sp&t=sj&a=data |search-v3|navbg,Full Time, Engineering - Construction/Civil/Architecture  Engineering - Telecom/Technology  Engineering - Mechanical/Electrical  architectural  Civil  Construction  Engineering  Information Technology (IT)  excel  Microsoft, 5 - 8 Yrs of Exp 
Senior Odoo Implementer,National Technology,"Nasr City, Cairo, Egypt",1 month ago,https://wuzzuf.net/jobs/p/cmpGJkjlFrCx-Senior-Odoo-Implementer-National-Technology-Cairo-Egypt?o=1264&l=sp&t=sj&a=data |search-v3|navbg,Full Time, Accounting/Finance  IT/Software Development  Engineering - Telecom/Technology  Accounting  business  Business Administration  Business Processes  Communication skills  Computer Science  ERP, 3 - 6 Yrs of Exp 
C++ Developer,OpenCode,"Maadi, Cairo, Egypt",1 month ago,https://wuzzuf.net/jobs/p/c4kQmUcGufKh-C-Developer-OpenCode-Cairo-Egypt?o=1265&l=sp&t=sj&a=data |search-v3|navbg,Full Time, IT/Software Development  Engineering - Telecom/Technology  Telecommunication  MNOs  Core  VAS  SS7  VXML  ISUP  MAP, 3+ Yrs of Exp 
Purchasing Coordinator,System Technique,"Abu Rawash, Giza, Egypt",1 month ago,https://wuzzuf.net/jobs/p/4KWl9htDTnbw-Purchasing-Coordinator-System-Technique-Giza-Egypt?o=1266&l=sp&t=sj&a=data |search-v3|navbg,Full Time, Logistics/Supply Chain  Purchasing/Procurement  Purchasing  Materials  Suppliers  Chemistry  Chemistry Products  Water Treatment  Logistics  Business Administration, 1 - 2 Yrs of Exp 
Adminstration Manager,Al-Nasser,"6th of October, Giza, Egypt",1 month ago,https://wuzzuf.net/jobs/p/dpYfFl4QQg4t-Adminstration-Manager-Al-Nasser-Giza-Egypt?o=1267&l=sp&t=sj&a=data |search-v3|navbg,Full Time, Administration  Administration  Admin  administrative  Business Administration, 5 - 10 Yrs of Exp 
Tax Accountant,MTS Logistics,"Bab Sharq, Alexandria, Egypt",2 months ago,https://wuzzuf.net/jobs/p/dbVdG6tGquxA-Tax-Accountant-MTS-Logistics-Alexandria-Egypt?o=1268&l=sp&t=sj&a=data |search-v3|navbg,Full Time, Accounting/Finance  Tax  tax accountant  accountant  Accounting  ERP systems  Financial Analysis  Finance, 3 - 7 Yrs of Exp 
Personnel Specialist,The Egyptian Microfinance Company- Maksab,"Cairo, Egypt",1 month ago,https://wuzzuf.net/jobs/p/PCwUCh2Ft9FS-Personnel-Specialist-The-Egyptian-Microfinance-Company--Maksab-Cairo-Egypt?o=1269&l=sp&t=sj&a=data |search-v3|navbg,Full Time, Administration  Customer Service/Support  Human Resources  Human Resources (HR)  Personnel  Microsoft Office  specialist, 3 - 6 Yrs of Exp 
Security Fences Factory Manager,IMUT International Marathon United Technology,"Obour City, Cairo, Egypt",1 month ago,https://wuzzuf.net/jobs/p/tib0qQyEXj8W-Security-Fences-Factory-Manager-IMUT-International-Marathon-United-Technology-Cairo-Egypt?o=1270&l=sp&t=sj&a=data |search-v3|navbg,Full Time, Project/Program Management  Management  Machinery  Manufacturing  Production  Engineering  Metal, 10 - 12 Yrs of Exp 
Surveyor Manager,TIC,"Cairo, Egypt",2 months ago,https://wuzzuf.net/jobs/p/wkWHkU3zl8Yd-Surveyor-Manager-TIC-Cairo-Egypt?o=1271&l=sp&t=sj&a=data |search-v3|navbg,Full Time, males_only  Engineering - Construction/Civil/Architecture  Engineering - Other  Surveying Engineering  Surveying  Land Surveying, 4 - 10 Yrs of Exp 
Business Development Analyst,Cilantro,"Maadi, Cairo, Egypt",1 month ago,https://wuzzuf.net/jobs/p/cZhyELtzg2Wx-Business-Development-Analyst-Cilantro-Cairo-Egypt?o=1272&l=sp&t=sj&a=data |search-v3|navbg,Full Time, Business Development  Business Development  Business Analysis  Business Analytics  Computer Science  BI  business  Business Administration, 0 - 3 Yrs of Exp 
GL Accountant,ABCO Group,"Bourj Alarab, Alexandria, Egypt",1 month ago,https://wuzzuf.net/jobs/p/pIWgpQEnrKts-GL-Accountant-ABCO-Group-Alexandria-Egypt?o=1273&l=sp&t=sj&a=data |search-v3|navbg,Full Time, Accounting/Finance  Accounting  Finance  AP  Financial Analysis  Microsoft Dynamics AX  Word  Excel  Accounts Payable  Computer Skills, 2 - 4 Yrs of Exp 
Surveyor - New Capital,New Generation Developments,"New Capital, Cairo, Egypt",2 months ago,https://wuzzuf.net/jobs/p/QdMglDWzf5De-Surveyor---New-Capital-New-Generation-Developments-Cairo-Egypt?o=1274&l=sp&t=sj&a=data |search-v3|navbg,Full Time, Engineering - Construction/Civil/Architecture  Engineering - Other  Geography  gps  total station  Engineering  Civil Engineering  AutoCAD  Communication skills  survey, 1 - 4 Yrs of Exp 
Website Admin,Agazat Masr,"Cairo, Egypt",2 months ago,https://wuzzuf.net/jobs/p/SPuIC2c5j2dU-Website-Admin-Agazat-Masr-Cairo-Egypt?o=1275&l=sp&t=sj&a=data |search-v3|navbg,Full Time, Administration  IT/Software Development  Web Development  Web Admin  Admin  Administration  Information Technology (IT)  Microsoft Office  Google Ads, 1 - 3 Yrs of Exp 
School Principal,MASTERY INT.SCHOOL,"Mokattam, Cairo, Egypt",1 month ago,https://wuzzuf.net/jobs/p/myA7d8JFURye-School-Principal-MASTERY-INT-SCHOOL-Cairo-Egypt?o=1276&l=sp&t=sj&a=data |search-v3|navbg,Full Time, Education/Teaching  Principal  School Principal  School  Education, 7 - 10 Yrs of Exp 
Auditor,Target Recruitment  & HR Solutions,"Alexandria, Egypt",1 month ago,https://wuzzuf.net/jobs/p/Ls7FRz9DKQbe-Auditor-Target-Recruitment-HR-Solutions-Alexandria-Egypt?o=1277&l=sp&t=sj&a=data |search-v3|navbg,Full Time, Accounting/Finance  Other  Auditing  Accounting  Finance, 3 - 5 Yrs of Exp 
Digital Marketing Specialist,Confidential,"Heliopolis, Cairo, Egypt",2 months ago,https://wuzzuf.net/jobs/p/3X8YC7D74MS3-Digital-Marketing-Specialist-Cairo-Egypt?o=1278&l=sp&t=sj&a=data |search-v3|navbg,Full Time, Engineering - Construction/Civil/Architecture  Marketing/PR/Advertising  Media/Journalism/Publishing  Content  Digital Marketing  E-Marketing  English  Management  Marketing  media, 5 - 10 Yrs of Exp 
HSE Manager,Confidential,"Beni Suef, Egypt",1 month ago,https://wuzzuf.net/jobs/p/LhxRPyYKQqFm-HSE-Manager-Beni-Suef-Egypt?o=1279&l=sp&t=sj&a=data |search-v3|navbg,Full Time, Operations/Management  Manufacturing/Production  Engineering - Other  quality  HSE  Safety  Engineering, 7 - 10 Yrs of Exp 
Finance Officer,Almosafer,"Mohandessin, Giza, Egypt",1 month ago,https://wuzzuf.net/jobs/p/z58wK1n5ldGF-Finance-Officer-Seera-Group-Giza-Egypt?o=1280&l=sp&t=sj&a=data |search-v3|navbg,Full Time, Accounting/Finance  Accounting  analytical  English  ERP  Finance  Financial Analysis  Financial Management  Tourism  SAP, 1+ Yrs of Exp 
Manufacturing Engineer,IMUT International Marathon United Technology,"Obour City, Cairo, Egypt",1 month ago,https://wuzzuf.net/jobs/p/Cwc5T9DOkG33-Manufacturing-Engineer-IMUT-International-Marathon-United-Technology-Cairo-Egypt?o=1281&l=sp&t=sj&a=data |search-v3|navbg,Full Time, Engineering - Construction/Civil/Architecture  Engineering  fabrication  Mechanical Engineering  Steel Fabrication  English  AutoCAD  Mechanical, 2 - 5 Yrs of Exp 
Media Buyer,Mc Ledger,"Dokki, Giza, Egypt",2 months ago,https://wuzzuf.net/jobs/p/9Abf4z1RqMON-Media-Buyer-Mc-Ledger-Giza-Egypt?o=1282&l=sp&t=sj&a=data |search-v3|navbg,Full Time, Marketing/PR/Advertising  Media/Journalism/Publishing  Advertising  Buyer  Communication  Digital Marketing  Google Ads  Marketing  Google Analytics  Media Buyer, 2 - 4 Yrs of Exp 
HVAC Engineer,Zewail City,"6th of October, Giza, Egypt",1 month ago,https://wuzzuf.net/jobs/p/Vpz6ss4xiKtq-HVAC-Engineer-Zewail-City-Giza-Egypt?o=1283&l=sp&t=sj&a=data |search-v3|navbg,Full Time, Engineering - Mechanical/Electrical  Engineering  HVAC Design  HVAC  Mechanical Engineering  CAD  Communication  Electrical  Electrical Engineering  Mechanical, 5 - 7 Yrs of Exp 
Senior Financial Analyst,Evergrow for Speciality Fertilizers,"Smart Village, Giza, Egypt",1 month ago,https://wuzzuf.net/jobs/p/kIsk3M9Ou6J0-Senior-Financial-Analyst-Evergrow-for-Speciality-Fertilizers-Giza-Egypt?o=1284&l=sp&t=sj&a=data |search-v3|navbg,Full Time, Accounting/Finance  Banking  Analyst/Research  Accounting  Financial Analysis  Financial Management  Finance  Analyst, 5 - 7 Yrs of Exp 
Senior Devops Engineer,Confidential,"Nasr City, Cairo, Egypt",2 months ago,https://wuzzuf.net/jobs/p/41m9RwsYViJr-Senior-Devops-Engineer-Cairo-Egypt?o=1285&l=sp&t=sj&a=data |search-v3|navbg,Full TimeWork From Home, IT/Software Development  Java  DevOps  Engineering  Computer Science  Communication skills  Docker  Jenkins  Information Technology (IT), 4 - 6 Yrs of Exp 
Remote: Content Creator & Video Editor,Seuqel Solutions,"Cairo, Egypt",1 month ago,https://wuzzuf.net/jobs/p/TWOuJcoZ9J9H-Remote-Content-Creator-Video-Editor-Seuqel-Solutions-Cairo-Egypt?o=1286&l=sp&t=sj&a=data |search-v3|navbg,Full TimePart Time, Marketing/PR/Advertising  Media/Journalism/Publishing  Content  Creative  Design  Digital  Digital Marketing  Editing  Graphic Design  Marketing, 3 - 5 Yrs of Exp 
User Experience Lead,Aman,"Giza, Egypt",1 month ago,https://wuzzuf.net/jobs/p/aWF9W1AbsYeb-User-Experience-Lead-Aman-Giza-Egypt?o=1287&l=sp&t=sj&a=data |search-v3|navbg,Full Time, Creative/Design/Art  IT/Software Development  Engineering - Telecom/Technology  Customer Care  User Experience  Software  CRM  Design  Information Systems  Information Technology (IT), 7+ Yrs of Exp 
Senior Media Buyer,Confidential,"Maadi, Cairo, Egypt",1 month ago,https://wuzzuf.net/jobs/p/LxuD28TvJSHW-Senior-Media-Buyer-Cairo-Egypt?o=1288&l=sp&t=sj&a=data |search-v3|navbg,Full Time, Medical/Healthcare  Media/Journalism/Publishing  media buyer  Digital Marketing  ads, 2+ Yrs of Exp 
Credit analyst,EL-Mobadara,"Giza, Egypt",2 months ago,https://wuzzuf.net/jobs/p/6OQu8L8CkO4E-Credit-analyst-EL-Mobadara-Giza-Egypt?o=1289&l=sp&t=sj&a=data |search-v3|navbg,Full Time, Accounting/Finance  Banking  Analyst/Research  Accounting  credit  Financial Analysis  Finance, 2 - 5 Yrs of Exp 
ERP Implementer,2B Corporate Solutions,"Mit Ghamr, Dakahlia, Egypt",1 month ago,https://wuzzuf.net/internship/0WFkD3C6cqVi-ERP-Implementer-2B-Corporate-Solutions-Dakahlia-Egypt?o=1290&l=sp&t=sj&a=data |search-v3|navbg,Internship, English  ERP  ERP System  Implementation  Information Technology (IT)  Commerce, IT/Software Development 
Maintenance Engineer,MB for Engineering,"Alsadat City, Monufya, Egypt",1 month ago,https://wuzzuf.net/jobs/p/14RISzUxNnUj-Maintenance-Engineer-MB-for-Engineering-Monufya-Egypt?o=1291&l=sp&t=sj&a=data |search-v3|navbg,Full Time, Installation/Maintenance/Repair  Engineering - Other  Mechanical Engineering  Engineering  Maintenance  Maintenance Engineering, 3 - 5 Yrs of Exp 
Assistant Product Manager,Infinity Clinic Pharma,"Nasr City, Cairo, Egypt",1 month ago,https://wuzzuf.net/jobs/p/cr5Vo9wnEsWT-Assistant-Product-Manager-Infinity-Clinic-Pharma-Cairo-Egypt?o=1292&l=sp&t=sj&a=data |search-v3|navbg,Full Time, Marketing/PR/Advertising  Medical/Healthcare  Sales/Retail  Communication skills  English  Pharmacy  Sales  Veterinary  Sales Field  Marketing, 1 - 3 Yrs of Exp 
Civil Site Engineer,Confidential,"Nasr City, Cairo, Egypt",1 month ago,https://wuzzuf.net/jobs/p/xQKSah3rQJsR-Civil-Site-Engineer-Cairo-Egypt?o=1293&l=sp&t=sj&a=data |search-v3|navbg,Full Time, Engineering - Construction/Civil/Architecture  Construction  Engineering  Civil Engineering  Architecture  Site  Project  Civil  AutoCAD  Project Management, 5 - 8 Yrs of Exp 
Senior Mechanical design engineer,Saudi-firmness,"Katameya, Cairo, Egypt",1 month ago,https://wuzzuf.net/jobs/p/GltxTWgoedBs-Senior-Mechanical-design-engineer-Saudi-firmness-Cairo-Egypt?o=1294&l=sp&t=sj&a=data |search-v3|navbg,Full Time, Engineering - Other  Mechanical Engineering  Design, 8 - 10 Yrs of Exp 
Finance & Accounting Manager,Hands of Hope Physical Therapy & Wellness,"Maadi, Cairo, Egypt",2 months ago,https://wuzzuf.net/jobs/p/sHPJWp0qauFp-Finance-Accounting-Manager-Hands-of-Hope-Physical-Therapy-Wellness-Cairo-Egypt?o=1295&l=sp&t=sj&a=data |search-v3|navbg,Full Time, Accounting/Finance  Accounting  excel  English  Financial Analysis  Microsoft Excel  accountant  Communication skills  Financial Management  Finance, 4 - 6 Yrs of Exp 
Junior Accountant,Confidential,"Heliopolis, Cairo, Egypt",1 month ago,https://wuzzuf.net/jobs/p/B3m6X2so6vQJ-Junior-Accountant-Cairo-Egypt?o=1296&l=sp&t=sj&a=data |search-v3|navbg,Full Time, Accounting/Finance  Accounting  Finance  MS Office  Financial  Junior Accountant  Microsoft Office, 1 - 2 Yrs of Exp 
Marketing & Sales Manager,National Steel Fabrication (NSF),"Cairo, Egypt",1 month ago,https://wuzzuf.net/jobs/p/AdAaDS3YDlAY-Marketing-Sales-Manager-National-Steel-Fabrication-NSF-Cairo-Egypt?o=1297&l=sp&t=sj&a=data |search-v3|navbg,Full Time, Business Development  Marketing/PR/Advertising  Sales/Retail  Manager  Marketing  Sales Manager  Sales  sales skills, 6 - 10 Yrs of Exp 
Supply Chain Manager,Grand Plast,"Qalubia, Egypt",1 month ago,https://wuzzuf.net/jobs/p/PeZCNEjbhTIG-Supply-Chain-Manager-Grand-Plast-Qalubia-Egypt?o=1298&l=sp&t=sj&a=data |search-v3|navbg,Full Time, males_only  Logistics/Supply Chain  Operations/Management  Purchasing/Procurement  Procurement  Logistics  Purchasing  Suppliers  Supply  Supply Chain  supply chain management, 10 - 15 Yrs of Exp 
Telecom Engineer,OpenCode,"Maadi, Cairo, Egypt",1 month ago,https://wuzzuf.net/jobs/p/DLu9nypRdhSX-Telecom-Engineer-OpenCode-Cairo-Egypt?o=1299&l=sp&t=sj&a=data |search-v3|navbg,Full Time, IT/Software Development  Engineering - Telecom/Technology  SMPP  INAP  HLR  Perl  PHP  Python  SS7  Sigtran, 3+ Yrs of Exp 
Senior Maintenance Engineer,Breadfast,"Cairo, Egypt",1 month ago,https://wuzzuf.net/jobs/p/MKXsm8uev79u-Senior-Maintenance-Engineer-Breadfast-Cairo-Egypt?o=1300&l=sp&t=sj&a=data |search-v3|navbg,Full Time, Engineering - Mechanical/Electrical  Electrical  Engineering  Maintenance  Mechanical  Project  senior, 5 - 8 Yrs of Exp 
Site Technical Office Engineer,Confidential,"Cairo, Egypt",1 month ago,https://wuzzuf.net/jobs/p/SFm5dgewGfYc-Site-Technical-Office-Engineer-Cairo-Egypt?o=1301&l=sp&t=sj&a=data |search-v3|navbg,Full Time, Engineering - Construction/Civil/Architecture  Engineering - Mechanical/Electrical  Electrical  Engineering  Mechanical  technical  HVAC, 3 - 10 Yrs of Exp 
Product Manager (Pharmaceutical) (Pedia Experience),Orchidia Pharmaceutical Industries,"Obour City, Cairo, Egypt",2 months ago,https://wuzzuf.net/jobs/p/60zyFv1Q9drr-Product-Manager-Pharmaceutical-Pedia-Experience-Orchidia-Pharmaceutical-Industries-Cairo-Egypt?o=1302&l=sp&t=sj&a=data |search-v3|navbg,Full Time, Marketing/PR/Advertising  Pharmaceutical  Marketing  Product Management  Marketing Planning  Marketing Strategies  Pharmacy  Pharmaceutical  Advertising  Medical, 2 - 5 Yrs of Exp 
Logistic Coordinator,Four Eagles Co,"Nasr City, Cairo, Egypt",2 months ago,https://wuzzuf.net/jobs/p/jcK6eV8wKopv-Logistic-Coordinator-Four-Eagles-Co-Cairo-Egypt?o=1303&l=sp&t=sj&a=data |search-v3|navbg,Full Time, Administration  Logistics/Supply Chain  Pharmaceutical  Administration  Administrative Affairs  Logistics  Pharmaceutical  Pharmaceutical Industry  Supply Chain  Cosmetic Dentistry, 2 - 10 Yrs of Exp 
Call Center Team Leader,Air Arabia,"Agouza, Giza, Egypt",2 months ago,https://wuzzuf.net/jobs/p/Ize1JGTorItT-Call-Center-Team-Leader-Air-Arabia-Giza-Egypt?o=1304&l=sp&t=sj&a=data |search-v3|navbg,Full Time, Customer Service/Support  Tourism/Travel  Call Center  Customer Care  Customer Support  Customer Service  Contact Center  Communication  Supervisor, 2 - 5 Yrs of Exp 
Treasury Accountant,Simplex,"Nasr City, Cairo, Egypt",1 month ago,https://wuzzuf.net/jobs/p/ce26jzm9YYSD-Treasury-Accountant-Simplex-Cairo-Egypt?o=1305&l=sp&t=sj&a=data |search-v3|navbg,Full Time, males_only  Accounting/Finance  Accounting  Finance  Treasury, 2 - 4 Yrs of Exp 
Internal Performance Audit Officer,Nile University,"Sheikh Zayed, Giza, Egypt",1 month ago,https://wuzzuf.net/jobs/p/VTt8BWLrsKYu-Internal-Performance-Audit-Officer-Nile-University-Giza-Egypt?o=1306&l=sp&t=sj&a=data |search-v3|navbg,Full Time, Accounting/Finance  Auditing  Audit  Certified Internal Auditor  Accounting  Financial Analysis  Finance  English  Internal Performance Audit  Internal audit, 5+ Yrs of Exp 
Product Manager (Derma),prima pharm,"Nasr City, Cairo, Egypt",1 month ago,https://wuzzuf.net/jobs/p/E6Qn4fjGqHxS-Product-Manager-Derma-prima-pharm-Cairo-Egypt?o=1307&l=sp&t=sj&a=data |search-v3|navbg,Full Time, Marketing/PR/Advertising  Medical/Healthcare  Pharmaceutical  Product Management  Management  Marketing  Product  Science  Planning  English, 3 - 6 Yrs of Exp 
Mechanical Design Engineer,TELETEC GLOBAL CONTRACTORS,"Mohandessin, Giza, Egypt",1 month ago,https://wuzzuf.net/jobs/p/IxNE8x9jJmPB-Mechanical-Design-Engineer-TELETEC-GLOBAL-CONTRACTORS-Giza-Egypt?o=1308&l=sp&t=sj&a=data |search-v3|navbg,Full Time, Engineering - Mechanical/Electrical  Mechanical Engineering  Design, 5 - 8 Yrs of Exp 
Cash Flow Analyst,Elite Education Group,"New Cairo, Cairo, Egypt",1 month ago,https://wuzzuf.net/jobs/p/GU14MCl7UAjF-Cash-Flow-Analyst-The-International-School-of-Elite-Education-Cairo-Egypt?o=1309&l=sp&t=sj&a=data |search-v3|navbg,Full Time, Accounting/Finance  Accounting  Cash Flow  Finance  Financial Analysis  Financial, 2 - 3 Yrs of Exp 
Financial Analyst,Elite Education Group,"New Cairo, Cairo, Egypt",1 month ago,https://wuzzuf.net/jobs/p/zuZRAOnUccbD-Financial-Analyst-The-International-School-of-Elite-Education-Cairo-Egypt?o=1310&l=sp&t=sj&a=data |search-v3|navbg,Full Time, Accounting/Finance  CFA  Accounting  Financial Analysis  analytical  Finance, 2 - 3 Yrs of Exp 
Senior JavaScript Mobile engineer (Angular/Cordova)- Remote,GetTechForce.com,"Cairo, Egypt",1 month ago,https://wuzzuf.net/jobs/p/3vVNGlwwPAM5-Senior-JavaScript-Mobile-engineer-AngularCordova--Remote-GetTechForce-com-Cairo-Egypt?o=1311&l=sp&t=sj&a=data |search-v3|navbg,Full TimeWork From Home, IT/Software Development  Engineering - Telecom/Technology  JavaScript  React  Frontend  Software Development  Js  React.js  Agile  Angular, 3+ Yrs of Exp 
Mid-level PHP/WordPress Developer (8+ years experience) - Arabic Speaking,9H Capital,"Cairo, Egypt",1 month ago,https://wuzzuf.net/jobs/p/FODrCYKB3zuw-Mid-level-PHPWordPress-Developer-8-years-experience---Arabic-Speaking-9H-Capital-Cairo-Egypt?o=1312&l=sp&t=sj&a=data |search-v3|navbg,Full TimeWork From Home, IT/Software Development  PHP  WordPress  Git  Bitbucket  MySQL  HTML5  Sass  Laravel  Web Design, 8 - 12 Yrs of Exp 
Administrative Assistant,Alarabia Group,"10th of Ramadan City, Cairo, Egypt",1 month ago,https://wuzzuf.net/jobs/p/fE3eBO5BDKFg-Administrative-Assistant-Alarabia-Group-Cairo-Egypt?o=1313&l=sp&t=sj&a=data |search-v3|navbg,Full Time, males_only  Administration  Business Development  Operations/Management  Administration  administrative  Communication  business  excel  Marketing  Microsoft Office, 2 - 4 Yrs of Exp 
IT Help Desk Specialist,Nile Wood,"Alsadat City, Monufya, Egypt",2 months ago,https://wuzzuf.net/jobs/p/fTDS0Yq416FP-IT-Help-Desk-Specialist-Nile-Wood-Monufya-Egypt?o=1314&l=sp&t=sj&a=data |search-v3|navbg,Full Time, males_only  Installation/Maintenance/Repair  IT/Software Development  CCNA  computer  CCTV  Help desk  Information Technology (IT)  IT  Computer Science  Office 365, 3 - 5 Yrs of Exp 
Marketing Executive,Nile Wood,"Agouza, Giza, Egypt",2 months ago,https://wuzzuf.net/jobs/p/pztUrgKrPdPv-Marketing-Executive-Nile-Wood-Giza-Egypt?o=1315&l=sp&t=sj&a=data |search-v3|navbg,Full Time, Marketing/PR/Advertising  Media/Journalism/Publishing  Communication  Marketing  Market Research  Creative  Analysis, 2 - 5 Yrs of Exp 
Operations Manager,Mersal,"Maadi, Cairo, Egypt",2 months ago,https://wuzzuf.net/jobs/p/2gsNASumEHZZ-Operations-Manager-Mersal-Cairo-Egypt?o=1316&l=sp&t=sj&a=data |search-v3|navbg,Full Time, Operations/Management  Operations  Operations Management  Leadership  Management  MBA  Communication skills  business  English, 7 - 8 Yrs of Exp 
Budgeting & Costing Manager,Confidential,"Heliopolis, Cairo, Egypt",2 months ago,https://wuzzuf.net/jobs/p/eSjA7CybsrO0-Budgeting-Costing-Manager-Cairo-Egypt?o=1317&l=sp&t=sj&a=data |search-v3|navbg,Full Time, Accounting/Finance  Operations/Management  Analyst/Research  Accounting  CPA  Finance  ERP System  Financial Analysis  MBA  Financial Reporting, 7 - 15 Yrs of Exp 
QA Senior Engineer,Kandil Industries,"10th of Ramadan City, Cairo, Egypt",2 months ago,https://wuzzuf.net/jobs/p/amDVdgXMhdYw-QA-Senior-Engineer-Kandil-Industries-Cairo-Egypt?o=1318&l=sp&t=sj&a=data |search-v3|navbg,Full Time, Quality  Engineering - Mechanical/Electrical  Engineering - Other  Quality Assurance  Quality Control  ERP System  ISO 9001  Industrial Engineering  Six Sigma  Engineering, 3 - 4 Yrs of Exp 
IT Senior Manager,Confidential,"Tanta, Gharbia, Egypt",2 months ago,https://wuzzuf.net/jobs/p/7Xks0eiIuXms-IT-Senior-Manager-Gharbia-Egypt?o=1319&l=sp&t=sj&a=data |search-v3|navbg,Full Time, males_preferred  IT/Software Development  Engineering - Telecom/Technology  Information Technology (IT)  networks  Software Development  IT  Computer Hardware  Administration  Software  Management, 7 - 10 Yrs of Exp 
Digital Marketing Manager,Semak,"Dokki, Giza, Egypt",2 months ago,https://wuzzuf.net/jobs/p/tmAeB9VkyUOs-Digital-Marketing-Manager-Semak-Giza-Egypt?o=1320&l=sp&t=sj&a=data |search-v3|navbg,Full Time, Marketing/PR/Advertising  Pharmaceutical  Digital Marketing  Marketing  Social Media  SEM  Advertising, 7 - 10 Yrs of Exp 
GIS database Administrator,Perfect Presentation,"6th of October, Giza, Egypt",2 months ago,https://wuzzuf.net/jobs/p/yGDN7JxrjYjs-GIS-database-Administrator-Perfect-Presentation-Giza-Egypt?o=1321&l=sp&t=sj&a=data |search-v3|navbg,Full Time, IT/Software Development  Software Development  GIS  Software Engineering  SQL, 5 - 7 Yrs of Exp 
Accountant,A-One Homes,"New Cairo, Cairo, Egypt",1 month ago,https://wuzzuf.net/jobs/p/xreiuqIHOyZY-Accountant-A-One-Homes-Cairo-Egypt?o=1322&l=sp&t=sj&a=data |search-v3|navbg,Full Time, females_only  Accounting/Finance  Accounting  Analytical Skills  Finance  Financial Management  Microsoft Office  English, 0 - 1 Yrs of Exp 
Talent Acquisition Supervisor,Confidential,"Mohandessin, Giza, Egypt",2 months ago,https://wuzzuf.net/jobs/p/BYbmsUIJ9mak-Talent-Acquisition-Supervisor-Giza-Egypt?o=1323&l=sp&t=sj&a=data |search-v3|navbg,Full Time, Human Resources  Human Resources (HR)  Recruitment  Talent Acquisition, 8+ Yrs of Exp 
Process Improvement Executive,Aman,"6th of October, Giza, Egypt",1 month ago,https://wuzzuf.net/jobs/p/bbNlyCtSRpOF-Process-Improvement-Executive-Aman-Giza-Egypt?o=1324&l=sp&t=sj&a=data |search-v3|navbg,Full Time, Quality  Business Development  business  Development  Negotiation  Communication  Sales  Management  analytical  Process Improvement, 1 - 2 Yrs of Exp 
E-commerce Photo Editing Specialist,InstaShop,"Giza, Egypt",1 month ago,https://wuzzuf.net/jobs/p/zyivtM4JedVL-E-commerce-Photo-Editing-Specialist-InstaShop-Giza-Egypt?o=1325&l=sp&t=sj&a=data |search-v3|navbg,Full Time, Retouching  photoshop, Other 
Education Program Specialist,Amideast,"Azarita, Alexandria, Egypt",1 month ago,https://wuzzuf.net/jobs/p/7FnArzSBj6PW-Education-Program-Specialist-Amideast-Alexandria-Egypt?o=1326&l=sp&t=sj&a=data |search-v3|navbg,Full Time, Administration  Business Development  Education/Teaching  Communication  Education  English  Microsoft Word  Programming  Skills  Teaching, 2 - 4 Yrs of Exp 
Senior Financial reporting Analyst,Argaam,"Mohandessin, Giza, Egypt",1 month ago,https://wuzzuf.net/jobs/p/Usu1WUbYmS1x-Senior-Financial-reporting-Analyst-Argaam-Giza-Egypt?o=1327&l=sp&t=sj&a=data |search-v3|navbg,Full Time, Accounting/Finance  Analyst/Research  Financial Analysis  Reporting  analytical  MS Office  Finance, 3 - 5 Yrs of Exp 
Pre-Sales Passive Network and Datacenter engineer,Kepler Solutions,"New Cairo, Cairo, Egypt",1 month ago,https://wuzzuf.net/jobs/p/SIljMu8IdLxj-Pre-Sales-Passive-Network-and-Datacenter-engineer-Kepler-Solutions-Cairo-Egypt?o=1328&l=sp&t=sj&a=data |search-v3|navbg,Full Time, Engineering - Telecom/Technology  Light Current Systems  structure cabling  DataCenter  Light Current  Networking, 3 - 4 Yrs of Exp 
Social Media Specialist,realme,"New Cairo, Cairo, Egypt",1 month ago,https://wuzzuf.net/jobs/p/9TYJdA8cK5Xv-Social-Media-Specialist-realme-Cairo-Egypt?o=1329&l=sp&t=sj&a=data |search-v3|navbg,Full Time, Marketing/PR/Advertising  Media/Journalism/Publishing  facebook  instagram  Social Media  media  Marketing  communications  Design  social, 1 - 3 Yrs of Exp 
CRM Implementer,Bevatel,"Dokki, Giza, Egypt",1 month ago,https://wuzzuf.net/jobs/p/3WmhcOD1vzhU-CRM-Implementer-Bevatel-Giza-Egypt?o=1330&l=sp&t=sj&a=data |search-v3|navbg,Full Time, IT/Software Development  CRM  Information Technology (IT)  Computer Science  V-tiger CRM  Saudi Market  Analytical skills, 1 - 3 Yrs of Exp 
Product Manager,intella,"Dokki, Giza, Egypt",1 month ago,https://wuzzuf.net/jobs/p/Jad0ktoSKgpX-Product-Manager-intella-Giza-Egypt?o=1331&l=sp&t=sj&a=data |search-v3|navbg,Full TimeWork From Home, IT/Software Development  Product Management  business  Sales  Product, 3 - 5 Yrs of Exp 
IT On - Site Support Specialist,Majorel Egypt,"Katameya, Cairo, Egypt",1 month ago,https://wuzzuf.net/jobs/p/j303aezmS2w8-IT-On---Site-Support-Specialist-Majorel-Egypt-Cairo-Egypt?o=1332&l=sp&t=sj&a=data |search-v3|navbg,Full Time, IT/Software Development  Communication  computer  Engineering  Computer Science  English  Hardware  Information Technology (IT)  Management  IT, 1 - 3 Yrs of Exp 
Sales Administrator,Innovation Dental Group for Medical Services,"Heliopolis, Cairo, Egypt",1 month ago,https://wuzzuf.net/jobs/p/9FiWFrVDIS93-Sales-Administrator-Innovation-Dental-Group-for-Medical-Services-Cairo-Egypt?o=1333&l=sp&t=sj&a=data |search-v3|navbg,Full Time, Administration  Customer Service/Support  Sales/Retail  CRM  excel  sales administrator  Sales Support  MS Office, 1 - 5 Yrs of Exp 
Project Management Engineer - Electrical Panel,Chint Egemac,"6th of October, Giza, Egypt",1 month ago,https://wuzzuf.net/jobs/p/hX837eiWjCxZ-Project-Management-Engineer---Electrical-Panel-Chint-Egemac-Giza-Egypt?o=1334&l=sp&t=sj&a=data |search-v3|navbg,Full Time, Project/Program Management  Engineering - Mechanical/Electrical  Project Management  Engineering  Project  Planning  Technical Office  Primavera  Electrical Engineering  Low Voltage, 2 - 4 Yrs of Exp 
Business Intelligence Developer,AGG Information Technology,"Nasr City, Cairo, Egypt",2 months ago,https://wuzzuf.net/jobs/p/Whl1cFbN3jHb-Business-Intelligence-Developer-AGG-Information-Technology-Cairo-Egypt?o=1335&l=sp&t=sj&a=data |search-v3|navbg,Full Time, IT/Software Development  SQL  Database  Power BI  Tableau, 3 - 5 Yrs of Exp 
IT Infrastructure Engineer,Blue Ribbon,"New Cairo, Cairo, Egypt",2 months ago,https://wuzzuf.net/jobs/p/v3DN5Xe6hOm3-IT-Infrastructure-Engineer-Blue-Ribbon-Cairo-Egypt?o=1336&l=sp&t=sj&a=data |search-v3|navbg,Full Time, IT/Software Development  Engineering - Telecom/Technology  Information Technology (IT)  Infrastructure  Engineering  Cisco  Computer Engineering  Computer Science  ITIL  Management, 3+ Yrs of Exp 
Accountant Payable,dkt Egypt,"Nasr City, Cairo, Egypt",2 months ago,https://wuzzuf.net/jobs/p/zytSYMERnboB-Accountant-Payable-dkt-Egypt-Cairo-Egypt?o=1337&l=sp&t=sj&a=data |search-v3|navbg,Full Time, Accounting/Finance  Accounting  Accounts Payable  Finance  Financial Analysis  ERP  ERP System  excel  MS  MS Excel, 3 - 5 Yrs of Exp 
Financial Accountant,Confidential,"Cairo, Egypt",1 month ago,https://wuzzuf.net/jobs/p/sbdFjKaogB7l-Financial-Accountant-Cairo-Egypt?o=1338&l=sp&t=sj&a=data |search-v3|navbg,Full Time, Accounting/Finance  Financial Accounting  excel, 2 - 5 Yrs of Exp 
Technical Sales Support Engineer,Deutschland Technology Limited,"Obour City, Cairo, Egypt",2 months ago,https://wuzzuf.net/jobs/p/mmCxMYsuT3v6-Technical-Sales-Support-Engineer-Deutschland-Technology-Limited-Cairo-Egypt?o=1339&l=sp&t=sj&a=data |search-v3|navbg,Full Time, Sales/Retail  Engineering - Mechanical/Electrical  AutoCAD  Communication  Engineering  Fire Fighting  Mechanical  Microsoft Office  Electrical  English, 1 - 2 Yrs of Exp 
Housekeeping Manager,Blue Ribbon,"New Cairo, Cairo, Egypt",1 month ago,https://wuzzuf.net/jobs/p/wkKwiK0wru28-Housekeeping-Manager-Blue-Ribbon-Cairo-Egypt?o=1340&l=sp&t=sj&a=data |search-v3|navbg,Full Time, Administration  Hospitality/Hotels/Food Services  Operations/Management  Administration  Facility  Facility Management  Hospitality  Housekeeping  Management  Operations, 5+ Yrs of Exp 
Accountant - Alexandria,Rubyred Garment,"Bourj Alarab, Alexandria, Egypt",2 months ago,https://wuzzuf.net/jobs/p/SQdP0k418E2o-Accountant---Alexandria-Rubyred-Garment-Alexandria-Egypt?o=1341&l=sp&t=sj&a=data |search-v3|navbg,Full Time, Accounting/Finance  Accounting  Finance  Commerce  Microsoft Office  Financial Analysis  English  Computer Skills  Accounting Transactions  Financial, 2 - 4 Yrs of Exp 
Market Research Analyst (Banking Sector),Argaam,"Mohandessin, Giza, Egypt",2 months ago,https://wuzzuf.net/jobs/p/rSOtXn9bJKFG-Market-Research-Analyst-Banking-Sector-Argaam-Giza-Egypt?o=1342&l=sp&t=sj&a=data |search-v3|navbg,Full Time, Accounting/Finance  Banking  Analyst/Research  analytical  Banking  Finance  Market Research, 5 - 7 Yrs of Exp 
Modern Trade Sales Manager,Cairo Three A Poultry,"New Cairo, Cairo, Egypt",1 month ago,https://wuzzuf.net/jobs/p/H8EXsiqhtpFA-Modern-Trade-Sales-Manager-Pyramid-Poultry-Co-Cairo-Egypt?o=1343&l=sp&t=sj&a=data |search-v3|navbg,Full Time, Customer Service/Support  Operations/Management  Sales/Retail  FMCG  sales skills  Communication skills  Business Administration  English, 8 - 15 Yrs of Exp 
IT Manager,Confidential,"Nasr City, Cairo, Egypt",2 months ago,https://wuzzuf.net/jobs/p/UaL4hHt8FLoD-IT-Manager-Cairo-Egypt?o=1344&l=sp&t=sj&a=data |search-v3|navbg,Full Time, males_preferred  IT/Software Development  Project/Program Management  Engineering - Telecom/Technology  Administration  Computer Engineering  Computer Science  Computer Hardware  Information Technology (IT)  Software, 7 - 10 Yrs of Exp 
Receivables Accountant,Ready Pack Technology,"Obour City, Cairo, Egypt",1 month ago,https://wuzzuf.net/jobs/p/fm4DhFEX39uW-Receivables-Accountant-Ready-Pack-Technology-Cairo-Egypt?o=1345&l=sp&t=sj&a=data |search-v3|navbg,Full Time, Accounting/Finance  Accounts Receivable  Bookkeeping software  Communication  Financial Analysis  Accounting  Finance, 3 - 6 Yrs of Exp 
Graphic Designer,IVAS,"Agouza, Giza, Egypt",1 month ago,https://wuzzuf.net/jobs/p/P21ml45SZYSR-Graphic-Designer-IVAS-Giza-Egypt?o=1346&l=sp&t=sj&a=data |search-v3|navbg,Full Time, Creative/Design/Art  Graphic Design  Adobe Indesign  Adobe Illustrator  Adobe Photoshop  Adobe After Effects  Design  Digital Marketing  Social Media, 5 - 7 Yrs of Exp 
Security Manager,Blue Ribbon,"New Cairo, Cairo, Egypt",2 months ago,https://wuzzuf.net/jobs/p/u6rKq0SESrr6-Security-Manager-Blue-Ribbon-Cairo-Egypt?o=1347&l=sp&t=sj&a=data |search-v3|navbg,Full Time, Administration  Legal  Military  Police  Leadership  Security  Communication  Hospitality  Reporting  English, 10+ Yrs of Exp 
Python Developer,Synergy Markets,"New Cairo, Cairo, Egypt",2 months ago,https://wuzzuf.net/jobs/p/Coiipd7kP6Za-Python-Developer-Synergy-Markets-Cairo-Egypt?o=1348&l=sp&t=sj&a=data |search-v3|navbg,Freelance / Project, IT/Software Development  back-end  front-end  Python, 4 - 7 Yrs of Exp 
IT Manager,Melco-Mec Egypt for Elevators & Escalators - Mitsubishi,"Dokki, Giza, Egypt",2 months ago,https://wuzzuf.net/jobs/p/4N1TdhtMlhQW-IT-Manager-Melco-Mec-Egypt-for-Elevators-Escalators---Mitsubishi-Giza-Egypt?o=1349&l=sp&t=sj&a=data |search-v3|navbg,Full Time, IT/Software Development  Project/Program Management  Engineering - Telecom/Technology  Information Technology (IT)  Networking  Project Management  Software Development  Software  IT  ERP, 10 - 15 Yrs of Exp 
Tax Accountant,Melco-Mec Egypt for Elevators & Escalators - Mitsubishi,"Dokki, Giza, Egypt",2 months ago,https://wuzzuf.net/jobs/p/T2vV0VBK54w9-Tax-Accountant-Melco-Mec-Egypt-for-Elevators-Escalators---Mitsubishi-Giza-Egypt?o=1350&l=sp&t=sj&a=data |search-v3|navbg,Full Time, Accounting/Finance  Accounting  Taxation  Finance  Financial Analysis  Tax  Tax Accounting  Egyptian Tax System  Accounting principles  Egyptian Tax, 5 - 7 Yrs of Exp 
Odoo Implementer,2CooM,"6th of October, Giza, Egypt",2 months ago,https://wuzzuf.net/jobs/p/SXo4T1dUiwLs-Odoo-Implementer-2CooM-Giza-Egypt?o=1351&l=sp&t=sj&a=data |search-v3|navbg,Full Time, Accounting/Finance  IT/Software Development  ERP  Odoo  Odoo Implementer, 1 - 7 Yrs of Exp 
SEO Expert,Tapleto Host,"Cairo, Egypt",1 month ago,https://wuzzuf.net/jobs/p/haJxrnXWs1Yh-SEO-Expert-Tapleto-Host-Cairo-Egypt?o=1352&l=sp&t=sj&a=data |search-v3|navbg,Full TimeShift BasedWork From Home, IT/Software Development  SEO  Google Analytics  Digital Marketing  Website Analytics  PPC  Marketing  Search Engine, 3+ Yrs of Exp 
Regulatory Affairs Specialist,Confidential,"Cairo, Egypt",2 months ago,https://wuzzuf.net/jobs/p/kSOKspgXqM5E-Regulatory-Affairs-Specialist-Cairo-Egypt?o=1353&l=sp&t=sj&a=data |search-v3|navbg,Full Time, Administration  R&D/Science  Medical/Healthcare  Medical Devices  Regulatory Affairs  Life Science  Medical, 2 - 15 Yrs of Exp 
Recruitment and OD Section Head,Confidential,"Nozha, Cairo, Egypt",2 months ago,https://wuzzuf.net/jobs/p/nin9DICAaCqn-Recruitment-and-OD-Section-Head-Cairo-Egypt?o=1354&l=sp&t=sj&a=data |search-v3|navbg,Full Time, Human Resources  Operations/Management  Human Resources  Human Resources (HR)  Manufacturing  Performance Management  OD  Recruitment  Management  Computer Skills, 7 - 10 Yrs of Exp 
Django,Cyparta,"6th of October, Giza, Egypt",1 month ago,https://wuzzuf.net/jobs/p/A9KBrl8BGqST-Django-Cyparta-Giza-Egypt?o=1355&l=sp&t=sj&a=data |search-v3|navbg,Full Time, IT/Software Development  Computer Science  Django  Python  Information Technology (IT), 1 - 3 Yrs of Exp 
Mid-level Dot Net Software Developer,Kick Start Interactive,"Dokki, Giza, Egypt",2 months ago,https://wuzzuf.net/jobs/p/weXmLjSNPRgZ-Mid-level-Dot-Net-Software-Developer-Kick-Start-Interactive-Giza-Egypt?o=1356&l=sp&t=sj&a=data |search-v3|navbg,Full Time, IT/Software Development  Azure  Git  Software Development  core  SQL  .Net  .Net Framework  .Net Development, 3 - 4 Yrs of Exp 
Node JS Developer,IRIS Studio,"Cairo, Egypt",1 month ago,https://wuzzuf.net/jobs/p/c0YiZeWOXVKq-Node-JS-Developer-IRIS-Studio-Cairo-Egypt?o=1357&l=sp&t=sj&a=data |search-v3|navbg,Full TimeWork From Home, IT/Software Development  Computer Science  Engineering  Information Technology (IT)  Software Development  Node.js, 2 - 5 Yrs of Exp 
Drupal Developer,42 Group,"Cairo, Egypt",2 months ago,https://wuzzuf.net/jobs/p/K479bzHDAPVq-Drupal-Developer-42-Group-Cairo-Egypt?o=1358&l=sp&t=sj&a=data |search-v3|navbg,Part Time, IT/Software Development  Engineering - Telecom/Technology  Drupal  Computer Science  PHP  Information Technology (IT)  Troubleshooting  Telecom Engineering, 3 - 5 Yrs of Exp 
Internal Audit,HCPA,"Riyadh, Saudi Arabia",2 months ago,https://wuzzuf.net/jobs/p/wukPfEZqvGRl-Internal-Audit-HCPA-Riyadh-Saudi-Arabia?o=1359&l=sp&t=sj&a=data |search-v3|navbg,Full Time, Accounting/Finance  Compliance  Internal audit, 3 - 5 Yrs of Exp 
Senior Magento Developer,Bazzarry For Treading,"Cairo, Egypt",2 months ago,https://wuzzuf.net/jobs/p/UqdDRkbdFGDO-Senior-Magento-Developer-Bazzarry-For-Treading-Cairo-Egypt?o=1360&l=sp&t=sj&a=data |search-v3|navbg,Full TimeWork From Home, Business Development  IT/Software Development  Engineering - Telecom/Technology  Computer Science  HTML  Information Technology (IT)  Software Engineering  JavaScript  jQuery  MVC, 3+ Yrs of Exp 
Call Center Manager,Hands of Hope Physical Therapy & Wellness,"Maadi, Cairo, Egypt",1 month ago,https://wuzzuf.net/jobs/p/DWZ4RwfCeb0Y-Call-Center-Manager-Hands-of-Hope-Physical-Therapy-Wellness-Cairo-Egypt?o=1361&l=sp&t=sj&a=data |search-v3|navbg,Full Time, Customer Service/Support  Operations/Management  Sales/Retail  Call Center  CRM  Customer Care  Customer Service  Customer Support  Training  Sales, 8 - 13 Yrs of Exp 
Flutter Developer,Genovity,"6th of October, Giza, Egypt",2 months ago,https://wuzzuf.net/jobs/p/0me1tFzQCF64-Flutter-Developer-Genovity-Giza-Egypt?o=1362&l=sp&t=sj&a=data |search-v3|navbg,Full Time, IT/Software Development  iOS Development  Android Development  flutter  Mobile Development  APIs, 3 - 5 Yrs of Exp 
Software Developer,Spinneys Egypt,"Maadi, Cairo, Egypt",2 months ago,https://wuzzuf.net/jobs/p/gtMc9SdpEBDn-Software-Developer-Spinneys-Egypt-Cairo-Egypt?o=1363&l=sp&t=sj&a=data |search-v3|navbg,Full Time, IT/Software Development  Engineering - Telecom/Technology  Computer Science  Dynamics  Engineering  Information Technology (IT)  computer  Ms dynamics  Software Development  Science, 1 - 3 Yrs of Exp 
Backend Developer (Node.js),Nadeer,"Nasr City, Cairo, Egypt",1 month ago,https://wuzzuf.net/jobs/p/fvdCcU8KKdd7-Backend-Developer-Nodejs-Nadeer-Cairo-Egypt?o=1364&l=sp&t=sj&a=data |search-v3|navbg,Full Time, IT/Software Development  Engineering - Telecom/Technology  Node.js  MongoDB  JavaScript  Computer Science  Information Technology (IT)  Software Development  Training  Web Applications, 2 - 5 Yrs of Exp 
I2C Senior AR Specialist – Management Trainee /Supervisor– French,Genpact,"Cairo, Egypt",2 months ago,https://wuzzuf.net/jobs/p/vMd2auS7lHkH-I2C-Senior-AR-Specialist-–-Management-Trainee-Supervisor–-French-Genpact-Cairo-Egypt?o=1365&l=sp&t=sj&a=data |search-v3|navbg,Full Time, Accounting/Finance  Accounts recievable Supervisor  AR Specialist, 3 - 5 Yrs of Exp 
Chemical Sales Engineer,Tradeasia International,"Cairo, Egypt",2 months ago,https://wuzzuf.net/jobs/p/hE2fr90kWDhS-Chemical-Sales-Engineer-Tradeasia-International-Cairo-Egypt?o=1366&l=sp&t=sj&a=data |search-v3|navbg,Full TimeFreelance / Project, Business Development  Sales/Retail  Chemical Engineering  Chemistry  Sales  Chemical Sales, 0 - 1 Yrs of Exp 
Senior Software Tester,Expert Apps,"Maadi, Cairo, Egypt",1 month ago,https://wuzzuf.net/jobs/p/raWZPEbwEqiJ-Senior-Software-Tester-Expert-Apps-Cairo-Egypt?o=1367&l=sp&t=sj&a=data |search-v3|navbg,Full Time, IT/Software Development  Quality  Engineering - Telecom/Technology  Automation  computer  Computer Science  Information Technology (IT)  Integration  JMeter  Performance, 4+ Yrs of Exp 
Planning Engineer,Abu Gemeaa,"New Cairo, Cairo, Egypt",2 months ago,https://wuzzuf.net/jobs/p/Z9O2P2KJOEXv-Planning-Engineer-Abu-Gemeaa-Cairo-Egypt?o=1368&l=sp&t=sj&a=data |search-v3|navbg,Full Time, Engineering - Construction/Civil/Architecture  Engineering  Civil Engineering  Construction  Architecture  Primavera  Planning  Planning Engineering  Production, 2 - 3 Yrs of Exp 
Graphic Designer,Confidential,"Alexandria, Egypt",1 month ago,https://wuzzuf.net/jobs/p/6YSyn5Fla7Ip-Graphic-Designer-Alexandria-Egypt?o=1369&l=sp&t=sj&a=data |search-v3|navbg,Full Time, Creative/Design/Art  Marketing/PR/Advertising  Media/Journalism/Publishing  Adobe illustrator  Adobe Photoshop  Communication  Design  Editing  Graphic  Graphic Design, 3 - 5 Yrs of Exp 
Cost Accountant,MATGR For Engineering And Trading,"New Cairo, Cairo, Egypt",1 month ago,https://wuzzuf.net/jobs/p/zpQPX2DmEVOv-Cost-Accountant-MATGR-For-Engineering-And-Trading-Cairo-Egypt?o=1370&l=sp&t=sj&a=data |search-v3|navbg,Full Time, males_only  Accounting/Finance  Cost  Cost Accountant  Cost Accounting  Cost Analyst  Accounting, 4 - 6 Yrs of Exp 
Marketing Account Executive,Tawzef,"New Cairo, Cairo, Egypt",2 months ago,https://wuzzuf.net/jobs/p/GjBA8SryBt2a-Marketing-Account-Executive-Tawzef-Cairo-Egypt?o=1371&l=sp&t=sj&a=data |search-v3|navbg,Full Time, Marketing/PR/Advertising  Media/Journalism/Publishing  Communication  Marketing  Negotiation  analytical  Analytical Skills, 5 - 7 Yrs of Exp 
Quality Control Specialist,El Mohandess Print House,"10th of Ramadan City, Sharqia, Egypt",2 months ago,https://wuzzuf.net/jobs/p/aQPin5UWajj3-Quality-Control-Specialist-El-Mohandess-Print-House-Sharqia-Egypt?o=1372&l=sp&t=sj&a=data |search-v3|navbg,Full Time, males_only  Manufacturing/Production  Quality  Quality Control  quality  Manufacturing  Science  Testing  Control, 1 - 3 Yrs of Exp 
Senior Java Software Developer,FlairsTech,"Maadi, Cairo, Egypt",1 month ago,https://wuzzuf.net/jobs/p/hOsEnqfDqCr4-Senior-Java-Software-Developer-FlairsTech-Cairo-Egypt?o=1373&l=sp&t=sj&a=data |search-v3|navbg,Full Time, IT/Software Development  Engineering - Telecom/Technology  Agile  Computer Science  Development  Information Technology (IT)  J2EE  Java  Software  Spring, 4 - 7 Yrs of Exp 
HSE Specialist,Dorra Group,"6th of October, Giza, Egypt",1 month ago,https://wuzzuf.net/jobs/p/3MekljcUDuDR-HSE-Specialist-Dorra-Group-Giza-Egypt?o=1374&l=sp&t=sj&a=data |search-v3|navbg,Full Time, Other  Agriculture  Engineering  HSE  NIOSH  OSHA  quality  Quality Assurance  Safety  Quality Control, 3 - 4 Yrs of Exp 
Telesales Agent,Confidential,"Giza, Egypt",2 months ago,https://wuzzuf.net/jobs/p/0SbS172lzybT-Telesales-Agent-Giza-Egypt?o=1375&l=sp&t=sj&a=data |search-v3|navbg,Full Time, Customer Service/Support  Marketing/PR/Advertising  Sales/Retail  Customer  Customer Service  English  media  Microsoft Office  Skills  Social Media, 1 - 2 Yrs of Exp 
Executive Secretary,Tectra Co.,"Mohandessin, Giza, Egypt",1 month ago,https://wuzzuf.net/jobs/p/GA1euwYQnr35-Executive-Secretary-Tectra-Co-Giza-Egypt?o=1376&l=sp&t=sj&a=data |search-v3|navbg,Full Time, Administration  Administration  Office management  Secretary  Microsoft Office  Construction  Executive Secretary, 3 - 5 Yrs of Exp 
Site Technical Office Manager (BIM) - North Coast,DME Holding,"North Coast, Matruh, Egypt",1 month ago,https://wuzzuf.net/jobs/p/IEr11lrB15aF-Site-Technical-Office-Manager-BIM---North-Coast-DME-Holding-Matruh-Egypt?o=1377&l=sp&t=sj&a=data |search-v3|navbg,Full Time, Engineering - Construction/Civil/Architecture  Civil Engineering  Engineering  English  Civil  Management  Architecture  Construction  Architecture Engineering  Technical Office, 12 - 15 Yrs of Exp 
Business Analyst,Youxel,"Cairo, Egypt",1 month ago,https://wuzzuf.net/jobs/p/G929y5XDSAO0-Business-Analyst-Youxel-Cairo-Egypt?o=1378&l=sp&t=sj&a=data |search-v3|navbg,Full Time, IT/Software Development  Analyst/Research  Engineering - Telecom/Technology  Business Analysis  Information Technology (IT)  Engineering  Software Development  Software  Software Engineering  Computer Science, 3+ Yrs of Exp 
Mechanical Site Engineer - Internship,Sectors Construction,"Cairo, Egypt",1 month ago,https://wuzzuf.net/internship/WeNgHG6jaJnC-Mechanical-Site-Engineer---Internship-Sectors-Construction-Cairo-Egypt?o=1379&l=sp&t=sj&a=data |search-v3|navbg,Internship, Installation/Maintenance/Repair  Engineering - Mechanical/Electrical  Mechanical Engineering  Electrical Engineering  English  Engineering  Construction  Maintenance, 0 - 1 Yrs of Exp 
ADF Developer,Allianz,"New Cairo, Cairo, Egypt",1 month ago,https://wuzzuf.net/jobs/p/IP0jgrcXpa1d-ADF-Developer-Allianz-Cairo-Egypt?o=1380&l=sp&t=sj&a=data |search-v3|navbg,Full Time, IT/Software Development  ADF  Information Technology (IT)  Java, 1 - 3 Yrs of Exp 
Architect - Technical Office Team Leader,Riwaq,"Zamalek, Cairo, Egypt",1 month ago,https://wuzzuf.net/jobs/p/B7IynOgMNy38-Architect---Technical-Office-Team-Leader-Riwaq-Cairo-Egypt?o=1381&l=sp&t=sj&a=data |search-v3|navbg,Full Time, Engineering - Construction/Civil/Architecture  Creative/Design/Art  Architecture  CAD  Design  Drawings  Engineering  Interior Design  Technical Office  technical, 9 - 12 Yrs of Exp 
Supply Chain Manager,Confidential,"6th of October, Giza, Egypt",1 month ago,https://wuzzuf.net/jobs/p/ZkCAUxT6gw0o-Supply-Chain-Manager-Giza-Egypt?o=1382&l=sp&t=sj&a=data |search-v3|navbg,Full Time, Logistics/Supply Chain  Operations/Management  Purchasing/Procurement  Communication skills  Logistics  Supply Chain  Purchasing  Procurement  Negotiation  Leadership, 10 - 15 Yrs of Exp 
Quality Assurance Supervisor,etisal for advanced industries,"6th of October, Giza, Egypt",1 month ago,https://wuzzuf.net/jobs/p/k5eyyq22Qu57-Quality-Assurance-Supervisor-etisal-for-advanced-industries-Giza-Egypt?o=1383&l=sp&t=sj&a=data |search-v3|navbg,Full Time, Quality  Quality Assurance  Auditing  Audit  ISO  ISO 9001  QA  Computer Skills  Training  quality, 5 - 7 Yrs of Exp 
Recruitment Senior,Confidential,"Nasr City, Cairo, Egypt",2 months ago,https://wuzzuf.net/jobs/p/ZzHe6yub1GvK-Recruitment-Senior-Cairo-Egypt?o=1384&l=sp&t=sj&a=data |search-v3|navbg,Full Time, Administration  Human Resources  Human Resources  Human Resources (HR)  Compensation  Recruitment, 5 - 7 Yrs of Exp 
accountant in Cairo,6 October Academy,"Dokki, Giza, Egypt",1 month ago,https://wuzzuf.net/internship/u3jL0OwAeI7d-accountant-in-Cairo-6-October-Academy-Giza-Egypt?o=1385&l=sp&t=sj&a=data |search-v3|navbg,Internship, Accounting/Finance  Preparing budgets  Experience in tax laws  Ability in financial planning and financial analysis  Proficiency in using Microsoft Office programs, 0 - 1 Yrs of Exp 
Warehouse Supervisor,Seoudi Supermarket,"Giza, Egypt",2 months ago,https://wuzzuf.net/jobs/p/HVe0qyBIoD5X-Warehouse-Supervisor-Seoudi-Supermarket-Giza-Egypt?o=1386&l=sp&t=sj&a=data |search-v3|navbg,Full Time, Logistics/Supply Chain  Communication  Management  Logistics  Warehousing  Warehouse Management  Warehouse  Supply Chain, 5 - 7 Yrs of Exp 
Odoo Developer and Consultant,Confidential,"Jeddah, Saudi Arabia",2 months ago,https://wuzzuf.net/jobs/p/gxeOqeOpzjTh-Odoo-Developer-and-Consultant-Jeddah-Saudi-Arabia?o=1387&l=sp&t=sj&a=data |search-v3|navbg,Full Time, Business Development  IT/Software Development  Business Development  Information Technology (IT)  English  Computer Science  Odoo  Communication Skills, 3 - 5 Yrs of Exp 
Invoicing Accountant freight Forwarding,Alexandria Trading and Engineering Bureau,"Sidi Gaber, Alexandria, Egypt",2 months ago,https://wuzzuf.net/jobs/p/xXWggZbTbS8D-Invoicing-Accountant-freight-Forwarding-Alexandria-Trading-and-Engineering-Bureau-Alexandria-Egypt?o=1388&l=sp&t=sj&a=data |search-v3|navbg,Full Time, Accounting/Finance  Logistics/Supply Chain  A/R  Accounting  Accounts Receivables  Freight Forwarding  freight  Finance, 5 - 5 Yrs of Exp 
Admin Assistant new cairo Branch,UCMAS Academy,"New Cairo, Cairo, Egypt",1 month ago,https://wuzzuf.net/jobs/p/KdVOVuOUpWmY-Admin-Assistant-new-cairo-Branch-UCMAS-Academy-Cairo-Egypt?o=1389&l=sp&t=sj&a=data |search-v3|navbg,Full Time, Administration  Customer Service/Support  Sales/Retail  Admin  Administration  Customer Service  Communication, 1 - 2 Yrs of Exp 
Systems Business Consultant-Primavera Unifier,Confidential,"New Cairo, Cairo, Egypt",1 month ago,https://wuzzuf.net/jobs/p/KuyQcr0DkOpi-Systems-Business-Consultant-Primavera-Unifier-Cairo-Egypt?o=1390&l=sp&t=sj&a=data |search-v3|navbg,Full Time, IT/Software Development  Analyst/Research  Engineering - Telecom/Technology  Business Consultant  Information Technology (IT)  Consultant  Construction, 1 - 5 Yrs of Exp 
Social Media Specialist,Thaka International,"Badr City, Cairo, Egypt",1 month ago,https://wuzzuf.net/jobs/p/9fJeaeLSVKx7-Social-Media-Specialist-Thaka-International-Cairo-Egypt?o=1391&l=sp&t=sj&a=data |search-v3|navbg,Full Time, Writing/Editorial  Marketing/PR/Advertising  Media/Journalism/Publishing  Online Marketing  Design  Communication  E-Marketing  Marketing  media  Social Media, 2 - 3 Yrs of Exp 
Software Engineer,Confidential,"Dokki, Giza, Egypt",2 months ago,https://wuzzuf.net/jobs/p/k7e9Y4bxSPP6-Software-Engineer-Giza-Egypt?o=1392&l=sp&t=sj&a=data |search-v3|navbg,Full Time, IT/Software Development  Marketing/PR/Advertising  Engineering - Telecom/Technology  Mobile Development  Software Development  Software Engineering  UI  Programming  PHP  Computer Engineering, 3 - 7 Yrs of Exp 
Accountant,Virclo,"Cairo, Egypt",1 month ago,https://wuzzuf.net/jobs/p/rOYbYUZdpdT7-Accountant-Virclo-Cairo-Egypt?o=1393&l=sp&t=sj&a=data |search-v3|navbg,Full Time, Accounting/Finance  Accounting  Financial Management  Financial Analysis  Finance  Accounting Software  General Ledger  MS Excel  CMA  excel, 2 - 7 Yrs of Exp 
Technical Office Manager,Tanmia,"6th of October, Giza, Egypt",1 month ago,https://wuzzuf.net/jobs/p/7dhHEILqBH2q-Technical-Office-Manager-Tanmia-Giza-Egypt?o=1394&l=sp&t=sj&a=data |search-v3|navbg,Full Time, Engineering - Construction/Civil/Architecture  Civil  Civil Engineering  Technical Office  Technical Office Engineering, 5+ Yrs of Exp 
Senior Information Security Engineer,ITIDA,"Giza, Egypt",1 month ago,https://wuzzuf.net/jobs/p/rQi9KGdswqfN-Senior-Information-Security-Engineer-ITIDA-Giza-Egypt?o=1395&l=sp&t=sj&a=data |search-v3|navbg,Full Time, IT/Software Development  Engineering - Telecom/Technology  Networking  Computer Science  Network Security  Information Technology (IT)  Database  Linux  network  Security, 4 - 7 Yrs of Exp 
Administrator Assistant,Sobek,"Cairo, Egypt",1 month ago,https://wuzzuf.net/jobs/p/KNx2mUD6Naeb-Administrator-Assistant-Sobek-Cairo-Egypt?o=1396&l=sp&t=sj&a=data |search-v3|navbg,Part TimeWork From Home, Administration  Admin  English, Administration 
Architecture Technical Office Engineer,Rowad Modern Engineering,"Cairo, Egypt",2 months ago,https://wuzzuf.net/jobs/p/31YoCN8awjMp-Architecture-Technical-Office-Engineer-Rowad-Modern-Engineering-Cairo-Egypt?o=1397&l=sp&t=sj&a=data |search-v3|navbg,Full Time, Engineering - Construction/Civil/Architecture  Civil Engineering  Architecture  Engineering  Construction  Technical Office  CAD  Shop Drawings  RFI  AutoCAD, 4 - 6 Yrs of Exp 
IT Specialist,Evyap Egypt,"Bourj Alarab, Alexandria, Egypt",1 month ago,https://wuzzuf.net/jobs/p/GMIu6Tp2tiut-IT-Specialist-Evyap-Egypt-Alexandria-Egypt?o=1398&l=sp&t=sj&a=data |search-v3|navbg,Full Time, IT/Software Development  CompTIA  CCNA  Help desk  MCSA  Technical Support  Communication  Computer Science  Information Technology (IT)  Network, 1 - 3 Yrs of Exp 
MEP Construction Manager,CSCEC,"Alamein, Matruh, Egypt",1 month ago,https://wuzzuf.net/jobs/p/CUVj0wGLw2OV-MEP-Construction-Manager-CSCEC-Matruh-Egypt?o=1399&l=sp&t=sj&a=data |search-v3|navbg,Full Time, Engineering - Construction/Civil/Architecture  Engineering  Project Management  MEP, 13 - 18 Yrs of Exp 
Senior Android Developer,Giza Systems,"New Cairo, Cairo, Egypt",2 months ago,https://wuzzuf.net/jobs/p/n03a2LY1sf6b-Senior-Android-Developer-STC-Solutions---Egypt-Cairo-Egypt?o=1400&l=sp&t=sj&a=data |search-v3|navbg,Full Time, IT/Software Development  Android  Development  Mobile  Mobile Development  Software Development  Software, 3 - 7 Yrs of Exp 
Architect Site Engineer,MOMENTUM,"Cairo, Egypt",2 months ago,https://wuzzuf.net/jobs/p/Y5efXyhEmXxC-Architect-Site-Engineer-MOMENTUM-Cairo-Egypt?o=1401&l=sp&t=sj&a=data |search-v3|navbg,Full Time, Engineering - Construction/Civil/Architecture  Architecture  AutoCAD  Management  Finishing, 3 - 5 Yrs of Exp 
Treasury Manager,Corona,"6th of October, Giza, Egypt",1 month ago,https://wuzzuf.net/jobs/p/B73SnBH8qAsA-Treasury-Manager-Corona-Giza-Egypt?o=1402&l=sp&t=sj&a=data |search-v3|navbg,Full Time, males_only  Accounting/Finance  Treasury  Accounting  Finance, 8 - 10 Yrs of Exp 
General Accountant,Egypt Gold,"Heliopolis, Cairo, Egypt",1 month ago,https://wuzzuf.net/jobs/p/456jbpwmvCtv-General-Accountant-Egypt-Gold-Cairo-Egypt?o=1403&l=sp&t=sj&a=data |search-v3|navbg,Full Time, Accounting/Finance  Accounting  CMA  CPA  excel  Finance  Financial Analysis  General Ledger, 4 - 6 Yrs of Exp 
Senior Digital Marketing Specialist,Akhnaton for Trading & Distributing,"Downtown, Cairo, Egypt",1 month ago,https://wuzzuf.net/jobs/p/IdBEDR4AMnbO-Senior-Digital-Marketing-Specialist-Akhnaton-for-Trading-Distributing-Cairo-Egypt?o=1404&l=sp&t=sj&a=data |search-v3|navbg,Full Time, Marketing/PR/Advertising  Media/Journalism/Publishing  Mass Communication  Marketing  Social Media  Online Advertising  Digital Marketing  E-Marketing  Communication  Public Relations (PR), 3 - 6 Yrs of Exp 
Junior Treasury Accountant,Swiss Garment Company,"Nasr City, Cairo, Egypt",1 month ago,https://wuzzuf.net/jobs/p/riiNWYDtx0fR-Junior-Treasury-Accountant-Swiss-Garment-Company-Cairo-Egypt?o=1405&l=sp&t=sj&a=data |search-v3|navbg,Full Time, Accounting/Finance  Accounting  Financial Analysis  Finance  Treasury  Accountant, 0 - 2 Yrs of Exp 
Sales Support,Confidential,"Maadi, Cairo, Egypt",2 months ago,https://wuzzuf.net/jobs/p/1VPMVR2QISQY-Sales-Support-Cairo-Egypt?o=1406&l=sp&t=sj&a=data |search-v3|navbg,Full Time, Customer Service/Support  Sales/Retail  Engineering - Other  Customer Support  sales skills  Engineering  English  Microsoft Office  Customer Service  Communication, 2 - 4 Yrs of Exp 
Area Manager,Othaim,"Cairo, Egypt",2 months ago,https://wuzzuf.net/jobs/p/OmPKW1dT527O-Area-Manager-Othaim-Cairo-Egypt?o=1407&l=sp&t=sj&a=data |search-v3|navbg,Full Time, Operations/Management  Sales/Retail  Management  Retail  Operations  Communication skills  Sales Target  business  sales skills  Experience, 10 - 15 Yrs of Exp 
Marketing Executive,InstaShop,"Cairo, Egypt",1 month ago,https://wuzzuf.net/jobs/p/BZDs7LjV8Ne9-Marketing-Executive-InstaShop-Cairo-Egypt?o=1408&l=sp&t=sj&a=data |search-v3|navbg,Full Time, Marketing/PR/Advertising  Project/Program Management  Media/Journalism/Publishing  Marketing  Content Creation  Social Media Strategy  Market Research  CRM  Google Analytics  Facebook ads, 0 - 2 Yrs of Exp 
Sales Manager,Aquatop Company,"Cairo, Egypt",1 month ago,https://wuzzuf.net/jobs/p/HN6nqrlVIWpr-Sales-Manager-Aquatop-Company-Cairo-Egypt?o=1409&l=sp&t=sj&a=data |search-v3|navbg,Full Time, Business Development  Operations/Management  Sales/Retail  B2B  B2B Sales  Construction  sales manager  Business Development  Sales Target, 5 - 7 Yrs of Exp 
Tech Led / Technical Team Leader,Refilex,"Dokki, Giza, Egypt",1 month ago,https://wuzzuf.net/jobs/p/FKWPyrnCSZva-Tech-Led-Technical-Team-Leader-Refilex-Giza-Egypt?o=1410&l=sp&t=sj&a=data |search-v3|navbg,Full Time, IT/Software Development  Engineering - Telecom/Technology  Engineering - Mechanical/Electrical  Computer Science  Database  Git  Information Technology (IT)  PHP  React  Software, 5+ Yrs of Exp 
Ads Sales Quality and Training Analyst –Senior Process Associate,Genpact,"Cairo, Egypt",1 month ago,https://wuzzuf.net/jobs/p/OoqFwYjCSd6t-Ads-Sales-Quality-and-Training-Analyst-–Senior-Process-Associate-Genpact-Cairo-Egypt?o=1411&l=sp&t=sj&a=data |search-v3|navbg,Full Time, Marketing/PR/Advertising  analytics  Digital Marketing, 3 - 5 Yrs of Exp 
Personnel & Payroll Specialist,Samaya Electronics Egypt LTD,"Cairo, Egypt",1 month ago,https://wuzzuf.net/jobs/p/SDzx1ufQv9vF-Personnel-Payroll-Specialist-Samaya-Electronics-Egypt-LTD-Cairo-Egypt?o=1412&l=sp&t=sj&a=data |search-v3|navbg,Full Time, Administration  Human Resources  Human Resources (HR)  HR  Egyptian Labor Law, 3 - 5 Yrs of Exp 
Senior Architectural Engineer - Shop Drawings,Elgabaly Architects,"New Cairo, Cairo, Egypt",1 month ago,https://wuzzuf.net/jobs/p/RHIDx0mqzpvf-Senior-Architectural-Engineer---Shop-Drawings-Elgabaly-Architects-Cairo-Egypt?o=1413&l=sp&t=sj&a=data |search-v3|navbg,Full Time, males_only  Engineering - Construction/Civil/Architecture  Creative/Design/Art  Architecture  AutoCAD  Engineering  Revit, 10 - 20 Yrs of Exp 
Project Management Officer,Deutschland Technology Limited,"Obour City, Cairo, Egypt",1 month ago,https://wuzzuf.net/jobs/p/LXe1omG2sqSh-Project-Management-Officer-Deutschland-Technology-Limited-Cairo-Egypt?o=1414&l=sp&t=sj&a=data |search-v3|navbg,Full Time, Engineering - Construction/Civil/Architecture  Project/Program Management  PMP  MEP  Management  Project Management, 7 - 10 Yrs of Exp 
Regional talent management specialist,Johnson Controls,"Nasr City, Cairo, Egypt",1 month ago,https://wuzzuf.net/jobs/p/8g02HcOiRx44-Regional-talent-management-specialist -Johnson-Controls-Cairo-Egypt?o=1415&l=sp&t=sj&a=data |search-v3|navbg,Full Time, Human Resources  English  Human Resources (HR)  Talent management, 5 - 7 Yrs of Exp 
Senior Sales Account Manager,Interact Technology Solutions,"Maadi, Cairo, Egypt",2 months ago,https://wuzzuf.net/jobs/p/Ru0lxuq1R8Ru-Senior-Sales-Account-Manager-Interact-Technology-Solutions-Cairo-Egypt?o=1416&l=sp&t=sj&a=data |search-v3|navbg,Full Time, IT/Software Development  Sales/Retail  Sales Target  English  Communication  Software  CRM  Customer Service  negotiation skills  Sales, 4 - 6 Yrs of Exp 
Junior Accountant,NO5 Construction,"Sheikh Zayed, Giza, Egypt",1 month ago,https://wuzzuf.net/jobs/p/jyY7nCcjyEwz-Junior-Accountant-NO5-Construction-Giza-Egypt?o=1417&l=sp&t=sj&a=data |search-v3|navbg,Full Time, Administration  Human Resources  Microsoft Office  Administrative Affairs  Personnel, 0 - 1 Yrs of Exp 
Senior Front-End Angular Developer,Shezlong,"Sheikh Zayed, Giza, Egypt",1 month ago,https://wuzzuf.net/jobs/p/6yZm2LM8N2sa-Senior-Front-End-Angular-Developer-Shezlong-Giza-Egypt?o=1418&l=sp&t=sj&a=data |search-v3|navbg,Full Time, Installation/Maintenance/Repair  IT/Software Development  Engineering - Telecom/Technology  Angular  JavaScript  jQuery  Software Development  English  HTML5  CSS3, 3 - 5 Yrs of Exp 
Financial Planning And Analysis,Confidential,"Nasr City, Cairo, Egypt",1 month ago,https://wuzzuf.net/jobs/p/2NUI6wd9eSX4-Financial-Planning-And-Analysis-Cairo-Egypt?o=1419&l=sp&t=sj&a=data |search-v3|navbg,Full Time, Accounting/Finance  Analyst/Research  Accounting  CFA  CMA  Financial Analysis  Financial  Financial Management  Planning  excel, 1 - 4 Yrs of Exp 
Agriculture Engineer,Confidential,"Madinaty, Cairo, Egypt",1 month ago,https://wuzzuf.net/jobs/p/hPZejyIsezG3-Agriculture-Engineer-Cairo-Egypt?o=1420&l=sp&t=sj&a=data |search-v3|navbg,Full Time, R&D/Science  Engineering - Other  Agriculture Engineer  Science, 5 - 7 Yrs of Exp 
Full stack Developer (Django & ReactJs),Valify,"Maadi, Cairo, Egypt",2 months ago,https://wuzzuf.net/jobs/p/QT5y0yTf2qJn-Full-stack-Developer-Django-ReactJs-Valify-Cairo-Egypt?o=1421&l=sp&t=sj&a=data |search-v3|navbg,Full Time, IT/Software Development  Engineering - Telecom/Technology  Django  Python  React  Full Stack Development, 2 - 5 Yrs of Exp 
Document Control Specialist,Roaia,"Nasr City, Cairo, Egypt",2 months ago,https://wuzzuf.net/jobs/p/endRcf9WeD8b-Document-Control-Specialist-Roaia-Cairo-Egypt?o=1422&l=sp&t=sj&a=data |search-v3|navbg,Full Time, Administration  Quality  Document  document controller  English  Editing  MS Office  quality  Quality Assurance  Quality Control, 3 - 5 Yrs of Exp 
CRM Marketing Specialist,NowPay,"Giza, Giza, Egypt",1 month ago,https://wuzzuf.net/jobs/p/DD2On2juV3hc-CRM-Marketing-Specialist-NowPay-Giza-Egypt?o=1423&l=sp&t=sj&a=data |search-v3|navbg,Full Time, Marketing/PR/Advertising  E-Commerce  E-Marketing  Reporting  Communication skills  excel  Social Media, 2+ Yrs of Exp 
It Security & Network admin,El-Sewedy Electrometer,"6th of October, Giza, Egypt",2 months ago,https://wuzzuf.net/jobs/p/RM0PsbJLj14i-It-Security-Network-admin-El-Sewedy-Electrometer-Giza-Egypt?o=1424&l=sp&t=sj&a=data |search-v3|navbg,Full Time, IT/Software Development  Computer Hardware  Hardware  Information Technology (IT)  CCNA  computer  Networking  Software  Troubleshooting  IP, 3 - 5 Yrs of Exp 
React Native Developer,Yespays,"New Cairo, Cairo, Egypt",1 month ago,https://wuzzuf.net/jobs/p/L7qkzcp5A5AM-React-Native-Developer-Yespays-Cairo-Egypt?o=1425&l=sp&t=sj&a=data |search-v3|navbg,Full TimePart Time, Creative/Design/Art  IT/Software Development  Engineering - Telecom/Technology  Engineering  Computer Science  Android app  Android  app  Development  Information Technology (IT), 4 - 8 Yrs of Exp 
Associate Product Manager,Al Ahly Momkn for e-payment,"Maadi, Cairo, Egypt",2 months ago,https://wuzzuf.net/jobs/p/kup9pKvDcXqZ-Associate-Product-Manager-Al-Ahly-Momkn-for-e-payment-Cairo-Egypt?o=1426&l=sp&t=sj&a=data |search-v3|navbg,Full Time, IT/Software Development  Fintech  Product Management  Agile, 1 - 2 Yrs of Exp 
Junior Corporate Sales Lead,Cilantro,"Maadi, Cairo, Egypt",1 month ago,https://wuzzuf.net/jobs/p/EhErupvbIgQc-Junior-Corporate-Sales-Lead-Cilantro-Cairo-Egypt?o=1427&l=sp&t=sj&a=data |search-v3|navbg,Full Time, Sales/Retail  Business Development  business  Corporate Sales  Sales  sales skills  Communication  Negotiation, 1 - 2 Yrs of Exp 
Tender and Design Engineer in low voltage panels,Electrometal,"10th of Ramadan City, Sharqia, Egypt",1 month ago,https://wuzzuf.net/jobs/p/SiYOh7hwWS7M-Tender-and-Design-Engineer-in-low-voltage-panels-Electrometal-Sharqia-Egypt?o=1428&l=sp&t=sj&a=data |search-v3|navbg,Full Time, Engineering - Mechanical/Electrical  AutoCAD  Design  English  Low Voltage  Microsoft Office  EPLAN, 1 - 3 Yrs of Exp 
Solution Specialist (Ax Developer),Premier Services and Recruitment Overseas,"Maadi, Cairo, Egypt",2 months ago,https://wuzzuf.net/jobs/p/fY4NxvwQMX0V-Solution-Specialist-Ax-Developer-Premier-Services-and-Recruitment-Overseas-Cairo-Egypt?o=1429&l=sp&t=sj&a=data |search-v3|navbg,Full Time, IT/Software Development  Ax  Information Technology (IT)  Computer Science, 3 - 5 Yrs of Exp 
Senior Full Stack Developer (.NET),DEVOPSolution,"Nasr City, Cairo, Egypt",2 months ago,https://wuzzuf.net/jobs/p/gVGsI4l2lLub-Senior-Full-Stack-Developer-NET-DEVOPSolution-Cairo-Egypt?o=1430&l=sp&t=sj&a=data |search-v3|navbg,Full Time, IT/Software Development  Engineering - Telecom/Technology  .NET Development  Computer Science  Computer Engineering  Information Technology (IT)  .NET  C#  MVC  ASP.NET, 6+ Yrs of Exp 
Quality Engineer,Ideal Standard International Egypt,"10th of Ramadan City, Sharqia, Egypt",2 months ago,https://wuzzuf.net/jobs/p/xo6JWw8BlY92-Quality-Engineer-Ideal-Standard-International-Egypt-Sharqia-Egypt?o=1431&l=sp&t=sj&a=data |search-v3|navbg,Full Time, Quality  Engineering - Other  quality  Quality Control  Quality Assurance  Applied Arts  Communication skills  Engineering, 3 - 5 Yrs of Exp 
"Team Leader / Senior Full Stack, PHP, Drupal Developer",Orange Studio,"Nasr City, Cairo, Egypt",2 months ago,https://wuzzuf.net/jobs/p/vt1Flf47A05y-Team-Leader-Senior-Full-Stack-PHP-Drupal-Developer-Orange-Studio-Cairo-Egypt?o=1432&l=sp&t=sj&a=data |search-v3|navbg,Full Time, IT/Software Development  Engineering - Telecom/Technology  PHP  Full Stack  Web Development  Information Technology (IT)  UI  UX  Drupal  Lamp Stack, 4+ Yrs of Exp 
Sales Specialist,My Mall,"Cairo, Egypt",1 month ago,https://wuzzuf.net/jobs/p/dPwHoI9R6l6J-Sales-Specialist-My-Mall-Cairo-Egypt?o=1433&l=sp&t=sj&a=data |search-v3|navbg,Full Time, Business Development  Customer Service/Support  Sales/Retail  Advertising  Branding  Commerce  Communication  Communication skills  Market Research  Marketing, 1 - 2 Yrs of Exp 
iOS Developer,Restart Technology,"Heliopolis, Cairo, Egypt",2 months ago,https://wuzzuf.net/jobs/p/b2mYqBm9jE21-iOS-Developer-Restart-Technology-Cairo-Egypt?o=1434&l=sp&t=sj&a=data |search-v3|navbg,Full Time, IT/Software Development  Engineering - Telecom/Technology  Information Technology (IT)  iOS  REST  Mobile Development  Software Development  Computer Science, 2 - 3 Yrs of Exp 
Technical Lead,"Nile Bits, LLC","New Cairo, Cairo, Egypt",1 month ago,https://wuzzuf.net/jobs/p/2klrKbL0ju6E-Technical-Lead-Nile-Bits-LLC-Cairo-Egypt?o=1435&l=sp&t=sj&a=data |search-v3|navbg,Full Time, IT/Software Development  MongoDB  PHP  Angular  Laravel, 10 - 20 Yrs of Exp 
Senior Back-end Developer,Orion,"New Cairo, Cairo, Egypt",1 month ago,https://wuzzuf.net/jobs/p/PmYXi6kWhglU-Senior-Back-end-Developer-Orion-Cairo-Egypt?o=1436&l=sp&t=sj&a=data |search-v3|navbg,Full Time, IT/Software Development  Engineering - Telecom/Technology  Back-End Development  Software Development  Software Engineering  APIs  AWS  Computer Engineering  Computer Science  Engineering, 2+ Yrs of Exp 
Collection Tele-Calling Specialist,Al Ahli Bank of Kuwait-Egypt (ABK-Egypt),"Cairo, Egypt",1 month ago,https://wuzzuf.net/jobs/p/58KtPUfK49MU-Collection-Tele-Calling-Specialist-Al-Ahli-Bank-of-Kuwait-Egypt-ABK-Egypt-Cairo-Egypt?o=1437&l=sp&t=sj&a=data |search-v3|navbg,Full Time, Accounting/Finance  Collection  Communication  MS Office  debt  Billing  Negotiation  Problem-solving, 1+ Yrs of Exp 
Trucks Maintenance Manager,Confidential,"Giza, Giza, Egypt",1 month ago,https://wuzzuf.net/jobs/p/W6PDFItO8xD1-Trucks-Maintenance-Manager-Giza-Egypt?o=1438&l=sp&t=sj&a=data |search-v3|navbg,Full Time, Installation/Maintenance/Repair  Engineering - Mechanical/Electrical  Automotive  Maintenance  Fleet  Maintenance Management  Mechanical Engineering, 10 - 14 Yrs of Exp 
Senior Investment Banking Analyst,Talaat Moustafa Group,"Dokki, Giza, Egypt",1 month ago,https://wuzzuf.net/jobs/p/cBQJKHawsRRg-Senior-Investment-Banking-Analyst-Talaat-Moustafa-Group-Giza-Egypt?o=1439&l=sp&t=sj&a=data |search-v3|navbg,Full Time, Accounting/Finance  Banking  Analyst/Research  Finance  Financial Analysis  Analytical  Planning  Financial Planning  Corporate Finance  Accounting, 3 - 5 Yrs of Exp 
Mechanical Design Engineer (HVAC),Orient Egypt,"Dokki, Giza, Egypt",1 month ago,https://wuzzuf.net/jobs/p/UO7G8a05NKft-Mechanical-Design-Engineer-HVAC-Orient-Egypt-Giza-Egypt?o=1440&l=sp&t=sj&a=data |search-v3|navbg,Full Time, Creative/Design/Art  Engineering - Mechanical/Electrical  Engineering  AutoCAD  Design  Mechanical Engineering  Mechanical  AutoCAD Design  Mechanical Design, 4 - 8 Yrs of Exp 
Senior media buyers,Pioneers Now,"Nasr City, Cairo, Egypt",1 month ago,https://wuzzuf.net/jobs/p/wWKdpSy6THQl-Senior-media-buyers-Pioneers-Now-Cairo-Egypt?o=1441&l=sp&t=sj&a=data |search-v3|navbg,Full Time, males_only  Creative/Design/Art  Marketing/PR/Advertising  Media/Journalism/Publishing  Communication  Digital  Advertising  Digital Advertising  Digital Marketing  media  Media Planning, 5 - 7 Yrs of Exp 
Receptionist,Amer Vision Group,"Sheraton, Cairo, Egypt",1 month ago,https://wuzzuf.net/jobs/p/E4bfhrPrYCN1-Receptionist-Amer-Vision-Group-Cairo-Egypt?o=1442&l=sp&t=sj&a=data |search-v3|navbg,Full Time, Administration  English  Communication  Administration  Management  receptionist  Office management, 1 - 3 Yrs of Exp 
Office Manager - Law Firm,Sport Makers,"Cairo, Egypt",1 month ago,https://wuzzuf.net/jobs/p/TIXc7W5DWHoP-Office-Manager---Law-Firm-Sport-Makers-Cairo-Egypt?o=1443&l=sp&t=sj&a=data |search-v3|navbg,Full Time, Administration  Legal  Operations/Management  Administration  Manager  Microsoft Office  Office management  Office manager  Secretary  office, 3 - 5 Yrs of Exp 
Fleet Operations Specialist,SAVOLA,"Alexandria, Egypt",1 month ago,https://wuzzuf.net/jobs/p/yEQc6HcrMgc6-Fleet-Operations-Specialist-SAVOLA-Alexandria-Egypt?o=1444&l=sp&t=sj&a=data |search-v3|navbg,Full Time, Logistics/Supply Chain  Fleet  Fleet Management  Operations  Supply Chain, 4 - 6 Yrs of Exp 
Marketing Coordinator,Deutschland Technology Limited,"Obour City, Cairo, Egypt",1 month ago,https://wuzzuf.net/jobs/p/QYcEkbQcUQvu-Marketing-Coordinator-Deutschland-Technology-Limited-Cairo-Egypt?o=1445&l=sp&t=sj&a=data |search-v3|navbg,Full Time, Marketing/PR/Advertising  E-Marketing  Microsoft Office  Marketing  English  Social Media  Online Marketing  Skills  MS Office  Computer Skills, 1 - 1 Yrs of Exp 
HR Operations Officer,SAVOLA,"Alexandria, Egypt",1 month ago,https://wuzzuf.net/jobs/p/ioEzBHMBrENx-HR-Operations-Officer-SAVOLA-Alexandria-Egypt?o=1446&l=sp&t=sj&a=data |search-v3|navbg,Full Time, Human Resources  Operations  Human Resources (HR)  Payroll, 1 - 2 Yrs of Exp 
"Sales Engineer Indoor ""Females only""",Ready Pack Technology,"Obour City, Cairo, Egypt",1 month ago,https://wuzzuf.net/jobs/p/9f5wXhdpuADX-Sales-Engineer-Indoor-Females-only-Ready-Pack-Technology-Cairo-Egypt?o=1447&l=sp&t=sj&a=data |search-v3|navbg,Full Time, Customer Service/Support  Marketing/PR/Advertising  Sales/Retail  Communication skills  sales skills, 3 - 6 Yrs of Exp 
Senior Java Developer,RawafedTech,"Nasr City, Cairo, Egypt",1 month ago,https://wuzzuf.net/jobs/p/MaSiucRqxFtN-Senior-Java-Developer-RawafedTech-Cairo-Egypt?o=1448&l=sp&t=sj&a=data |search-v3|navbg,Full TimeWork From Home, IT/Software Development  Java Developer  senior  Software Engineering  developer  Computer Science  Spring Boot  spring Framework, 4 - 8 Yrs of Exp 
Senior Cyber Security Officer,Confidential,"Heliopolis, Cairo, Egypt",1 month ago,https://wuzzuf.net/jobs/p/GINaYlJUfGEj-Senior-Cyber-Security-Officer-Cairo-Egypt?o=1449&l=sp&t=sj&a=data |search-v3|navbg,Full Time, Installation/Maintenance/Repair  IT/Software Development  Engineering - Telecom/Technology  CISSP  CEH  Computer Science  Cyber Security  Information technology  Information Technology (IT)  Operating Systems, 7 - 10 Yrs of Exp 
Front End Developer - Vue JS,Perfect Presentation,"6th of October, Giza, Egypt",2 months ago,https://wuzzuf.net/jobs/p/CyrPvY5hGsMI-Front-End-Developer---Vue-JS-Perfect-Presentation-Giza-Egypt?o=1450&l=sp&t=sj&a=data |search-v3|navbg,Full Time, IT/Software Development  Engineering - Telecom/Technology  Software Development  Information Technology (IT)  Computer Science  javaScript  HTML  Angular  React  jQuery, 5 - 7 Yrs of Exp 
"Mechanical Site Engineer,Mechanical Office Engineer",TELETEC GLOBAL CONTRACTORS,"Giza, Egypt",1 month ago,https://wuzzuf.net/jobs/p/Ca0BQnkL7Jdk-Mechanical-Site-EngineerMechanical-Office-Engineer-TELETEC-GLOBAL-CONTRACTORS-Giza-Egypt?o=1451&l=sp&t=sj&a=data |search-v3|navbg,Full Time, Engineering - Mechanical/Electrical  Electrical Engineering  Mechanical Engineering  Communication skills  Communication  Commercial  Maintenance  English  MS Office, 5+ Yrs of Exp 
Quality Engineer,Gest For Metals,"10th of Ramadan City, Sharqia, Egypt",1 month ago,https://wuzzuf.net/jobs/p/hQlRxBXzNyPF-Quality-Engineer-Gest-For-Metals-Sharqia-Egypt?o=1452&l=sp&t=sj&a=data |search-v3|navbg,Full Time, Operations/Management  Manufacturing/Production  Quality  Quality Control  Manufacturing  Quality Assurance  Engineering, 5+ Yrs of Exp 
Market Research Specialist,Elmarakby Steel,"Giza, Egypt",1 month ago,https://wuzzuf.net/jobs/p/wOWYqz88rKDY-Market-Research-Specialist-Elmarakby-Steel-Giza-Egypt?o=1453&l=sp&t=sj&a=data |search-v3|navbg,Full Time, Analyst/Research  Market Research  Research Analysis, 1 - 2 Yrs of Exp 
Service Point Advisor - West Cairo,DHL Express Egypt,"Downtown, Cairo, Egypt",1 month ago,https://wuzzuf.net/jobs/p/N2bXfHCRkSLh-Service-Point-Advisor---West-Cairo-DHL-Express-Egypt-Cairo-Egypt?o=1454&l=sp&t=sj&a=data |search-v3|navbg,Full Time, Customer Service/Support  Logistics/Supply Chain  Customer Service  Customer Care  Customer Support  Shipment  Logistics  Parcel  Microsoft Office  Service Point, 0 - 2 Yrs of Exp 
Materials Engineer,Mobica,"Abu Rawash, Giza, Egypt",1 month ago,https://wuzzuf.net/jobs/p/DbeEvvONZ4fV-Materials-Engineer-Mobica-Giza-Egypt?o=1455&l=sp&t=sj&a=data |search-v3|navbg,Full Time, Manufacturing/Production  Civil Engineering  Production  Engineering  Mechanical Engineering  Materials  AutoCAD  Manufacturing  Materials Science, 2 - 5 Yrs of Exp 
ERP Specialist,Logistica,"6th of October, Giza, Egypt",1 month ago,https://wuzzuf.net/jobs/p/xRYig5FvOUkO-ERP-Specialist-Logistica-Giza-Egypt?o=1456&l=sp&t=sj&a=data |search-v3|navbg,Full Time, IT/Software Development  Information Technology (IT)  ERP, 2 - 4 Yrs of Exp 
Physical Security Associate Manager,Majorel Egypt,"Alexandria, Egypt",1 month ago,https://wuzzuf.net/jobs/p/47tXyorIPHEN-Physical-Security-Associate-Manager-Majorel-Egypt-Alexandria-Egypt?o=1457&l=sp&t=sj&a=data |search-v3|navbg,Full Time, Administration  Physical  English  Security  Communication, 6 - 8 Yrs of Exp 
Microsoft Dynamics AX/365 Techno Functional Specialist,Logistica,"6th of October, Giza, Egypt",1 month ago,https://wuzzuf.net/jobs/p/dkvLkQQMyBRR-Microsoft-Dynamics-AX365-Techno-Functional-Specialist-Logistica-Giza-Egypt?o=1458&l=sp&t=sj&a=data |search-v3|navbg,Full Time, IT/Software Development  Engineering - Telecom/Technology  Microsoft dynamics 365  ERP  SSRS  SQL  X++ programming language  Microsoft Visual Studio  User security  Microsoft Dynamics AX2012/365, 1 - 3 Yrs of Exp 
CCTV Operator in Portsaid,El Sewedy Technical Academy,"Manakh, Port Said, Egypt",1 month ago,https://wuzzuf.net/jobs/p/2Kop8etxPDBe-CCTV-Operator-in-Portsaid-El-Sewedy-Technical-Academy-Port-Said-Egypt?o=1459&l=sp&t=sj&a=data |search-v3|navbg,Full Time, Quality  Surveillance  Administration  Admin  CCTV, 1 - 3 Yrs of Exp 
Junior Accountant,Confidential,"Maadi, Cairo, Egypt",1 month ago,https://wuzzuf.net/jobs/p/4RVpuQc9dudm-Junior-Accountant-Cairo-Egypt?o=1460&l=sp&t=sj&a=data |search-v3|navbg,Full Time, Accounting/Finance  AP  AR  Accounting  Finance  Communication  excel  English  Financial Analysis  Financial Management, 2 - 5 Yrs of Exp 
Senior Accountant,Confidential,"Maadi, Cairo, Egypt",1 month ago,https://wuzzuf.net/jobs/p/X0rkXvVfyLhU-Senior-Accountant-Cairo-Egypt?o=1461&l=sp&t=sj&a=data |search-v3|navbg,Full Time, Accounting/Finance  AP  AR  Accounting  Finance  Communication  excel  English  Financial Analysis  Financial Management, 5+ Yrs of Exp 
ERP Functional Support (Microsoft Dynamics - Business Central 365),Egypt Bakery Stores,"Katameya, Cairo, Egypt",2 months ago,https://wuzzuf.net/jobs/p/fMJ2moNSJjr2-ERP-Functional-Support-Microsoft-Dynamics---Business-Central-365-Egypt-Bakery-Stores-Cairo-Egypt?o=1462&l=sp&t=sj&a=data |search-v3|navbg,Full Time, males_preferred  IT/Software Development  Engineering - Telecom/Technology  Information Technology (IT)  Computer Science  Maintenance, 3 - 6 Yrs of Exp 
Financial planning and analysis Manager,ECH,"Abdeen, Cairo, Egypt",2 months ago,https://wuzzuf.net/jobs/p/gJP2B9WXVsIL-Financial-planning-and-analysis-Manager-ECH-Cairo-Egypt?o=1463&l=sp&t=sj&a=data |search-v3|navbg,Full Time, Accounting/Finance  Accounting  analytical  business  Commerce  ERP  ERP System  excel  Finance  Financial, 20 - 20 Yrs of Exp 
Financial Controller,ECH,"Abdeen, Cairo, Egypt",2 months ago,https://wuzzuf.net/jobs/p/vjNVbujEREZh-Financial-Controller-ECH-Cairo-Egypt?o=1464&l=sp&t=sj&a=data |search-v3|navbg,Full Time, Accounting/Finance  Accounting  Costing  Finance  Financial Analysis  Financial Management  Financial Statement  Management  Pricing  Financial, 20 - 20 Yrs of Exp 
AML Compliance Officer,Confidential,"Cairo, Egypt",1 month ago,https://wuzzuf.net/jobs/p/VNi1aZUH5OMn-AML-Compliance-Officer-Cairo-Egypt?o=1465&l=sp&t=sj&a=data |search-v3|navbg,Full Time, Legal  Compliance  Finance  AML, 4 - 6 Yrs of Exp 
Warranty & Return Officer,Ramtrade,"Nasr City, Cairo, Egypt",1 month ago,https://wuzzuf.net/jobs/p/V6FhJyfGsgH6-Warranty-Return-Officer-Ramtrade-Cairo-Egypt?o=1466&l=sp&t=sj&a=data |search-v3|navbg,Full Time, Administration  Customer Service/Support  Sales/Retail  Customer Support  Customer Care  warranty  Administration  Automotive Spare Parts  Spare Parts Sales  warranty & return, 0 - 2 Yrs of Exp 
Technology Lead (Part-time),TeleBuild,"Riyadh, Saudi Arabia",1 month ago,https://wuzzuf.net/jobs/p/XxCtHV6FirED-Technology-Lead-Part-time-TeleBuild-Riyadh-Saudi-Arabia?o=1467&l=sp&t=sj&a=data |search-v3|navbg,Part TimeFreelance / ProjectWork From Home, IT/Software Development  Engineering - Telecom/Technology  Computer Engineering  Cloud  Development  Engineering  English  Information Technology (IT)  Software Engineering  Startup, 7 - 15 Yrs of Exp 
Java Backend Developer,SANTECHTURE,"Cairo, Egypt",1 month ago,https://wuzzuf.net/jobs/p/IAYoPIx6iq6M-Java-Backend-Developer-SANTECHTURE-Cairo-Egypt?o=1468&l=sp&t=sj&a=data |search-v3|navbg,Full Time, IT/Software Development  Backend developer  Java  Java backend, 3 - 6 Yrs of Exp 
Senior Android Developer (Med-Level),Madar Soft,"Fleming, Alexandria, Egypt",2 months ago,https://wuzzuf.net/jobs/p/RXXYZYr5hOyi-Senior-Android-Developer-Med-Level-Madar-Soft-Alexandria-Egypt?o=1469&l=sp&t=sj&a=data |search-v3|navbg,Full TimeWork From Home, IT/Software Development  Engineering - Telecom/Technology  Android SDK  Android  APIs  Git  Information Technology (IT)  RESTful  Software Development  Software Engineering, 3 - 4 Yrs of Exp 
Senior Automation and Manual Tester (Multinational Logistics CO.),Pillars,"New Cairo, Cairo, Egypt",2 months ago,https://wuzzuf.net/jobs/p/hMO2k6nR60lt-Senior-Automation-and-Manual-Tester-Multinational-Logistics-CO-Pillars-Cairo-Egypt?o=1470&l=sp&t=sj&a=data |search-v3|navbg,Full Time, IT/Software Development  Automation  Testing  Cucumber BDD Tool  Selenium IDE  SQL  SQL SCRIPT, 5 - 7 Yrs of Exp 
Trevipay| Senior Software Testing Engineer - El Gouna,Kalasko,"Hurghada, Red Sea, Egypt",2 months ago,https://wuzzuf.net/jobs/p/bnZrUued2Yjn-Trevipay-Senior-Software-Testing-Engineer---El-Gouna-Kalasko-Red-Sea-Egypt?o=1471&l=sp&t=sj&a=data |search-v3|navbg,Full Time, IT/Software Development  Quality  Engineering - Telecom/Technology  Selenium  Testim.io  Katalon Studio  CI/CD  Apache JMeter  Sitespeed.io  Java, 5 - 10 Yrs of Exp 
Media Buyer,Dream2000,"New Nozha, Cairo, Egypt",2 months ago,https://wuzzuf.net/jobs/p/MYMJrpXSf4Q0-Media-Buyer-Dream2000-Cairo-Egypt?o=1472&l=sp&t=sj&a=data |search-v3|navbg,Full Time, Marketing/PR/Advertising  Media/Journalism/Publishing  Buyer  campaigns  Digital  Digital Marketing  digital media  facebook  Google Adwords  Marketing, 2 - 5 Yrs of Exp 
IT Analyst,Air Arabia,"Cairo, Egypt",2 months ago,https://wuzzuf.net/jobs/p/w2FbVnU88Pik-IT-Analyst-Air-Arabia-Cairo-Egypt?o=1473&l=sp&t=sj&a=data |search-v3|navbg,Full Time, IT/Software Development  Analyst/Research  Engineering - Telecom/Technology  Analysis  IT  Java  JavaScript  Information Technology (IT)  Computer Science, 3 - 5 Yrs of Exp 
Marketing and Sales Intern,Tradeasia International,"Cairo, Egypt",2 months ago,https://wuzzuf.net/internship/2A3SsDoG9yVk-Marketing-and-Sales-Intern-Tradeasia-International-Cairo-Egypt?o=1474&l=sp&t=sj&a=data |search-v3|navbg,Internship, Marketing/PR/Advertising  Sales/Retail  Sales  Marketing  Supply Chain  Chemical Engineering  Chemistry  Business Development, Business Development 
Research Operations Manager,Infotech,"Nasr City, Cairo, Egypt",2 months ago,https://wuzzuf.net/jobs/p/ssUuHOhEnR1u-Research-Operations-Manager-Infotech-Cairo-Egypt?o=1475&l=sp&t=sj&a=data |search-v3|navbg,Full Time, Customer Service/Support  Operations/Management  Analyst/Research  Communication  communication skills  Research  English  Computer Skills  Customer Service  Customer Care, 8+ Yrs of Exp 
Corporate Sales Senior Executive,Etisalat Egypt,"Cairo, Egypt",2 months ago,https://wuzzuf.net/jobs/p/yULjw5JCPfuk-Corporate-Sales-Senior-Executive-Etisalat-Egypt-Cairo-Egypt?o=1476&l=sp&t=sj&a=data |search-v3|navbg,Full Time, Sales/Retail  Sales  Corporate Sales  Outdoor Sales, 1 - 5 Yrs of Exp 
Sales Manager,Stitch Trade,"Sheikh Zayed, Giza, Egypt",1 month ago,https://wuzzuf.net/jobs/p/xphsdO4wsGc2-Sales-Manager-Stitch-Trade-Giza-Egypt?o=1477&l=sp&t=sj&a=data |search-v3|navbg,Full Time, Sales/Retail  Sales Target  business  Sales  sales skills  Planning  Management, 3 - 5 Yrs of Exp 
Accountant,Prime International School,"New Cairo, Cairo, Egypt",1 month ago,https://wuzzuf.net/jobs/p/HACtqv0D7ih1-Accountant-Prime-International-School-Cairo-Egypt?o=1478&l=sp&t=sj&a=data |search-v3|navbg,Full Time, Accounting/Finance  Accounting  Finance  Financial Analysis  Reporting  Communication  Financial Management  Financial Reporting, 3 - 10 Yrs of Exp 
Healthcare operation ( for physicians only),Home Cure,"Nasr City, Cairo, Egypt",2 months ago,https://wuzzuf.net/jobs/p/f9zCYVYlsCQr-Healthcare-operation-for-physicians-only-Home-Cure-Cairo-Egypt?o=1479&l=sp&t=sj&a=data |search-v3|navbg,Part Time, Healthcare  Medical  Operations  Health  home healthcare  Internship  Takleef, Medical/Healthcare 
Cost Control Engineer,Confidential,"Mohandessin, Giza, Egypt",1 month ago,https://wuzzuf.net/jobs/p/4W94t3niOiOH-Cost-Control-Engineer-Giza-Egypt?o=1480&l=sp&t=sj&a=data |search-v3|navbg,Full Time, males_only  Engineering - Construction/Civil/Architecture  Civil Engineering  Cost  Cost Planning  Planning  Primavera  Engineering  Primavera 6  Communication  Civil, 3 - 7 Yrs of Exp 
Assistant Manger,Smiley,"Dakahlia, Egypt",1 month ago,https://wuzzuf.net/jobs/p/GsdrzTLNdRyI-Assistant-Manger-Smiley-Dakahlia-Egypt?o=1481&l=sp&t=sj&a=data |search-v3|navbg,Full Time, Administration  Business Development  Business Administration  Business Development  Public Relations (PR), 5 - 7 Yrs of Exp 
IT Administrator,Decorama,"Cairo, Egypt",1 month ago,https://wuzzuf.net/jobs/p/OoRDUPJAPkJV-IT-Administrator-Decorama-Cairo-Egypt?o=1482&l=sp&t=sj&a=data |search-v3|navbg,Full Time, Administration  IT/Software Development  Information Technology (IT)  Computer Maintenance  Network Troubleshooting  Microsoft SQL Server  Network Administration  Networks  Networking  Kaspersky, 5+ Yrs of Exp 
Senior Flutter Developer,DEVOPSolution,"Nasr City, Cairo, Egypt",1 month ago,https://wuzzuf.net/jobs/p/qYlnfkxxxWzs-Senior-Flutter-Developer-DEVOPSolution-Cairo-Egypt?o=1483&l=sp&t=sj&a=data |search-v3|navbg,Full Time, IT/Software Development  Engineering - Telecom/Technology  Information Technology (IT)  Flutter  Software Development  Android  RESTful  APIs  Development  Flutter Development, 5+ Yrs of Exp 
Brand Manager,Cairo Three A  Poultry,"Cairo, Egypt",1 month ago,https://wuzzuf.net/jobs/p/SROJ4lMHg8aF-Brand-Manager-Cairo-Three-A-Poultry-Cairo-Egypt?o=1484&l=sp&t=sj&a=data |search-v3|navbg,Full Time, females_preferred  Marketing/PR/Advertising  Branding  Communication  Market Research  Communication skills  Marketing  English  Advertising, 4 - 7 Yrs of Exp 
Credit Underwriter Officer,Fawry for Banking Technology and Electronic Payments S.A.E,"Smart Village, Giza, Egypt",2 months ago,https://wuzzuf.net/jobs/p/4NVFSBgWHilg-Credit-Underwriter-Officer-Fawry-for-Banking-Technology-and-Electronic-Payments-S-A-E-Giza-Egypt?o=1485&l=sp&t=sj&a=data |search-v3|navbg,Full Time, Accounting/Finance  Banking  Customer Service/Support  Accounting  Finance  Credit Risk  Retail  Credit, 1 - 2 Yrs of Exp 
Tax Accountant,Confidential,"Nasr City, Cairo, Egypt",2 months ago,https://wuzzuf.net/jobs/p/wQho0DOUfnD5-Tax-Accountant-Cairo-Egypt?o=1486&l=sp&t=sj&a=data |search-v3|navbg,Full Time, Accounting/Finance  Banking  Accounting  Egyptian Tax Laws  Finance  Financial Analysis  Microsoft Office  Tax Laws  Taxes  Tax, 5 - 7 Yrs of Exp 
Translator,TransOrient,"Cairo, Egypt",2 months ago,https://wuzzuf.net/jobs/p/Scv1D919ex6G-Translator-TransOrient-Cairo-Egypt?o=1487&l=sp&t=sj&a=data |search-v3|navbg,Full TimeWork From Home, Writing/Editorial  Translation  Localization  Writing  Editing  English Translation  Legal Translation  Medical Translation  Technical Translation  CAT, 3+ Yrs of Exp 
Senior Social Media Specialist,Mersal,"Maadi, Cairo, Egypt",2 months ago,https://wuzzuf.net/jobs/p/Z7BSE77AZ6Ej-Senior-Social-Media-Specialist-Mersal-Cairo-Egypt?o=1488&l=sp&t=sj&a=data |search-v3|navbg,Full Time, Marketing/PR/Advertising  Media/Journalism/Publishing  Digital Marketing  Social Media  Communication  Planning  Writing  social, 3 - 4 Yrs of Exp 
Senior IT - Alexandria.,Rubyred Garment,"Bourj Alarab, Alexandria, Egypt",2 months ago,https://wuzzuf.net/jobs/p/Ne6J8VpZ4OxT-Senior-IT---Alexandria-Rubyred-Garment-Alexandria-Egypt?o=1489&l=sp&t=sj&a=data |search-v3|navbg,Full Time, IT/Software Development  Engineering - Telecom/Technology  Firewall System  Server  Domain Controlling  MCSA  MCITP  MCSE  Computer Science  Computer Engineering, 3 - 5 Yrs of Exp 
Civil Project Managers,Confidential,"Sheikh Zayed, Giza, Egypt",2 months ago,https://wuzzuf.net/jobs/p/O8pG04ZAmWkk-Civil-Project-Managers-Giza-Egypt?o=1490&l=sp&t=sj&a=data |search-v3|navbg,Full Time, Engineering - Construction/Civil/Architecture  Operations/Management  Project/Program Management  Construction  Civil Engineering  Project Management  Leadership, 15 - 20 Yrs of Exp 
Senior Content Creator,Mersal,"Maadi, Cairo, Egypt",2 months ago,https://wuzzuf.net/jobs/p/VUv5PHfDKqbf-Senior-Content-Creator-Mersal-Cairo-Egypt?o=1491&l=sp&t=sj&a=data |search-v3|navbg,Full Time, Writing/Editorial  Media/Journalism/Publishing  content creator  Content  Marketing  Planning, 4 - 5 Yrs of Exp 
Senior Java backend Engineer,Al Soug-Cashi,"Dokki, Giza, Egypt",2 months ago,https://wuzzuf.net/jobs/p/jN5DkFhjtV0Z-Senior-Java-backend-Engineer-Al-Soug-Cashi-Giza-Egypt?o=1492&l=sp&t=sj&a=data |search-v3|navbg,Full Time, IT/Software Development  Engineering - Telecom/Technology  Information Technology (IT)  OOP  Java  Software Development  Spring  SOAP, 3 - 7 Yrs of Exp 
Business Development Consultant - Virtual Training,classera,"Cairo, Egypt",2 months ago,https://wuzzuf.net/jobs/p/n5bxKMzN62YZ-Business-Development-Consultant---Virtual-Training-classera-Cairo-Egypt?o=1493&l=sp&t=sj&a=data |search-v3|navbg,Full Time, Business Development  Sales/Retail  Business Development  Sales  Communication  Communication skills  Development  English  Business Administration  sales skills, 5+ Yrs of Exp 
Payroll & personnel Team Leader,Confidential,"Maadi, Cairo, Egypt",2 months ago,https://wuzzuf.net/jobs/p/LZy2ZL4UYBlj-Payroll-personnel-Team-Leader-Cairo-Egypt?o=1494&l=sp&t=sj&a=data |search-v3|navbg,Full Time, Human Resources  Payroll  Personnel  Human Resources (HR)  Compensation, 3 - 4 Yrs of Exp 
Applications Support Specialist,Rashideen Egypt for Trade,"Katameya, Cairo, Egypt",2 months ago,https://wuzzuf.net/jobs/p/ef83P09vP375-Applications-Support-Specialist-Rashideen-Egypt-for-Trade-Cairo-Egypt?o=1495&l=sp&t=sj&a=data |search-v3|navbg,Full Time, IT/Software Development  Information Technology (IT)  Application Support  SAP  SQL, 1 - 2 Yrs of Exp 
Sales Representative (Outdoor),Ramtrade,"Nasr City, Cairo, Egypt",2 months ago,https://wuzzuf.net/jobs/p/9c2ZvOZIcB8J-Sales-Representative-Outdoor-Ramtrade-Cairo-Egypt?o=1496&l=sp&t=sj&a=data |search-v3|navbg,Full Time, Customer Service/Support  Sales/Retail  Automotive  Batteries  Customer Service  Sales  sales skills  Sales Target  Skills  Spare Parts, 4 - 6 Yrs of Exp 
Cost Accountant,Egyptian Starch and Glucose  Manufacturing Company,"10th of Ramadan City, Sharqia, Egypt",2 months ago,https://wuzzuf.net/jobs/p/7B6sKUcaLPls-Cost-Accountant-Egyptian-Starch-and-Glucose-Manufacturing-Company-Sharqia-Egypt?o=1497&l=sp&t=sj&a=data |search-v3|navbg,Full Time, males_only  Accounting/Finance  Accounting  Cost Accounting  Cost  Cost Systems  Finance  Financial Analysis, 3 - 5 Yrs of Exp 
Chief Financial Officer (CFO),Host Sailor,"Ras al-Khaimah, United Arab Emirates",2 months ago,https://wuzzuf.net/jobs/p/7lGIFuH4ib5S-Chief-Financial-Officer-CFO-Host-Sailor-Ras-al-Khaimah-United-Arab-Emirates?o=1498&l=sp&t=sj&a=data |search-v3|navbg,Full TimeWork From Home, Accounting/Finance  Operations/Management  C-Level Executive/GM/Director  Accounting  CFO  CPA  Finance  Financial  Financial Analysis  Financial Management, 10 - 15 Yrs of Exp 
Factoring Relationship Deputy Manager,A.T Lease Egypt,"Sheikh Zayed, Giza, Egypt",2 months ago,https://wuzzuf.net/jobs/p/2LcSN4uNF64o-Factoring-Relationship-Deputy-Manager-A-T-Lease-Egypt-Giza-Egypt?o=1499&l=sp&t=sj&a=data |search-v3|navbg,Full Time, Operations/Management  Factoring  Client Relationship  Leasing, 8 - 10 Yrs of Exp 
Senior Mobile Application developer,Ejada,"Cairo, Egypt",2 months ago,https://wuzzuf.net/jobs/p/8L2mkHr8cxsY-Senior-Mobile-Application-developer-Ejada-Cairo-Egypt?o=1500&l=sp&t=sj&a=data |search-v3|navbg,Full Time, IT/Software Development  Android  Git  iOS  Software Development  React Native, 6 - 10 Yrs of Exp 
Senior IOS developer,Giza Systems,"New Cairo, Cairo, Egypt",2 months ago,https://wuzzuf.net/jobs/p/zvOuZCCh8a20-Senior-IOS-developer-STC-Solutions---Egypt-Cairo-Egypt?o=1501&l=sp&t=sj&a=data |search-v3|navbg,Full Time, IT/Software Development  iOS  Software Development  Computer Science  Swift  Objective-C  Software Engineering, 3 - 7 Yrs of Exp 
Registration Manager,Sinai University,"Qantarah Sharq, Ismailia, Egypt",2 months ago,https://wuzzuf.net/jobs/p/XmqsHGg0AII5-Registration-Manager-Sinai-University-Ismailia-Egypt?o=1502&l=sp&t=sj&a=data |search-v3|navbg,Full Time, Administration  Education/Teaching  Admission  Registration  Educational Technology  Management  Registrar, 10+ Yrs of Exp 
Medical Sales Representative,iVein Clinic,"New Cairo, Cairo, Egypt",2 months ago,https://wuzzuf.net/jobs/p/QNo4D8uSX3jI-Medical-Sales-Representative-iVein-Clinic-Cairo-Egypt?o=1503&l=sp&t=sj&a=data |search-v3|navbg,Full TimePart Time, Marketing/PR/Advertising  Medical/Healthcare  Medical  Marketing  Sales  Medical Sales  B2B Marketing  Sales Skills  Corporate Sales, 1 - 2 Yrs of Exp 
Account receivable Coordinator,Alnafitha,"Nasr City, Cairo, Egypt",2 months ago,https://wuzzuf.net/jobs/p/Vv82Nfh1D2vY-Account-receivable-Coordinator-Alnafitha-Cairo-Egypt?o=1504&l=sp&t=sj&a=data |search-v3|navbg,Full Time, Accounting/Finance  Accounting  Accounts Receivable  business  Communication  CRM  English  ERP  excel  Finance, 2 - 4 Yrs of Exp 
Recruitment Specialist,Confidential,"10th of Ramadan City, Cairo, Egypt",2 months ago,https://wuzzuf.net/jobs/p/CN5TyH0FPVkw-Recruitment-Specialist-Cairo-Egypt?o=1505&l=sp&t=sj&a=data |search-v3|navbg,Full Time, Human Resources  Human Resources (HR)  Human Resources  Communication skills  Recruitment, 1 - 3 Yrs of Exp 
Financial Analyst,Confidential,"Cairo, Egypt",2 months ago,https://wuzzuf.net/jobs/p/Ko8ygyY5nQ0n-Financial-Analyst-Cairo-Egypt?o=1506&l=sp&t=sj&a=data |search-v3|navbg,Full Time, Accounting/Finance  Analyst/Research  Accounting  Analyst  analytical  Commerce  Economics  excel  Finance  Financial, 3 - 5 Yrs of Exp 
Ads Sales Quality and Training Analyst –Management Trainee,Genpact,"Cairo, Egypt",2 months ago,https://wuzzuf.net/jobs/p/sYdHhUwguldu-Ads-Sales-Quality-and-Training-Analyst-–Management-Trainee-Genpact-Cairo-Egypt?o=1507&l=sp&t=sj&a=data |search-v3|navbg,Full Time, Manufacturing/Production  Quality  Digital Marketing  Digital Sales, 3 - 5 Yrs of Exp 
CEO Personal Assistant (M/F/D),Alghanim Agri,"Obour City, Cairo, Egypt",2 months ago,https://wuzzuf.net/jobs/p/bWEJl5ZcHqwP-CEO-Personal-Assistant-MFD-Alghanim-Agri-Cairo-Egypt?o=1508&l=sp&t=sj&a=data |search-v3|navbg,Full Time, Administration  Operations/Management  Administration  Assistant  Office management  Secretary, 8 - 12 Yrs of Exp 
Junior PHP Developer,Confidential,"Sidi Bishr, Alexandria, Egypt",2 months ago,https://wuzzuf.net/jobs/p/ZUzeOCrS00MO-Junior-PHP-Developer-Alexandria-Egypt?o=1509&l=sp&t=sj&a=data |search-v3|navbg,Full Time, IT/Software Development  Engineering - Telecom/Technology  MySQL  Computer Science  Docker  Laravel Framework  Laravel  Nginx  Elasticsearch  Logstash, 1 - 4 Yrs of Exp 
Recruitment and OD Specialist,Confidential,"Sheikh Zayed, Giza, Egypt",2 months ago,https://wuzzuf.net/jobs/p/rU6lFK2jMqMC-Recruitment-and-OD-Specialist-Giza-Egypt?o=1510&l=sp&t=sj&a=data |search-v3|navbg,Full Time, Human Resources  English  excel  Human Resources (HR)  Microsoft Office  OD  Recruitment, 1 - 3 Yrs of Exp 
Head of Growth,AlGooru,"Cairo, Egypt",2 months ago,https://wuzzuf.net/jobs/p/S05fLiLoiNVd-Head-of-Growth-AlGooru-Cairo-Egypt?o=1511&l=sp&t=sj&a=data |search-v3|navbg,Full Time, Marketing/PR/Advertising  Growth  Marketing, 4 - 7 Yrs of Exp 
Senior Ruby On Rails Developer - Remote,GetTechForce.com,"Cairo, Egypt",2 months ago,https://wuzzuf.net/jobs/p/RILSHWlbIyqY-Senior-Ruby-On-Rails-Developer---Remote-GetTechForce-com-Cairo-Egypt?o=1512&l=sp&t=sj&a=data |search-v3|navbg,Full TimeWork From Home, IT/Software Development  Engineering - Telecom/Technology  Ruby  Agile  Computer Science  CSS  DevOps  Engineering  HTML  Information Technology (IT), 2+ Yrs of Exp 
Senior Full Stack Developer/Frontend,Confidential,"Nasr City, Cairo, Egypt",2 months ago,https://wuzzuf.net/jobs/p/izJH7y1nWCAj-Senior-Full-Stack-DeveloperFrontend-Cairo-Egypt?o=1513&l=sp&t=sj&a=data |search-v3|navbg,Full TimeWork From Home, IT/Software Development  Full Stack  JavaScript  PHP  React  Information Technology (IT)  Laravel, 3 - 5 Yrs of Exp 
ITAM Asset Management Administrator,Ejada,"Cairo, Egypt",2 months ago,https://wuzzuf.net/jobs/p/BAQYfpzzwobp-ITAM-Asset-Management-Administrator-Ejada-Cairo-Egypt?o=1514&l=sp&t=sj&a=data |search-v3|navbg,Full TimeFreelance / Project, IT/Software Development  Cash Management  Financial Analysis  Micro Focus Application Lifecycle Management  BMC Remedy  ITSM  Servicenow ITSM  Asset Management application, 5 - 10 Yrs of Exp 
Python and Javascript Machine Learning Engineer (NLP - Natural Language Processing),GetTechForce.com,"Cairo, Egypt",2 months ago,https://wuzzuf.net/jobs/p/DgaOYxVHPUE7-Python-and-Javascript-Machine-Learning-Engineer-NLP---Natural-Language-Processing-GetTechForce-com-Cairo-Egypt?o=1515&l=sp&t=sj&a=data |search-v3|navbg,Full TimeWork From Home, IT/Software Development  Engineering - Telecom/Technology  Engineering - Other  Flask  Python  Software Development  Computer Science  Information Technology (IT)  Frameworks  Kubernetes, 3+ Yrs of Exp 
Financial Manager,Confidential,"Riyadh, Saudi Arabia",2 months ago,https://wuzzuf.net/jobs/p/k80rPIl4p8uo-Financial-Manager-Riyadh-Saudi-Arabia?o=1516&l=sp&t=sj&a=data |search-v3|navbg,Full Time, Accounting/Finance  Accounting  Construction  Financial Analysis  Financial Management  Finance  Commerce  ERP  Microsoft Office  Oracle, 10 - 16 Yrs of Exp 
Senior Marketing Specialist,Reap Solutions,"New Cairo, Cairo, Egypt",2 months ago,https://wuzzuf.net/jobs/p/k8eOWu1f0yIa-Senior-Marketing-Specialist-Reap-Solutions-Cairo-Egypt?o=1517&l=sp&t=sj&a=data |search-v3|navbg,Full Time, Marketing/PR/Advertising  Media/Journalism/Publishing  Digital Marketing  Marketing  E-marketing  Media  Social Media  SEO  Google Analytics  SEM, 3+ Yrs of Exp 
Accountant ( Logistics),Melco-Mec Egypt for Elevators & Escalators - Mitsubishi,"Dokki, Giza, Egypt",2 months ago,https://wuzzuf.net/jobs/p/64U3nAgIJmAy-Accountant-Logistics-Melco-Mec-Egypt-for-Elevators-Escalators---Mitsubishi-Giza-Egypt?o=1518&l=sp&t=sj&a=data |search-v3|navbg,Full Time, Accounting/Finance  Logistics/Supply Chain  Accounting  accountant  Logistics  Accounting principles, 5 - 7 Yrs of Exp 
SAP SD Consultant,Arabiat,"Mohandessin, Giza, Egypt",2 months ago,https://wuzzuf.net/jobs/p/DuodQn1LS8aj-SAP-SD-Consultant-Arabiat-Giza-Egypt?o=1519&l=sp&t=sj&a=data |search-v3|navbg,Full Time, IT/Software Development  Computer Science  SAP  SAP MM  SAP SD  SD  Integration, 2 - 3 Yrs of Exp 
Financial Manager,Confidential,"Dokki, Giza, Egypt",2 months ago,https://wuzzuf.net/jobs/p/yCN3tFVhZeRQ-Financial-Manager-Giza-Egypt?o=1520&l=sp&t=sj&a=data |search-v3|navbg,Full Time, Accounting/Finance  Banking  Operations/Management  Accounting  Communication  analytical  Real Estate  ERP System  Finance  Financial Analysis, 15 - 20 Yrs of Exp 
Marketing Agent,Confidential,"Cairo, Egypt",2 months ago,https://wuzzuf.net/jobs/p/IcXAPph6qBva-Marketing-Agent-Cairo-Egypt?o=1521&l=sp&t=sj&a=data |search-v3|navbg,Full Time, males_only  Customer Service/Support  Marketing/PR/Advertising  Sales/Retail  English  Marketing  Sales  Sales Skills  Communication, 3+ Yrs of Exp 
Sr. VOs & QS Engineer,DME Holding,"New Cairo, Cairo, Egypt",2 months ago,https://wuzzuf.net/jobs/p/aibsxV2wXzYO-Sr-VOs-QS-Engineer-DME-Holding-Cairo-Egypt?o=1522&l=sp&t=sj&a=data |search-v3|navbg,Full Time, Engineering - Construction/Civil/Architecture  Engineering  Quantity Surveying  Civil Engineering  Construction, 3 - 9 Yrs of Exp 
Stock Controller,Arma Non Food,"Talkha, Dakahlia, Egypt",2 months ago,https://wuzzuf.net/jobs/p/99fAwomnLlx0-Stock-Controller-Arma-Non-Food-Dakahlia-Egypt?o=1523&l=sp&t=sj&a=data |search-v3|navbg,Full Time, males_only  Accounting/Finance  Stock Controlling  Accounting  Stock Control  Odoo  Finance, 1 - 3 Yrs of Exp 
General Accountant,Al Asdekaa Group for Dairies Production and Trading,"Bourj Alarab, Alexandria, Egypt",2 months ago,https://wuzzuf.net/jobs/p/Eqnvb2j1T7B7-General-Accountant-Al-Asdekaa-Group-for-Dairies-Production-and-Trading-Alexandria-Egypt?o=1524&l=sp&t=sj&a=data |search-v3|navbg,Full Time, Accounting/Finance  Accounting  ERP, 2 - 3 Yrs of Exp 
Sr. Purchasing Specialist (Construction),DME Holding,"Heliopolis, Cairo, Egypt",2 months ago,https://wuzzuf.net/jobs/p/F9K14C5cPcR3-Sr-Purchasing-Specialist-Construction-DME-Holding-Cairo-Egypt?o=1525&l=sp&t=sj&a=data |search-v3|navbg,Full Time, Logistics/Supply Chain  Purchasing/Procurement  Construction  Communication  Negotiation  negotiation skills  Purchasing  Supply Chain  Procurement, 5 - 10 Yrs of Exp 
full stack Java and angular leader,DIRAC SYSTEMS,"Heliopolis, Cairo, Egypt",2 months ago,https://wuzzuf.net/jobs/p/rTD0K0AINpCC-full-stack-Java-and-angular-leader-DIRAC-SYSTEMS-Cairo-Egypt?o=1526&l=sp&t=sj&a=data |search-v3|navbg,Full Time, IT/Software Development  Engineering - Telecom/Technology  ERP  Computer Science  Engineering  JavaScript  CSS  HTML  Java  Spring, 3 - 10 Yrs of Exp 
Cost Accountant,Confidential,"Qantarah Sharq, Ismailia, Egypt",2 months ago,https://wuzzuf.net/jobs/p/cYz5PHTSUa0h-Cost-Accountant-Ismailia-Egypt?o=1527&l=sp&t=sj&a=data |search-v3|navbg,Full Time, Accounting/Finance  Hospitality/Hotels/Food Services  Logistics/Supply Chain  Accounting  Accounting principles  Cost Systems  Cost  Finance  Food Services  Cost Accounting, 3 - 5 Yrs of Exp 
International lead generator call center,Lashawn Properties,"Fort Lauderdale, United States",2 months ago,https://wuzzuf.net/jobs/p/hkbW5C22psIj-International-lead-generator-call-center-Lashawn-Properties-Fort-Lauderdale-United-States?o=1528&l=sp&t=sj&a=data |search-v3|navbg,Full TimePart TimeWork From Home, Marketing/PR/Advertising  Sales/Retail  Cold Calling  Customer Care  Real Estate  Sales  Call Center  English  Customer Service  Customer Support, 1 - 5 Yrs of Exp 
IT Manager,Confidential,"Maadi, Cairo, Egypt",2 months ago,https://wuzzuf.net/jobs/p/uWqIccDm0qQx-IT-Manager-Cairo-Egypt?o=1529&l=sp&t=sj&a=data |search-v3|navbg,Full Time, IT/Software Development  computer  Information Technology (IT)  Engineering  Computer Science  Software, 5 - 7 Yrs of Exp 
Accountant,Confidential,"Heliopolis, Cairo, Egypt",2 months ago,https://wuzzuf.net/jobs/p/YfBs7g16RYUO-Accountant-Cairo-Egypt?o=1530&l=sp&t=sj&a=data |search-v3|navbg,Full Time, Accounting/Finance  accountant  Accounting, 1 - 3 Yrs of Exp 
HSE Manager,Baheya Group For Hospitals and Projects,"Sheikh Zayed, Giza, Egypt",2 months ago,https://wuzzuf.net/jobs/p/hPKyxVv0tGKZ-HSE-Manager-Baheya-Group-For-Hospitals-and-Projects-Giza-Egypt?o=1531&l=sp&t=sj&a=data |search-v3|navbg,Full Time, males_only  Engineering - Other  Health and Safety  HSE  Engineering  Risk Assessment  Safety  OSHA  Planning  quality  Health, 7 - 10 Yrs of Exp 
Marketing Specialist,TEPCO S.A.E.,"6th of October, Giza, Egypt",2 months ago,https://wuzzuf.net/jobs/p/KgxH5sVGLGTN-Marketing-Specialist-TEPCO-S-A-E-Giza-Egypt?o=1532&l=sp&t=sj&a=data |search-v3|navbg,Full Time, Manufacturing/Production  Communication  Marketing, 0 - 3 Yrs of Exp 
Digital Marketing Specialist,ARPUPLUS,"Cairo, Egypt",2 months ago,https://wuzzuf.net/jobs/p/jZ7fe5fdroV5-Digital-Marketing-Specialist-ARPUPLUS-Cairo-Egypt?o=1533&l=sp&t=sj&a=data |search-v3|navbg,Full Time, Marketing/PR/Advertising  Sales/Retail  Media/Journalism/Publishing  Digital Marketing  Marketing  media  Social Media  Communication  Advertising Campaigns  CPA, 0 - 2 Yrs of Exp 
Oracle Fusion Developer,Centro CDX,"Maadi, Cairo, Egypt",2 months ago,https://wuzzuf.net/jobs/p/D7acZs9IIQ01-Oracle-Fusion-Developer-Centro-CDX-Cairo-Egypt?o=1534&l=sp&t=sj&a=data |search-v3|navbg,Full Time, Installation/Maintenance/Repair  IT/Software Development  Engineering - Telecom/Technology  business  Fusion  Oracle  Oracle Fusion  BI  Business Intelligence  Computer Science, 2 - 4 Yrs of Exp 
HR Coordinator,Maxevia Corporate,"Cairo, Egypt",2 months ago,https://wuzzuf.net/jobs/p/nIAVu7hpxZ0N-HR-Coordinator-Maxevia-Corporate-Cairo-Egypt?o=1535&l=sp&t=sj&a=data |search-v3|navbg,Full Time, females_only  Human Resources  Human Resources  HRM  Human Resources (HR)  Interview  HR  Recruitment  Personnel  English  Communication, 1 - 2 Yrs of Exp 
IT Manager,Confidential,"New Cairo, Cairo, Egypt",2 months ago,https://wuzzuf.net/jobs/p/Uz9l3yxG2nFh-IT-Manager-Cairo-Egypt?o=1536&l=sp&t=sj&a=data |search-v3|navbg,Full Time, Installation/Maintenance/Repair  IT/Software Development  Engineering - Telecom/Technology  IT Service Management  Computer Engineering  Information Technology (IT)  Project Management  Networking  technical  Troubleshooting, 14 - 15 Yrs of Exp 
Senior Accountant,Innuva IT Solutions,"Bolkly, Alexandria, Egypt",2 months ago,https://wuzzuf.net/jobs/p/8o8ro1dRA1sK-Senior-Accountant-Innuva-IT-Solutions-Alexandria-Egypt?o=1537&l=sp&t=sj&a=data |search-v3|navbg,Full Time, Accounting/Finance  Accounting  Finance  Taxes  Financial Management  Financial Analysis, 4 - 6 Yrs of Exp 
Sales Coordinator,Glamera,"Nasr City, Cairo, Egypt",2 months ago,https://wuzzuf.net/jobs/p/1Lgr39uWS5Yw-Sales-Coordinator-Glamera-Cairo-Egypt?o=1538&l=sp&t=sj&a=data |search-v3|navbg,Full Time, females_only  Administration  Customer Service/Support  Sales/Retail  Administration  Coordinator  Customer Service  Sales  Sales coordinator  sales skills  excel, 2 - 3 Yrs of Exp 
Oracle Database Administrator,HR International Business,"6th of October, Giza, Egypt",2 months ago,https://wuzzuf.net/jobs/p/QstcXy5jTRAZ-Oracle-Database-Administrator-HR-International-Business-Giza-Egypt?o=1539&l=sp&t=sj&a=data |search-v3|navbg,Full Time, IT/Software Development  ORACLE ADMINISTRATION  Oracle DBA  Oracle  DBA  Information Technology (IT)  SQL  OCP  OCA, 1 - 5 Yrs of Exp 
System Administrator (Retail) - (ERP system),Confidential,"6th of October, Giza, Egypt",2 months ago,https://wuzzuf.net/jobs/p/iiJdhRndFNop-System-Administrator-Retail---ERP-system-Giza-Egypt?o=1540&l=sp&t=sj&a=data |search-v3|navbg,Full Time, Installation/Maintenance/Repair  IT/Software Development  Engineering - Telecom/Technology  Computer Science  Information Technology (IT)  Engineering  Communication  Network  Security  Networks, 2 - 15 Yrs of Exp 
Accounts Payable Accountant ( Importing and Manufacturing ),T&D Design,"New Cairo, Cairo, Egypt",2 months ago,https://wuzzuf.net/jobs/p/dzro9zFjtDX6-Accounts-Payable-Accountant-Importing-and-Manufacturing-TD-Design-Cairo-Egypt?o=1541&l=sp&t=sj&a=data |search-v3|navbg,Full Time, Accounting/Finance  Account Payable  Accounting  Accounts Payable  English  ERP  Finance  Payable  Banking  Communication skills, 3 - 5 Yrs of Exp 
Customer Complaint & Service Quality officer,AMLAK Finance - Egypt,"Mohandessin, Giza, Egypt",2 months ago,https://wuzzuf.net/jobs/p/nFZIToCIYXBw-Customer-Complaint-Service-Quality-officer-AMLAK-Finance---Egypt-Giza-Egypt?o=1542&l=sp&t=sj&a=data |search-v3|navbg,Full Time, Customer Service/Support  Quality  Customer Service  Customer Support  Customer Care  Administration  business  Financial Services  Quality Assurance  Quality Management, 5 - 6 Yrs of Exp 
Junior Application Consultant- ERP,Rednet It Services,"Cairo, Egypt",2 months ago,https://wuzzuf.net/jobs/p/VveZJKqwQRwo-Junior-Application-Consultant--ERP-Rednet-It-Services-Cairo-Egypt?o=1543&l=sp&t=sj&a=data |search-v3|navbg,Full Time, IT/Software Development  Project/Program Management  Engineering - Telecom/Technology  Information Technology (IT)  ERP  Accounting  Microsoft SQL Server  Project Management  Technical Support  Problem Solving, 1 - 2 Yrs of Exp 
Senior ERP Application Consultant,Rednet It Services,"Cairo, Egypt",2 months ago,https://wuzzuf.net/jobs/p/XQ3tABQUrpDZ-Senior-ERP-Application-Consultant-Rednet-It-Services-Cairo-Egypt?o=1544&l=sp&t=sj&a=data |search-v3|navbg,Full Time, Accounting/Finance  IT/Software Development  Engineering - Telecom/Technology  Information Technology (IT)  ERP  Accounting  Microsoft SQL Server  C#.Net  Software Development  Software Engineering, 3+ Yrs of Exp 
Export sales Executive,Kasr Kabaw Marble,"Maadi, Cairo, Egypt",2 months ago,https://wuzzuf.net/jobs/p/X8N8A5Saj26c-Export-sales-Executive-Kasr-Kabaw-Marble-Cairo-Egypt?o=1545&l=sp&t=sj&a=data |search-v3|navbg,Full Time, Logistics/Supply Chain  Sales/Retail  negotiation skills  Communication skills  sales skills  Sales  Marble  Granite  Export  English, 1 - 4 Yrs of Exp 
Cabin Crew,Air Arabia,"Sheraton, Cairo, Egypt",2 months ago,https://wuzzuf.net/jobs/p/jRbJUTJhUQmf-Cabin-Crew-Air-Arabia-Cairo-Egypt?o=1546&l=sp&t=sj&a=data |search-v3|navbg,Full Time, Customer Service/Support  Hospitality/Hotels/Food Services  Tourism/Travel  Airlines  Aviation  Cabin crew, 0 - 3 Yrs of Exp 
Telesales Agent,E.M.A Advertising Agency,"Sidi Bishr, Alexandria, Egypt",2 months ago,https://wuzzuf.net/jobs/p/GS4uOS6Egb6S-Telesales-Agent-E-M-A-Advertising-Agency-Alexandria-Egypt?o=1547&l=sp&t=sj&a=data |search-v3|navbg,Full Time, Marketing/PR/Advertising  sales skills  Communication  Customer Service  Negotiation  Digital Marketing, 2 - 5 Yrs of Exp 
Senior HR Generalist,SATA Group,"Nasr City, Cairo, Egypt",2 months ago,https://wuzzuf.net/jobs/p/Anwn3ODW89Se-Senior-HR-Generalist-SATA-Group-Cairo-Egypt?o=1548&l=sp&t=sj&a=data |search-v3|navbg,Full Time, Human Resources  Operations/Management  Human Resources (HR)  Communication skills  Business Administration  Labor  Administration  business  Recruitment  Skills, 4 - 7 Yrs of Exp 
Finance Manager,Confidential,"Mohandessin, Giza, Egypt",2 months ago,https://wuzzuf.net/jobs/p/kXplqEOWsWF3-Finance-Manager-Giza-Egypt?o=1549&l=sp&t=sj&a=data |search-v3|navbg,Full Time, males_only  Accounting/Finance  Manufacturing/Production  CMA  ERP  Finance  Financial Analysis  Financial Management  Manufacturing, 10 - 15 Yrs of Exp 
Senior digital product designer,SSC Egypt,"Cairo, Egypt",2 months ago,https://wuzzuf.net/jobs/p/uI3Ky6wIdR74-Senior-digital-product-designer-SSC-Egypt-Cairo-Egypt?o=1550&l=sp&t=sj&a=data |search-v3|navbg,Full Time, Creative/Design/Art  IT/Software Development  digital products  Marketing  Product Design  Design, 3 - 5 Yrs of Exp 
GL Section Head,Corona,"Cairo, Egypt",2 months ago,https://wuzzuf.net/jobs/p/UN24enMREA7S-GL-Section-Head-Corona-Cairo-Egypt?o=1551&l=sp&t=sj&a=data |search-v3|navbg,Full Time, Accounting/Finance  Accounting  Commerce  excel, 3 - 5 Yrs of Exp 
Talent Acquisition Specialist,United Engineering For Construction (UECC),"Giza, Egypt",2 months ago,https://wuzzuf.net/jobs/p/ycUhrDprxRoa-Talent-Acquisition-Specialist-United-Engineering-For-Construction-UECC-Giza-Egypt?o=1552&l=sp&t=sj&a=data |search-v3|navbg,Full Time, Human Resources  Human Resources  Human Resources (HR)  human resources management  Interviewing  Recruitment  Talent acquisition, 4 - 6 Yrs of Exp 
Banking & Partnerships Executive,Kashier Payment Solutions,"Zamalek, Cairo, Egypt",2 months ago,https://wuzzuf.net/jobs/p/X9EWSjAIM6Mj-Banking-Partnerships-Executive-Kashier-Payment-Solutions-Cairo-Egypt?o=1553&l=sp&t=sj&a=data |search-v3|navbg,Full Time, Banking  Business Development  IT/Software Development  Banking  Business Development  Development  Financial  Management  Partnership  Project Management, 3 - 5 Yrs of Exp 
Business Development Engineer- Lighting Section,Al Andalus Electrical Solutions,"New Cairo, Cairo, Egypt",2 months ago,https://wuzzuf.net/jobs/p/VkyfTUWntn6e-Business-Development-Engineer--Lighting-Section-Al-Andalus-Electrical-Solutions-Cairo-Egypt?o=1554&l=sp&t=sj&a=data |search-v3|navbg,Full Time, Business Development  Engineering - Mechanical/Electrical  Business Development  Development  Sales  Sales Skills  Sales Target  Electrical Engineering  English  Telecom Engineering, 5 - 7 Yrs of Exp 
SEO Specialist - Italian Language,The Faktory Group LLC,"Cairo, Egypt",2 months ago,https://wuzzuf.net/jobs/p/zbpmB58ZGO4A-SEO-Specialist---Italian-Language-The-Faktory-Group-LLC-Cairo-Egypt?o=1555&l=sp&t=sj&a=data |search-v3|navbg,Full TimeWork From Home, IT/Software Development  Marketing/PR/Advertising  Other  SEO  Search Engine Optimization  Italian  Italian-language  Digital Marketing  WordPress  E-Commerce, 2 - 5 Yrs of Exp 
Senior PHP Developer (Laravel With MongoDB) +3,Media Pan arab,"Mokattam, Cairo, Egypt",2 months ago,https://wuzzuf.net/jobs/p/8CKHOGBvl9N3-Senior-PHP-Developer-Laravel-With-MongoDB-3-Media-Pan-arab-Cairo-Egypt?o=1556&l=sp&t=sj&a=data |search-v3|navbg,Full Time, IT/Software Development  Engineering - Telecom/Technology  PHP  Laravel  Web Developer  MongoDB  senior developer  senior web developer  laravel developer  Software Engineer, 3 - 10 Yrs of Exp 
Purchasing Manager,Floortec,"6th of October, Giza, Egypt",2 months ago,https://wuzzuf.net/jobs/p/FTeeg1cuvNUl-Purchasing-Manager-Floortec-Giza-Egypt?o=1557&l=sp&t=sj&a=data |search-v3|navbg,Full Time, Logistics/Supply Chain  Operations/Management  Purchasing/Procurement  Purchasing  Procurement  Logistics  Construction, 10 - 15 Yrs of Exp 
Accounting & Office Administrator,Blue Ribbon,"New Cairo, Cairo, Egypt",2 months ago,https://wuzzuf.net/jobs/p/bHeaV7Bcul6d-Accounting-Office-Administrator-Blue-Ribbon-Cairo-Egypt?o=1558&l=sp&t=sj&a=data |search-v3|navbg,Full Time, Accounting/Finance  Administration  Administration  Business Administration  Management  Accounting  Finance  English  Time Management  Skills, 1+ Yrs of Exp 
Software Tester,SATA Group,"Nasr City, Cairo, Egypt",2 months ago,https://wuzzuf.net/jobs/p/Oi9WiJuo1qdv-Software-Tester-SATA-Group-Cairo-Egypt?o=1559&l=sp&t=sj&a=data |search-v3|navbg,Full Time, IT/Software Development  Engineering - Telecom/Technology  Performance Testing  Quality Control  Information Technology (IT)  Computer Science  application  Testing, 3 - 5 Yrs of Exp 
Logistics Manager,Confidential,"Abu Rawash, Giza, Egypt",2 months ago,https://wuzzuf.net/jobs/p/XD5rPoJOiT3P-Logistics-Manager-Giza-Egypt?o=1560&l=sp&t=sj&a=data |search-v3|navbg,Full Time, Logistics/Supply Chain  Operations/Management  Purchasing/Procurement  Logistics  Management  Supply Chain  supply chain management  Purchasing, 10 - 15 Yrs of Exp 
Quality Control Engineer,Alghanim Agri,"Obour City, Cairo, Egypt",2 months ago,https://wuzzuf.net/jobs/p/yug0agqBljC2-Quality-Control-Engineer-Alghanim-Agri-Cairo-Egypt?o=1561&l=sp&t=sj&a=data |search-v3|navbg,Full Time, Manufacturing/Production  Quality  Engineering - Other  Agriculture  Quality Control  QC  Food  Science  Quality Assurance  Engineering, 3 - 5 Yrs of Exp 
Operations Manager,Five M Waste Management,"6th of October, Giza, Egypt",2 months ago,https://wuzzuf.net/jobs/p/nob0J1AxDKHo-Operations-Manager-Five-M-Waste-Management-Giza-Egypt?o=1562&l=sp&t=sj&a=data |search-v3|navbg,Full Time, Operations/Management  Management  Microsoft Office  waste management  waste transportation, 3 - 20 Yrs of Exp 
Senior iOS Developer,CST Systems,"New Cairo, Cairo, Egypt",2 months ago,https://wuzzuf.net/jobs/p/AccYU06HCrtV-Senior-iOS-Developer-CST-Systems-Cairo-Egypt?o=1563&l=sp&t=sj&a=data |search-v3|navbg,Full Time, IT/Software Development  Engineering - Telecom/Technology  Computer Science  Software Engineering  Information Technology (IT)  Software Development  iOS  Swift  REST  Apple, 3 - 7 Yrs of Exp 
Senior Technical recruiter,Giza Systems,"New Cairo, Cairo, Egypt",2 months ago,https://wuzzuf.net/jobs/p/HYe5lUDTr9fe-Senior-Technical-recruiter-STC-Solutions---Egypt-Cairo-Egypt?o=1564&l=sp&t=sj&a=data |search-v3|navbg,Full Time, Human Resources  Hiring  Human Resources (HR)  Recruitment  Recruiter  Technical Recruiter, 3 - 5 Yrs of Exp 
IT section Head,Al monairy,"10th of Ramadan City, Sharqia, Egypt",2 months ago,https://wuzzuf.net/jobs/p/LEOqN4hNTPWb-IT-section-Head-Al-monairy-Sharqia-Egypt?o=1565&l=sp&t=sj&a=data |search-v3|navbg,Full Time, IT/Software Development  IT  Management  Computer Science, 5 - 7 Yrs of Exp 
MEP Area Manager,MH-Group,"Dokki, Giza, Egypt",2 months ago,https://wuzzuf.net/jobs/p/lfbwUF9aque1-MEP-Area-Manager-MH-Group-Giza-Egypt?o=1566&l=sp&t=sj&a=data |search-v3|navbg,Full Time, Operations/Management  Project/Program Management  Engineering - Mechanical/Electrical  Mechanical Engineering  Banking Buildings  Management  Engineering  PMP  Construction  MEP, 10 - 15 Yrs of Exp 
SharePoint EPM,RMG,"Amman, Jordan",2 months ago,https://wuzzuf.net/jobs/p/Hb8H2mmfX03s-SharePoint-EPM-RMG-Amman-Jordan?o=1567&l=sp&t=sj&a=data |search-v3|navbg,Full Time, Installation/Maintenance/Repair  IT/Software Development  Engineering - Telecom/Technology  EPM  Installation  Configuration  Security  Reporting  Microsoft Project  Software Development, 5+ Yrs of Exp 
Production Manager,Chema Foam,"10th of Ramadan City, Sharqia, Egypt",2 months ago,https://wuzzuf.net/jobs/p/HNBBtzjSqBTM-Production-Manager-Chema-Foam-Sharqia-Egypt?o=1568&l=sp&t=sj&a=data |search-v3|navbg,Full Time, Operations/Management  Manufacturing/Production  Engineering - Other  Manufacturing  Production  Management  Polystyrene  Computer Skills  Engineering  Six Sigma, 10 - 15 Yrs of Exp 
Payroll Trainee,LEONI Wiring System Egypt S.A.E,"Nasr City, Cairo, Egypt",2 months ago,https://wuzzuf.net/internship/4sZa7pIwhlQK-Payroll-Trainee-LEONI-Wiring-System-Egypt-S-A-E-Cairo-Egypt?o=1569&l=sp&t=sj&a=data |search-v3|navbg,Internship, Human Resources  Commerce  Payroll  Human Resources (HR), 0 - 1 Yrs of Exp 
Mechanical QC Engineer,Rowad Modern Engineering,"Dabaa, Matruh, Egypt",2 months ago,https://wuzzuf.net/jobs/p/wItqZ3GGLpcW-Mechanical-QC-Engineer-Rowad-Modern-Engineering-Matruh-Egypt?o=1570&l=sp&t=sj&a=data |search-v3|navbg,Full Time, Engineering - Construction/Civil/Architecture  Engineering - Mechanical/Electrical  Construction  Contracting  Mechanical Engineering  Mechanical/Electrical  Mechanical  QC  Engineering, 5 - 7 Yrs of Exp 
Assistant Brand Manager,Vision,"Nasr City, Cairo, Egypt",2 months ago,https://wuzzuf.net/jobs/p/1med7DN6fR7C-Assistant-Brand-Manager-Vision-Cairo-Egypt?o=1571&l=sp&t=sj&a=data |search-v3|navbg,Full Time, Marketing/PR/Advertising  Marketing  Microsoft Office  English  Brand Marketing  Branding, 1 - 3 Yrs of Exp 
General Accountant,Pannelli,"Nasr City, Cairo, Egypt",2 months ago,https://wuzzuf.net/jobs/p/2RJhfC19J7WY-General-Accountant-Pannelli-Cairo-Egypt?o=1572&l=sp&t=sj&a=data |search-v3|navbg,Full Time, males_only  Accounting/Finance  accountant  Accounting  Commerce  Communication  Computer Skills  Finance  excel, 1 - 3 Yrs of Exp 
Quality Inspector,IMUT International Marathon United Technology,"Obour City, Cairo, Egypt",2 months ago,https://wuzzuf.net/jobs/p/LNflDrv9H7Kt-Quality-Inspector-IMUT-International-Marathon-United-Technology-Cairo-Egypt?o=1573&l=sp&t=sj&a=data |search-v3|navbg,Full Time, R&D/Science  Quality  QC  quality  Quality Assurance  Quality Control  Science, 1 - 5 Yrs of Exp 
Supply Chain Analyst,Tie House,"New Cairo, Cairo, Egypt",2 months ago,https://wuzzuf.net/jobs/p/869GcQTS1yXR-Supply-Chain-Analyst-Tie-House-Cairo-Egypt?o=1574&l=sp&t=sj&a=data |search-v3|navbg,Full Time, Logistics/Supply Chain  Operations/Management  Purchasing/Procurement  Supply Chain  Business Management  Management  Operations  Procurement  Purchasing, 1 - 3 Yrs of Exp 
Factories General Manager,Al-Rowad for Plastic Pipes,"10th of Ramadan City, Cairo, Egypt",2 months ago,https://wuzzuf.net/jobs/p/7RWLP7S0TgFf-Factories-General-Manager-Al-Rowad-for-Plastic-Pipes-Cairo-Egypt?o=1575&l=sp&t=sj&a=data |search-v3|navbg,Full Time, males_only  Manufacturing/Production  Engineering  Manufacturing Industry  Plastics Engineering, 15 - 20 Yrs of Exp 
Technical Office Architect,Confidential,"Heliopolis, Cairo, Egypt",2 months ago,https://wuzzuf.net/jobs/p/o3vRcbRHZODl-Technical-Office-Architect-Cairo-Egypt?o=1576&l=sp&t=sj&a=data |search-v3|navbg,Full Time, Engineering - Construction/Civil/Architecture  Creative/Design/Art  Engineering - Mechanical/Electrical  Architecture  Architecture Engineering  Engineering  Construction  AutoCAD  Microsoft Office  Revit, 5 - 7 Yrs of Exp 
Senior Financial Analysis Specialist,Jamjoom Pharma,"Cairo, Egypt",2 months ago,https://wuzzuf.net/jobs/p/KOixa7RDpEfB-Senior-Financial-Analysis-Specialist-Jamjoom-Pharma-Cairo-Egypt?o=1577&l=sp&t=sj&a=data |search-v3|navbg,Full Time, Accounting/Finance  Analyst/Research  Accounting  Commerce  Communication skills  English  Finance  Financial Analysis  Financial Management  ERP, 4 - 7 Yrs of Exp 
Finance Manager,Confidential,"10th of Ramadan City, Cairo, Egypt",2 months ago,https://wuzzuf.net/jobs/p/N6kszHAw96my-Finance-Manager-Cairo-Egypt?o=1578&l=sp&t=sj&a=data |search-v3|navbg,Full Time, males_only  Accounting/Finance  Banking  Operations/Management  Financial Management  CMA  Financial Analysis  Accounting  Cash Flow, 10 - 15 Yrs of Exp 
Senior English <> Arabic,Windsor,"Assiut, Egypt",2 months ago,https://wuzzuf.net/jobs/p/3TmUevIQLpC8-Senior-English-ltgt-Arabic-Windsor-Assiut-Egypt?o=1579&l=sp&t=sj&a=data |search-v3|navbg,Part TimeFreelance / Project, Marketing/PR/Advertising  Media/Journalism/Publishing  Arabic  Translating  Translation  English, Writing/Editorial 
Marketing Specialist,Designy,"Maadi, Cairo, Egypt",2 months ago,https://wuzzuf.net/jobs/p/IEw4IrTJnrw0-Marketing-Specialist-Designy-Cairo-Egypt?o=1580&l=sp&t=sj&a=data |search-v3|navbg,Full Time, Marketing/PR/Advertising  Media/Journalism/Publishing  Marketing  E-marketing  Market Research  Online Marketing  Business Administration  Communication skills  Social Media  English, 3+ Yrs of Exp 
Digital Marketing Specialist,Trip Start Travel & Tours,"6th of October, Giza, Egypt",2 months ago,https://wuzzuf.net/jobs/p/XPY89lWE72NK-Digital-Marketing-Specialist-Trip-Start-Travel-Tours-Giza-Egypt?o=1581&l=sp&t=sj&a=data |search-v3|navbg,Full TimePart TimeWork From Home, Marketing/PR/Advertising  Media/Journalism/Publishing  Startup  Social Media  Media  Marketing  Digital Marketing  Market Research  E-Marketing  social media marketing, 0 - 3 Yrs of Exp 
Accountant Manager,Smart Lighting,"Sheraton, Cairo, Egypt",2 months ago,https://wuzzuf.net/jobs/p/ce3emvoGWeFj-Accountant-Manager-Smart-Lighting-Cairo-Egypt?o=1582&l=sp&t=sj&a=data |search-v3|navbg,Full Time, Accounting/Finance  Administration  Banking  Bookkeeping  Communication skills  Finance  Accounting, 5 - 9 Yrs of Exp 
Business Application Development Technical Lead (Magento Expert),Seoudi Supermarket,"6th of October, Giza, Egypt",2 months ago,https://wuzzuf.net/jobs/p/C80xh097KyRI-Business-Application-Development-Technical-Lead-Magento-Expert-Seoudi-Supermarket-Giza-Egypt?o=1583&l=sp&t=sj&a=data |search-v3|navbg,Full Time, Business Development  IT/Software Development  Engineering - Telecom/Technology  Business Development  Application Development  Computer Science  Information Technology (IT)  GraphQL  JavaScript  Software Development, 6 - 8 Yrs of Exp 
Technical Sales Engineer,Deutschland Technology Limited,"Obour City, Cairo, Egypt",2 months ago,https://wuzzuf.net/jobs/p/X7R3553OshAB-Technical-Sales-Engineer-Deutschland-Technology-Limited-Cairo-Egypt?o=1584&l=sp&t=sj&a=data |search-v3|navbg,Full Time, Sales/Retail  Engineering - Mechanical/Electrical  BOQ  Sales  Sales Skills  Sales Target  Communication Skills  Computer Skills  Microsoft Office  Microsoft Excel, 0 - 2 Yrs of Exp 
technical office engineer,INdesign,"Sheikh Zayed, Giza, Egypt",2 months ago,https://wuzzuf.net/jobs/p/zVdNo6jmPrPf-technical-office-engineer-INdesign-Giza-Egypt?o=1585&l=sp&t=sj&a=data |search-v3|navbg,Full Time, Engineering - Construction/Civil/Architecture  Technical Office Engineering  Engineering, 3 - 5 Yrs of Exp 
Senior Embedded System Engineer,Confidential,"6th of October, Giza, Egypt",2 months ago,https://wuzzuf.net/jobs/p/v7dG4P0lp0MH-Senior-Embedded-System-Engineer-Giza-Egypt?o=1586&l=sp&t=sj&a=data |search-v3|navbg,Full Time, IT/Software Development  Manufacturing/Production  Engineering - Telecom/Technology  Python  Software Development  Software  Software Engineering  Electronics  Engineering  Design, 2 - 6 Yrs of Exp 
Commercial Finance Manager,ECH,"Abdeen, Cairo, Egypt",2 months ago,https://wuzzuf.net/jobs/p/55F3NxNVsr6x-Commercial-Finance-Manager-ECH-Cairo-Egypt?o=1587&l=sp&t=sj&a=data |search-v3|navbg,Full Time, Accounting/Finance  Accounting  Finance  Financial Analysis  Financial Management  Modeling  Financial Modeling  Financial  Commerce, 10 - 15 Yrs of Exp 
Senior .NET Full Stack Developer (.NET Core & Angular),Lumin,"Sheikh Zayed, Giza, Egypt",2 months ago,https://wuzzuf.net/jobs/p/DEBua6zk9iOo-Senior-NET-Full-Stack-Developer-NET-Core-Angular-Lumin-Giza-Egypt?o=1588&l=sp&t=sj&a=data |search-v3|navbg,Full Time, males_only  IT/Software Development  Engineering - Telecom/Technology  ASP.NET  ADO.NET  C#.Net  .NET  .NEt Full Stack Developer  Full Stack Developer  java  Python, 4+ Yrs of Exp 
SEO Specialist,Be Digital Agency,"6th of October, Giza, Egypt",2 months ago,https://wuzzuf.net/jobs/p/KJXWRxO2XpZ4-SEO-Specialist-Be-Digital-Agency-Giza-Egypt?o=1589&l=sp&t=sj&a=data |search-v3|navbg,Full Time, Marketing/PR/Advertising  Media/Journalism/Publishing  Digital Marketing  SEO  E-marketing  Webmaster  Online Marketing  Marketing  Google Adwords  Google Analytics, 1 - 2 Yrs of Exp 
Junior Site Cost Control,TIC,"Cairo, Egypt",2 months ago,https://wuzzuf.net/jobs/p/CIM3VkocK0IQ-Junior-Site-Cost-Control-TIC-Cairo-Egypt?o=1590&l=sp&t=sj&a=data |search-v3|navbg,Full Time, males_preferred  Engineering - Construction/Civil/Architecture  Cost Control  Engineering  Site  Civil Engineering  Architecture, 3 - 5 Yrs of Exp 
Stock Controller,ElEzaby Autoparts,"6th of October, Giza, Egypt",2 months ago,https://wuzzuf.net/jobs/p/sKWVuwx4MkaN-Stock-Controller-ElEzaby-Autoparts-Giza-Egypt?o=1591&l=sp&t=sj&a=data |search-v3|navbg,Full Time, males_only  Accounting/Finance  Logistics/Supply Chain  Purchasing/Procurement  Logistics  Stock Control  Supply Chain  Automotive  Accounting, 1 - 2 Yrs of Exp 
Operations & Traffic coordinator (Digital),Bee Interactive Ltd.,"Zamalek, Cairo, Egypt",2 months ago,https://wuzzuf.net/internship/GmUDNs0gOd6Y-Operations-Traffic-coordinator-Digital-Bee-Interactive-Ltd-Cairo-Egypt?o=1592&l=sp&t=sj&a=data |search-v3|navbg,Internship, Marketing/PR/Advertising  Operations  Digital Advertising  Project Coordination  Coordination  Communication, Operations/Management 
"GureTruck - Mid Senior UI/UX designer - ElGouna,Egypt",Kalasko,"Hurghada, Red Sea, Egypt",2 months ago,https://wuzzuf.net/jobs/p/PaT5NA19NBXi-GureTruck---Mid-Senior-UIUX-designer---ElGounaEgypt-Kalasko-Red-Sea-Egypt?o=1593&l=sp&t=sj&a=data |search-v3|navbg,Full Time, IT/Software Development  Quality  UI/UX  UI Design  UX Design  Figma  Web Applications  Mobile platforms, 3 - 4 Yrs of Exp 
Social Media Specialist,Physiocare,"Maadi, Cairo, Egypt",2 months ago,https://wuzzuf.net/jobs/p/WfKIQH81LyCl-Social-Media-Specialist-Physiocare-Cairo-Egypt?o=1594&l=sp&t=sj&a=data |search-v3|navbg,Full Time, Creative/Design/Art  Marketing/PR/Advertising  Media/Journalism/Publishing  Digital Marketing  Social Media  Digital  Creative  Social Media Platforms  Google  Google Ads, 2 - 5 Yrs of Exp 
Telemarketing Survey Specialist,Orange Egypt,"Smart Village, Giza, Egypt",2 months ago,https://wuzzuf.net/jobs/p/SESCEHbdvvFK-Telemarketing-Survey-Specialist-Orange-Egypt-Giza-Egypt?o=1595&l=sp&t=sj&a=data |search-v3|navbg,Full Time, Customer Service/Support  Telesales  Customer Care  Telecommunication  Customer Support  Customer Relations  Customer Satisfaction  Telemarketing  Customer Service, 0 - 2 Yrs of Exp 
Senior System Administrator,Kandil Industries,"10th of Ramadan City, Cairo, Egypt",2 months ago,https://wuzzuf.net/jobs/p/xYceHRBgIB0A-Senior-System-Administrator-Kandil-Industries-Cairo-Egypt?o=1596&l=sp&t=sj&a=data |search-v3|navbg,Full Time, Installation/Maintenance/Repair  IT/Software Development  Engineering - Telecom/Technology  Linux  Information Technology (IT)  Computer Science  Computer Engineering  computer  CCNA  Engineering, 5 - 8 Yrs of Exp 
Quality Control Engineer ( Multinational Logistics company),Pillars,"Cairo, Egypt",2 months ago,https://wuzzuf.net/jobs/p/gdeFsdxU1ZBB-Quality-Control-Engineer-Multinational-Logistics-company-Pillars-Cairo-Egypt?o=1597&l=sp&t=sj&a=data |search-v3|navbg,Full Time, IT/Software Development  Logistics/Supply Chain  Quality  QA engineering  Cucumber BDD  Cucumber BDD Tool  Selenium IDE  Quality Control  Science  ISTQB, 4+ Yrs of Exp 
Backend Developer - Laravel,Clavis Business Solutions,"6th of October, Giza, Egypt",2 months ago,https://wuzzuf.net/jobs/p/VLlhT1xFtcY9-Backend-Developer---Laravel-Clavis-Business-Solutions-Giza-Egypt?o=1598&l=sp&t=sj&a=data |search-v3|navbg,Full TimePart Time, IT/Software Development  Software Development  Software  Development  Laravel  PHP, 1 - 3 Yrs of Exp 
Junior Foreign Purchasing Specialist,ABCO Group,"Bourj Alarab, Alexandria, Egypt",2 months ago,https://wuzzuf.net/jobs/p/75Q4knr2TE3m-Junior-Foreign-Purchasing-Specialist-ABCO-Group-Alexandria-Egypt?o=1599&l=sp&t=sj&a=data |search-v3|navbg,Full Time, Logistics/Supply Chain  Purchasing/Procurement  Administration  Business Administration  Communication  ERP  Logistics  Manufacturing  Negotiation  Procurement, 1 - 3 Yrs of Exp 
Electrical engineer (design),Centro Engineering Construction,"Cairo, Egypt",2 months ago,https://wuzzuf.net/jobs/p/4ZpxRl8RfrEW-Electrical-engineer-design-Centro-Engineering-Construction-Cairo-Egypt?o=1600&l=sp&t=sj&a=data |search-v3|navbg,Full Time," Engineering - Mechanical/Electrical  Electrical Engineering  Mechanical, Electrical, and Plumbing", 4 - 10 Yrs of Exp 
Senior Integration Tester (Multinational Logistics CO.),Pillars,"New Cairo, Cairo, Egypt",2 months ago,https://wuzzuf.net/jobs/p/9MYylN0cmMYA-Senior-Integration-Tester-Multinational-Logistics-CO-Pillars-Cairo-Egypt?o=1601&l=sp&t=sj&a=data |search-v3|navbg,Full Time, IT/Software Development  Engineering - Telecom/Technology  MS SQL Server  Oracle Database  SDLC  QTP  SIPP  James Hay  BDD  Scrum, 5 - 7 Yrs of Exp 
Business Analyst ( Multinational Logistics company),Pillars,"Cairo, Egypt",2 months ago,https://wuzzuf.net/jobs/p/yiKD8KEAPMb0-Business-Analyst-Multinational-Logistics-company-Pillars-Cairo-Egypt?o=1602&l=sp&t=sj&a=data |search-v3|navbg,Full Time, IT/Software Development  Analyst/Research  Engineering - Telecom/Technology  Analysis  Analyst  Business Analysis  Engineering  Information Technology (IT)  Computer Science  Management, 4 - 7 Yrs of Exp 
Technical Support Engineer 1,Location Solutions,"Cairo, Egypt",2 months ago,https://wuzzuf.net/jobs/p/P6mRSS3Pw8Vt-Technical-Support-Engineer-1-Location-Solutions-Cairo-Egypt?o=1603&l=sp&t=sj&a=data |search-v3|navbg,Full Time, IT/Software Development  Engineering - Telecom/Technology  Microsoft Excel  Support engineer, 1 - 3 Yrs of Exp 
Digital Marketing Specialist,EBI Company,"Cairo, Egypt",2 months ago,https://wuzzuf.net/jobs/p/ows90SwHWXRo-Digital-Marketing-Specialist-EBI-Company-Cairo-Egypt?o=1604&l=sp&t=sj&a=data |search-v3|navbg,Full Time, Marketing/PR/Advertising  Media/Journalism/Publishing  Digital Marketing  Marketing  Social Media  media  E-Marketing, 2 - 5 Yrs of Exp 
Senior Project Control Engineer,Rowad Modern Engineering,"North Coast, Matruh, Egypt",2 months ago,https://wuzzuf.net/jobs/p/QT3rAhEZ0yTC-Senior-Project-Control-Engineer-Rowad-Modern-Engineering-Matruh-Egypt?o=1605&l=sp&t=sj&a=data |search-v3|navbg,Full Time, Engineering - Construction/Civil/Architecture  Planning  Planning Engineer  Civil Engineering  Primavera  Construction  Mega Projects  Engineering  Civil  Architectural, 6+ Yrs of Exp 
Senior social media specialist,EL-Mobadara,"6th of October, Giza, Egypt",2 months ago,https://wuzzuf.net/jobs/p/F7U1M4U7PUCy-Senior-social-media-specialist-EL-Mobadara-Giza-Egypt?o=1606&l=sp&t=sj&a=data |search-v3|navbg,Full Time, females_only  Writing/Editorial  Marketing/PR/Advertising  Media/Journalism/Publishing  media  Communication skills  facebook  Marketing  Online Marketing  Social Media  Writing, 3 - 5 Yrs of Exp 
Senior Planning Engineer,Rowad Modern Engineering,"Suez, Suez, Egypt",2 months ago,https://wuzzuf.net/jobs/p/VzUAIKgGkvFe-Senior-Planning-Engineer-Rowad-Modern-Engineering-Suez-Egypt?o=1607&l=sp&t=sj&a=data |search-v3|navbg,Full Time, Engineering - Construction/Civil/Architecture  Construction  Planning  Civil Engineering  Primavera  Project Management  Engineering  Architecture  Mega Projects  Civil, 6+ Yrs of Exp 
Payroll Specialist,Elsewedy industries,"New Cairo, Cairo, Egypt",2 months ago,https://wuzzuf.net/jobs/p/6PFWXOFiOHii-Payroll-Specialist-Elsewedy-industries-Cairo-Egypt?o=1608&l=sp&t=sj&a=data |search-v3|navbg,Full Time, Administration  Human Resources  Payroll  HR  Microsoft Office  Administration  Human Resources (HR)  business  ERP  Human Resources, 1 - 2 Yrs of Exp 
Design Manager,Elgabaly Architects,"New Cairo, Cairo, Egypt",2 months ago,https://wuzzuf.net/jobs/p/6V6w5XBFyE7N-Design-Manager-Elgabaly-Architects-Cairo-Egypt?o=1609&l=sp&t=sj&a=data |search-v3|navbg,Full Time, Engineering - Construction/Civil/Architecture  Creative/Design/Art  Design  Design Management  Architecture  AutoCAD  Revit  Adobe Photoshop  Adobe Illustrator  Microsoft Office, 15 - 20 Yrs of Exp 
Customer Support Representative,LAZARO SCENT,"Smouha, Alexandria, Egypt",2 months ago,https://wuzzuf.net/jobs/p/4TWn9eJPScBE-Customer-Support-Representative-LAZARO-SCENT-Alexandria-Egypt?o=1610&l=sp&t=sj&a=data |search-v3|navbg,Full Time, Customer Service/Support  Customer Care  Customer Support  Customer Service  Microsoft Office  Sales  English  Communication, 1 - 2 Yrs of Exp 
Receptionist,Confidential,"New Cairo, Cairo, Egypt",2 months ago,https://wuzzuf.net/jobs/p/9YwryUhLM5an-Receptionist-Cairo-Egypt?o=1611&l=sp&t=sj&a=data |search-v3|navbg,Full Time, females_only  Administration  Customer Service/Support  Administration  Admin  Communication skills  Communication  Microsoft Office  Office management  MS Office, 2 - 4 Yrs of Exp 
Accountant,PRO-TEC Egypt,"Sheraton, Cairo, Egypt",2 months ago,https://wuzzuf.net/jobs/p/C5uGGuel1FB9-Accountant-PRO-TEC-Egypt-Cairo-Egypt?o=1612&l=sp&t=sj&a=data |search-v3|navbg,Full Time, Accounting/Finance  Accounting  Finance  Financial Analysis  Financial Management  Commerce  Microsoft Word  Accounting Software  English  Reporting, 0 - 2 Yrs of Exp 
Bancassurance Financial Advisor - New Valley,Allianz,"New Valley, Egypt",2 months ago,https://wuzzuf.net/jobs/p/ecMIACaYjhPS-Bancassurance-Financial-Advisor---New-Valley-Allianz-New-Valley-Egypt?o=1613&l=sp&t=sj&a=data |search-v3|navbg,Full Time, Customer Service/Support  Sales/Retail  Communication skills  Customer Care  Finance  Sales  sales skills, 2 - 5 Yrs of Exp 
OD & Performance Specialist,National Company For Maize Products,"10th of Ramadan City, Sharqia, Egypt",2 months ago,https://wuzzuf.net/jobs/p/BrSRPDUH3s9w-OD-Performance-Specialist-National-Company-For-Maize-Products-Sharqia-Egypt?o=1614&l=sp&t=sj&a=data |search-v3|navbg,Full Time, males_only  Human Resources  OD  HR  FMCG  Development  Performance Management, 3 - 5 Yrs of Exp 
Front End Developer,Bird Solutions,"Sheraton, Cairo, Egypt",2 months ago,https://wuzzuf.net/jobs/p/oMyy2LN0yg0f-Front-End-Developer-Bird-Solutions-Cairo-Egypt?o=1615&l=sp&t=sj&a=data |search-v3|navbg,Full Time, IT/Software Development  Web Development  Mobile Development  JavaScript  React js  React Native  CSS  CSS3  SaaS  HTML, 1 - 5 Yrs of Exp 
Internal Audit Senior Manager,SAVOLA,"Nasr City, Cairo, Egypt",2 months ago,https://wuzzuf.net/jobs/p/ceGY56p0F5ic-Internal-Audit-Senior-Manager-SAVOLA-Cairo-Egypt?o=1616&l=sp&t=sj&a=data |search-v3|navbg,Full Time, Accounting/Finance  CA  Accounting  Finance  Internal Audit  Auditing  FMCG  Business Administration  Commerce  CPA, 10 - 12 Yrs of Exp 
Cost Senior Analyst,Kandil Industries,"10th of Ramadan City, Cairo, Egypt",2 months ago,https://wuzzuf.net/jobs/p/pmyivv9QbuUT-Cost-Senior-Analyst-Kandil-Industries-Cairo-Egypt?o=1617&l=sp&t=sj&a=data |search-v3|navbg,Full Time, Accounting/Finance  Analyst/Research  Business Analysis  Finance Analysis  Accounting  Cost Accounting  Cost Analysis, 5+ Yrs of Exp 
Mechanical Design Engineer,Confidential,"Nasr City, Cairo, Egypt",2 months ago,https://wuzzuf.net/jobs/p/MUFAXdx60pqN-Mechanical-Design-Engineer-Cairo-Egypt?o=1618&l=sp&t=sj&a=data |search-v3|navbg,Full Time, Engineering - Mechanical/Electrical  AutoCAD  Design  Mechanical Engineering  technical  Engineering  Technical Office, 2 - 5 Yrs of Exp 
Bancassurance Financial Advisor - Alexandria,Allianz,"Cairo, Egypt",2 months ago,https://wuzzuf.net/jobs/p/0Dcv23LOZp9v-Bancassurance-Financial-Advisor---Alexandria-Allianz-Cairo-Egypt?o=1619&l=sp&t=sj&a=data |search-v3|navbg,Full Time, Customer Service/Support  Sales/Retail  Communication skills  Customer Care  Finance  Sales  sales skills, 2 - 5 Yrs of Exp 
Bancassurance Financial Advisor - Upper Egypt & Red Sea,Allianz,"Red Sea, Egypt",2 months ago,https://wuzzuf.net/jobs/p/xltJZNUsNpgR-Bancassurance-Financial-Advisor---Upper-Egypt-Red-Sea-Allianz-Red-Sea-Egypt?o=1620&l=sp&t=sj&a=data |search-v3|navbg,Full Time, Customer Service/Support  Sales/Retail  Communication skills  Customer Care  Finance  Sales  sales skills, 2 - 5 Yrs of Exp 
Bancassurance Financial Advisor - Beni Suef,Allianz,"Beni Suef, Egypt",2 months ago,https://wuzzuf.net/jobs/p/atrKha5SNdjr-Bancassurance-Financial-Advisor---Beni-Suef-Allianz-Beni-Suef-Egypt?o=1621&l=sp&t=sj&a=data |search-v3|navbg,Full Time, Customer Service/Support  Sales/Retail  Communication skills  Customer Care  Finance  Sales  sales skills, 2 - 5 Yrs of Exp 
Bancassurance Financial Advisor - Hurghada,Allianz,"Hurghada, Red Sea, Egypt",2 months ago,https://wuzzuf.net/jobs/p/qUTHiYWiM6o5-Bancassurance-Financial-Advisor---Hurghada-Allianz-Red-Sea-Egypt?o=1622&l=sp&t=sj&a=data |search-v3|navbg,Full Time, Customer Service/Support  Sales/Retail  Communication skills  Customer Care  Finance  Sales  sales skills, 2 - 5 Yrs of Exp 
Bancassurance Financial Advisor - Delta,Allianz,"Dakahlia, Egypt",2 months ago,https://wuzzuf.net/jobs/p/37Hxa7GdSWNa-Bancassurance-Financial-Advisor---Delta-Allianz-Dakahlia-Egypt?o=1623&l=sp&t=sj&a=data |search-v3|navbg,Full Time, Customer Service/Support  Sales/Retail  Communication skills  Customer Care  Finance  Sales  sales skills, 2 - 5 Yrs of Exp 
Bancassurance Financial Advisor - El Mahala,Allianz,"Mahalla Kubra, Gharbia, Egypt",2 months ago,https://wuzzuf.net/jobs/p/Vs3125xnAKnj-Bancassurance-Financial-Advisor---El-Mahala-Allianz-Gharbia-Egypt?o=1624&l=sp&t=sj&a=data |search-v3|navbg,Full Time, Customer Service/Support  Sales/Retail  Communication skills  Customer Care  Finance  Sales  sales skills, 2 - 5 Yrs of Exp 
Bancassurance Financial Advisor -Mansoura,Allianz,"Mansoura, Dakahlia, Egypt",2 months ago,https://wuzzuf.net/jobs/p/2fm3P6rAg6TN-Bancassurance-Financial-Advisor--Mansoura-Allianz-Dakahlia-Egypt?o=1625&l=sp&t=sj&a=data |search-v3|navbg,Full Time, Customer Service/Support  Sales/Retail  Communication skills  Customer Care  Finance  Sales  sales skills, 2 - 5 Yrs of Exp 
Bancassurance Financial Advisor - Ismailia,Allianz,"Ismailia, Egypt",2 months ago,https://wuzzuf.net/jobs/p/pRUTrTV4m2Eo-Bancassurance-Financial-Advisor---Ismailia-Allianz-Ismailia-Egypt?o=1626&l=sp&t=sj&a=data |search-v3|navbg,Full Time, Customer Service/Support  Sales/Retail  Communication skills  Customer Care  Finance  Sales  sales skills, 2 - 5 Yrs of Exp 
Bancassurance Financial Advisor - Damietta,Allianz,"Damietta, Egypt",2 months ago,https://wuzzuf.net/jobs/p/VoLVd9Qi7bLV-Bancassurance-Financial-Advisor---Damietta-Allianz-Damietta-Egypt?o=1627&l=sp&t=sj&a=data |search-v3|navbg,Full Time, Customer Service/Support  Sales/Retail  Communication skills  Customer Care  Finance  Sales  sales skills, 2 - 5 Yrs of Exp 
Bancassurance Financial Advisor - Canal,Allianz,"Suez, Egypt",2 months ago,https://wuzzuf.net/jobs/p/dDYYmChSShGV-Bancassurance-Financial-Advisor---Canal-Allianz-Suez-Egypt?o=1628&l=sp&t=sj&a=data |search-v3|navbg,Full Time, Customer Service/Support  Sales/Retail  Communication skills  Customer Care  Finance  Sales  sales skills, 2 - 5 Yrs of Exp 
Retail & Supply Chain Manager,Deli Mart,"Heliopolis, Cairo, Egypt",2 months ago,https://wuzzuf.net/jobs/p/CP802mTGIyBB-Retail-Supply-Chain-Manager-Deli-Mart-Cairo-Egypt?o=1629&l=sp&t=sj&a=data |search-v3|navbg,Full Time, Logistics/Supply Chain  Operations/Management  Sales/Retail  Contracting  Contract Negotiation  Management  Retail  Procurement  Supply Chain, 5 - 15 Yrs of Exp 
Security Engineer,Link Datacenter,"Giza, Egypt",2 months ago,https://wuzzuf.net/jobs/p/uEKRpDc9UNJl-Security-Engineer-Link-Datacenter-Giza-Egypt?o=1630&l=sp&t=sj&a=data |search-v3|navbg,Full Time, IT/Software Development  Engineering - Telecom/Technology  CEH  Computer Engineering  Computer Science  GCIH  GSEC  Information Security  Information Technology (IT)  Network Operations Center, 2+ Yrs of Exp 
Administrative Manager for factory,Go Plus,"Cairo, Egypt",2 months ago,https://wuzzuf.net/jobs/p/zonmx8cs7e8V-Administrative-Manager-for-factory-Go-Plus-Cairo-Egypt?o=1631&l=sp&t=sj&a=data |search-v3|navbg,Full Time, males_only  Administration  Business Administration  Administration  Factory Management  Management, 7 - 10 Yrs of Exp 
Senior UX Designer,42 Group,"Cairo, Egypt",2 months ago,https://wuzzuf.net/jobs/p/c6rSUDfasJOj-Senior-UX-Designer-42-Group-Cairo-Egypt?o=1632&l=sp&t=sj&a=data |search-v3|navbg,Full Time, Creative/Design/Art  IT/Software Development  Engineering - Telecom/Technology  Computer Science  UX Design  UX  Information Technology (IT)  UI  Digital  Design, 5 - 7 Yrs of Exp 
PH and FF Design Engineer,Pinnacle Real Estate Investments and Development Management,"Maadi, Cairo, Egypt",2 months ago,https://wuzzuf.net/jobs/p/fwDtMUAM7Cp5-PH-and-FF-Design-Engineer-Pinnacle-Real-Estate-Investments-and-Development-Management-Cairo-Egypt?o=1633&l=sp&t=sj&a=data |search-v3|navbg,Full Time, Engineering - Construction/Civil/Architecture  Design  Engineering, 3 - 7 Yrs of Exp 
Operation Agent,Quola,"6th of October, Giza, Egypt",2 months ago,https://wuzzuf.net/jobs/p/zv60PCRZFghe-Operation-Agent-Quola-Giza-Egypt?o=1634&l=sp&t=sj&a=data |search-v3|navbg,Full Time, Logistics/Supply Chain  Operations  Logistics, 3 - 3 Yrs of Exp 
Senior Odoo Consultant,AGG Information Technology,"Nasr City, Cairo, Egypt",2 months ago,https://wuzzuf.net/jobs/p/zXeA5iPFzD2Z-Senior-Odoo-Consultant-AGG-Information-Technology-Cairo-Egypt?o=1635&l=sp&t=sj&a=data |search-v3|navbg,Full Time, Accounting/Finance  IT/Software Development  Project/Program Management  Odoo  ERP  Integration, 4 - 6 Yrs of Exp 
Export logistics Specialist,Confidential,"10th of Ramadan City, Cairo, Egypt",2 months ago,https://wuzzuf.net/jobs/p/DVBAMjSTQajH-Export-logistics-Specialist-Cairo-Egypt?o=1636&l=sp&t=sj&a=data |search-v3|navbg,Full Time, Logistics/Supply Chain  Communication  Computer Skills  Logistics  Export  Microsoft Office  SAP  Supply Chain, 2 - 4 Yrs of Exp 
Sales Operations Analyst,Confidential,"6th of October, Giza, Egypt",2 months ago,https://wuzzuf.net/jobs/p/qsZ2FAqR8wIw-Sales-Operations-Analyst-Giza-Egypt?o=1637&l=sp&t=sj&a=data |search-v3|navbg,Full Time, Engineering - Construction/Civil/Architecture  Analyst/Research  Sales/Retail  business  Construction  Operations  Chemicals  Business Analysis  Analysis  Sales, 3 - 5 Yrs of Exp 
Personnel Specialist,M & A Glass Processing Company,"6th of October, Giza, Egypt",2 months ago,https://wuzzuf.net/jobs/p/QZQ6FPntyt0l-Personnel-Specialist-M-A-Glass-Processing-Company-Giza-Egypt?o=1638&l=sp&t=sj&a=data |search-v3|navbg,Full Time, Administration  Human Resources  Personnel  Human Resources  Labor Law  Recruitment  Human Resources (HR)  MS Office  English  Labor, 2 - 3 Yrs of Exp 
"Electrical Engineer, (For Machines Operating & Maintenance)",M & A Glass Processing Company,"6th of October, Giza, Egypt",2 months ago,https://wuzzuf.net/jobs/p/2o5umMPQuWXP-Electrical-Engineer-For-Machines-Operating-Maintenance-M-A-Glass-Processing-Company-Giza-Egypt?o=1639&l=sp&t=sj&a=data |search-v3|navbg,Full Time, males_only  Installation/Maintenance/Repair  Engineering - Mechanical/Electrical  Electrical Engineering  Electrical  Engineering  Mechanical Engineering  Mechanical  Troubleshooting  Safety  Communication, 3 - 6 Yrs of Exp 
SAP Consultant,MB for Engineering,"Dokki, Giza, Egypt",2 months ago,https://wuzzuf.net/jobs/p/dCc0IKpjYtYD-SAP-Consultant-MB-for-Engineering-Giza-Egypt?o=1640&l=sp&t=sj&a=data |search-v3|navbg,Full Time, IT/Software Development  Analyst/Research  Engineering - Telecom/Technology  Information Technology (IT)  Computer Science  Microsoft Office  VPN  Firewalls  VMware  SAP, 3 - 5 Yrs of Exp 
Sr. HR Payroll specialist,Asass,"Sheraton, Cairo, Egypt",2 months ago,https://wuzzuf.net/jobs/p/ujp6z9Usb3od-Sr-HR-Payroll-specialist-Asass-Cairo-Egypt?o=1641&l=sp&t=sj&a=data |search-v3|navbg,Full Time, Accounting/Finance  Administration  Human Resources  Human Resources (HR)  Payroll  Business Administration  Microsoft Office, 3 - 5 Yrs of Exp 
Senior HR Generalist,Egypt for Panel and Steel Industries S.A.E,"6th of October, Giza, Egypt",2 months ago,https://wuzzuf.net/jobs/p/i9eI6IHQuuj2-Senior-HR-Generalist-Egypt-for-Panel-and-Steel-Industries-S-A-E-Giza-Egypt?o=1642&l=sp&t=sj&a=data |search-v3|navbg,Full Time, Administration  Human Resources  Training/Instructor  Administration  Business Administration  HR generalist  HRIS  Human Resources  Human Resources (HR)  Microsoft Office, 2 - 5 Yrs of Exp 
Primary Design Engineer,Kharafi National,"Cairo, Egypt",2 months ago,https://wuzzuf.net/jobs/p/U2OJsc3obNX0-Primary-Design-Engineer-Kharafi-National-Cairo-Egypt?o=1643&l=sp&t=sj&a=data |search-v3|navbg,Full Time, Engineering - Mechanical/Electrical  Engineering  Power  Electrical Engineering  Electrical Design  Electrical Design Engineering  Design, 3 - 8 Yrs of Exp 
Secondary Design Engineer,Kharafi National,"Cairo, Egypt",2 months ago,https://wuzzuf.net/jobs/p/A4Bw3hWw0NDI-Secondary-Design-Engineer-Kharafi-National-Cairo-Egypt?o=1644&l=sp&t=sj&a=data |search-v3|navbg,Full Time, Engineering - Mechanical/Electrical  Design  Engineering  Power, 3 - 8 Yrs of Exp 
Crusher & Quarry Manager,Al Janobi Co. For Contracting,"Arar, Saudi Arabia",2 months ago,https://wuzzuf.net/jobs/p/ARybJ1cwLCNF-Crusher-Quarry-Manager-Al-Janobi-Co-For-Contracting-Arar-Saudi-Arabia?o=1645&l=sp&t=sj&a=data |search-v3|navbg,Full Time, Manufacturing/Production  Mining  Geology  Engineering  Manufacturing Industry, 12 - 15 Yrs of Exp 
Accountant,SF Egypt,"6th of October, Giza, Egypt",2 months ago,https://wuzzuf.net/jobs/p/tjCZowhMknxC-Accountant-SF-Egypt-Giza-Egypt?o=1646&l=sp&t=sj&a=data |search-v3|navbg,Full Time, Accounting/Finance  Accounting  Finance  excel  Communication  Microsoft Office  Financial Management  Financial Analysis  Accounts, 3 - 5 Yrs of Exp 
Accounting Manager,Confidential,"Cairo, Egypt",2 months ago,https://wuzzuf.net/jobs/p/MKa9FGSEcuaV-Accounting-Manager-Cairo-Egypt?o=1647&l=sp&t=sj&a=data |search-v3|navbg,Full Time, Accounting/Finance  Operations/Management  Accounting  Accounting Manager  Finance  CPA  English  Financial Analysis  Financial Management  Microsoft Excel, 10 - 15 Yrs of Exp 
Senior sales team leader,Misr salt,"10th of Ramadan City, Sharqia, Egypt",2 months ago,https://wuzzuf.net/jobs/p/K1EZ0rUaMrq5-Senior-sales-team-leader-Misr-salt-Sharqia-Egypt?o=1648&l=sp&t=sj&a=data |search-v3|navbg,Full Time, Business Development  Customer Service/Support  Sales/Retail  Sales  Leadership  Sales Target  sales skills  Computer Skills  Communication skills, 4 - 10 Yrs of Exp 
Accountant,Queens Health Care,"New Cairo, Cairo, Egypt",2 months ago,https://wuzzuf.net/jobs/p/ex6GmU2F1QL3-Accountant-Queens-Health-Care-Cairo-Egypt?o=1649&l=sp&t=sj&a=data |search-v3|navbg,Full Time, Accounting/Finance  Accounting  Commerce  Communication skills  Financial Analysis  Financial  Finance  Financial Reporting  MS Office, 1 - 2 Yrs of Exp 
Fleet Quality Engineer,Seoudi Supermarket,"6th of October, Giza, Egypt",2 months ago,https://wuzzuf.net/jobs/p/9nPV7xpYKOYB-Fleet-Quality-Engineer-Seoudi-Supermarket-Giza-Egypt?o=1650&l=sp&t=sj&a=data |search-v3|navbg,Full Time, Installation/Maintenance/Repair  Quality  Engineering - Mechanical/Electrical  Automotive  Engineering  Maintenance  Mechanical  Mechanical Engineering  Auditing  quality, 3 - 5 Yrs of Exp 
senior Payroll,Confidential,"Nasr City, Cairo, Egypt",2 months ago,https://wuzzuf.net/jobs/p/x33hnVHf87id-senior-Payroll-Cairo-Egypt?o=1651&l=sp&t=sj&a=data |search-v3|navbg,Full Time, Accounting/Finance  Human Resources  Human Resources (HR)  Business Administration  HR Systems  Microsoft Office  Payroll  Personnel  HR  Communication, 3 - 5 Yrs of Exp 
Content Creator & Researcher - Internship,Bee Interactive Ltd.,"6th of October, Giza, Egypt",2 months ago,https://wuzzuf.net/internship/lASLPOgiuCTl-Content-Creator-Researcher---Internship-Bee-Interactive-Ltd-Giza-Egypt?o=1652&l=sp&t=sj&a=data |search-v3|navbg,Internship, Writing/Editorial  Marketing/PR/Advertising  Media/Journalism/Publishing  Copywriting  media  Writing  English  Arabic  Marketing  Copy Writing, 0 - 1 Yrs of Exp 
"Technical Talent Acquisition Specialist ""IT and Software Field""",FlairsTech,"Maadi, Cairo, Egypt",2 months ago,https://wuzzuf.net/jobs/p/xTmqwRdlJylp-Technical-Talent-Acquisition-Specialist-IT-and-Software-Field-FlairsTech-Cairo-Egypt?o=1653&l=sp&t=sj&a=data |search-v3|navbg,Full Time, Human Resources  English  Human Resources (HR)  Information Technology (IT)  Recruitment  Talent acquisition  Software  IT, 2 - 4 Yrs of Exp 
Technical Office Engineers (Wooden) - Alexandria,Confidential,"Ameria, Alexandria, Egypt",2 months ago,https://wuzzuf.net/jobs/p/sRn63Uqo7THy-Technical-Office-Engineers-Wooden---Alexandria-Alexandria-Egypt?o=1654&l=sp&t=sj&a=data |search-v3|navbg,Full Time, Engineering - Construction/Civil/Architecture  Creative/Design/Art  Interior Design  Fine Arts  Architecture  Applied Arts  Decor  Architectural Design  AutoCAD Architecture  Shop Drawings, 2 - 7 Yrs of Exp 
Safety Officer,TAQA Power,"Maadi, Cairo, Egypt",2 months ago,https://wuzzuf.net/jobs/p/PfkPf9pfD6kN-Safety-Officer-TAQA-Power-Cairo-Egypt?o=1655&l=sp&t=sj&a=data |search-v3|navbg,Full Time, R&D/Science  Quality  Engineering - Mechanical/Electrical  Engineering  Nebosh  HSE  OIL & GAS  OSHA  Safety, 3 - 5 Yrs of Exp 
Technical Office Engineers - Alexandria,Confidential,"Ameria, Alexandria, Egypt",2 months ago,https://wuzzuf.net/jobs/p/Nd4lk7yqjbpS-Technical-Office-Engineers---Alexandria-Alexandria-Egypt?o=1656&l=sp&t=sj&a=data |search-v3|navbg,Full Time, Engineering - Construction/Civil/Architecture  Creative/Design/Art  Engineering - Mechanical/Electrical  Interior Design  Fine Arts  Architecture  Applied Arts  Decor  Architectural Design  AutoCAD Architecture, 2 - 8 Yrs of Exp 
Oracle ADF Developer,National Data Management,"Haram, Giza, Egypt",2 months ago,https://wuzzuf.net/jobs/p/34sKhhlKJqRm-Oracle-ADF-Developer-National-Data-Management-Giza-Egypt?o=1657&l=sp&t=sj&a=data |search-v3|navbg,Full TimePart Time, IT/Software Development  Oracle Database  Oracle ADF  Weblogic Server, 1 - 3 Yrs of Exp 
Software Project Manager,National Data Management,"Hadayek Alahram, Giza, Egypt",2 months ago,https://wuzzuf.net/jobs/p/lcCN1h97pg5z-Software-Project-Manager-National-Data-Management-Giza-Egypt?o=1658&l=sp&t=sj&a=data |search-v3|navbg,Full Time, males_preferred  IT/Software Development  Computer Science  Project Management  .net core  Angular  Agile  Microsoft SQL Server  Windows Forms  Problem Solving  Design, 5 - 10 Yrs of Exp 
GIS application analyst,Perfect Presentation,"6th of October, Giza, Egypt",2 months ago,https://wuzzuf.net/jobs/p/aaYo1UtjF1nW-GIS-application-analyst-Perfect-Presentation-Giza-Egypt?o=1659&l=sp&t=sj&a=data |search-v3|navbg,Full Time, IT/Software Development  GIS  Information Technology (IT), 5 - 7 Yrs of Exp 
Purchasing Specialist (FMCG),Premier Services and Recruitment,"Cairo, Egypt",2 months ago,https://wuzzuf.net/jobs/p/Q3uHXKS5Wnos-Purchasing-Specialist-FMCG-Premier-Services-and-Recruitment-Cairo-Egypt?o=1660&l=sp&t=sj&a=data |search-v3|navbg,Full Time, Logistics/Supply Chain  Purchasing/Procurement  Purchasing  Logistics, 3 - 5 Yrs of Exp 
Information Security Analyst,Confidential,"New Cairo, Cairo, Egypt",2 months ago,https://wuzzuf.net/jobs/p/DvMrAXwlduOV-Information-Security-Analyst-Cairo-Egypt?o=1661&l=sp&t=sj&a=data |search-v3|navbg,Full Time, IT/Software Development  Engineering - Telecom/Technology  Information Technology (IT)  Information Systems  Network  Engineering  Computer Science  Computer Engineering  Software  Systems, 2 - 3 Yrs of Exp 
Dynamics AX/365 Functionalist/Technical Specialist,Al-Nasser,"6th of October, Giza, Egypt",2 months ago,https://wuzzuf.net/jobs/p/95DI4xkTa2o3-Dynamics-AX365-FunctionalistTechnical-Specialist-Al-Nasser-Giza-Egypt?o=1662&l=sp&t=sj&a=data |search-v3|navbg,Full Time, IT/Software Development  Engineering - Telecom/Technology  Microsoft Dynamics  ERP  Information Technology (IT)  Dynamics 365  Computer Science  PowerApps  D365  Production, 2+ Yrs of Exp 
B2B Sales Executive,Misr salt,"10th of Ramadan City, Sharqia, Egypt",2 months ago,https://wuzzuf.net/jobs/p/dTjyqEywKLe2-B2B-Sales-Executive-Misr-salt-Sharqia-Egypt?o=1663&l=sp&t=sj&a=data |search-v3|navbg,Full Time, Sales/Retail  B2B  sales skills  Outdoor Sales  F&B  Communication skills  Presentation  Sales Target  Sales  Negotiation, 3 - 5 Yrs of Exp 
Office Admin - Beauty Clinic,MWG,"Cairo, Egypt",2 months ago,https://wuzzuf.net/jobs/p/79omNwpcCPD6-Office-Admin---Beauty-Clinic-MWG-Cairo-Egypt?o=1664&l=sp&t=sj&a=data |search-v3|navbg,Full Time, females_only  Administration  Customer Service/Support  Operations/Management  Administration  Admin  Microsoft Office  Office management  English, 0 - 2 Yrs of Exp 
Senior Full Stack .NET Developer,Gadtech-eg,"Heliopolis, Cairo, Egypt",2 months ago,https://wuzzuf.net/jobs/p/75CE1qSBlJvl-Senior-Full-Stack-NET-Developer-Gadtech-eg-Cairo-Egypt?o=1665&l=sp&t=sj&a=data |search-v3|navbg,Full Time, IT/Software Development  Engineering - Telecom/Technology  Angular  CSS  HTML  Information Technology (IT)  Software Development  ASP.Net  ASP.NET Core  ASP.Net Web API, 4+ Yrs of Exp 
Accountant- Port Said,Naqla,"Port Said, Egypt",2 months ago,https://wuzzuf.net/jobs/p/jgfeEgShsaJN-Accountant--Port-Said-Naqla-Port-Said-Egypt?o=1666&l=sp&t=sj&a=data |search-v3|navbg,Full Time, Accounting/Finance  Accounting  Logistics  Microsoft Office, 1 - 3 Yrs of Exp 
Outpatient department Supervisor,Andalusia Group,"Maadi, Cairo, Egypt",2 months ago,https://wuzzuf.net/jobs/p/LIovF7nMRT82-Outpatient-department-Supervisor-Andalusia-Group-Cairo-Egypt?o=1667&l=sp&t=sj&a=data |search-v3|navbg,Full Time, Administration  Medical/Healthcare  Management  Medical  Pharma, 1 - 3 Yrs of Exp 
Marketing Specialist,Intersport,"6th of October, Giza, Egypt",2 months ago,https://wuzzuf.net/jobs/p/kCHVJCsUEURK-Marketing-Specialist-Intersport-Giza-Egypt?o=1668&l=sp&t=sj&a=data |search-v3|navbg,Full Time, Marketing/PR/Advertising  E-Marketing  media  Marketing  Social Media  Communication  Content Creation  Post-Production  Facebook Marketing, 2 - 5 Yrs of Exp 
Talent Management Section Head,Mozare3,"Sheikh Zayed, Giza, Egypt",2 months ago,https://wuzzuf.net/jobs/p/Kd9hojvZiiWI-Talent-Management-Section-Head-Mozare3-Giza-Egypt?o=1669&l=sp&t=sj&a=data |search-v3|navbg,Full Time, Human Resources  Recruitment  Human Resources (HR)  Talent acquisition  Sourcing  Interviewing  Performance Management  Training, 5 - 8 Yrs of Exp 
inpatient manager,Shifa Egypt,"New Cairo, Cairo, Egypt",2 months ago,https://wuzzuf.net/jobs/p/0xpTZnCM0imr-inpatient-manager-Shifa-Egypt-Cairo-Egypt?o=1670&l=sp&t=sj&a=data |search-v3|navbg,Full Time, Medical/Healthcare  Hospital Management  Inpatient  Medical  MEDICINE, 2 - 7 Yrs of Exp 
Tech Lead Team,Obeikan Digital Solutions,"New Cairo, Cairo, Egypt",2 months ago,https://wuzzuf.net/jobs/p/b7wCd2sErszU-Tech-Lead-Team-Obeikan-Digital-Solutions-Cairo-Egypt?o=1671&l=sp&t=sj&a=data |search-v3|navbg,Full Time, IT/Software Development  Angular  MongoDB, 6 - 10 Yrs of Exp 
Head of English Department,British Modern School,"Badr City, Cairo, Egypt",2 months ago,https://wuzzuf.net/jobs/p/jrpdgJiPaMz0-Head-of-English-Department-British-Modern-School-Cairo-Egypt?o=1672&l=sp&t=sj&a=data |search-v3|navbg,Full Time, Operations/Management  Education/Teaching  Education  Administration  English  School  Teaching  Management  British  HOD, 5 - 8 Yrs of Exp 
Sales Coordinator,Ahdaf,"Abu Rawash, Giza, Egypt",2 months ago,https://wuzzuf.net/jobs/p/dmdxKbI8rVHx-Sales-Coordinator-Ahdaf-Giza-Egypt?o=1673&l=sp&t=sj&a=data |search-v3|navbg,Full Time, Customer Service/Support  Sales/Retail  Sales coordinator  Sales  MS Office, 2 - 5 Yrs of Exp 
CRM Manager,Cred Developments,"New Cairo, Cairo, Egypt",2 months ago,https://wuzzuf.net/jobs/p/X5Gmzw5e9rEf-CRM-Manager-Cred-Developments-Cairo-Egypt?o=1674&l=sp&t=sj&a=data |search-v3|navbg,Full Time, Customer Service/Support  Sales/Retail  Communication skills  English  Real Estate  CRM, 5 - 7 Yrs of Exp 
English Language Trainer,Sykes Enterprises,"Maadi, Cairo, Egypt",2 months ago,https://wuzzuf.net/jobs/p/04mcivoERlpu-English-Language-Trainer-Sykes-Enterprises-Cairo-Egypt?o=1675&l=sp&t=sj&a=data |search-v3|navbg,Full Time, Education/Teaching  Training/Instructor  Education  Instructor  Teaching  Training  English  Language Teaching  Communication skills  CELTA, 2 - 5 Yrs of Exp 
Team Leader Sales Engineer,Confidential,"Nasr City, Cairo, Egypt",2 months ago,https://wuzzuf.net/jobs/p/BVBQ67OT3fYC-Team-Leader-Sales-Engineer-Cairo-Egypt?o=1676&l=sp&t=sj&a=data |search-v3|navbg,Full Time, Sales/Retail  Engineering - Other  Communication  Experience  Engineering  Sales  Sales Target  Presentation Skills, 9 - 10 Yrs of Exp 
Operations Officer - Alexandria,Confidential,"Alexandria, Egypt",2 months ago,https://wuzzuf.net/jobs/p/Z5X3DvTzSWZ6-Operations-Officer---Alexandria-Alexandria-Egypt?o=1677&l=sp&t=sj&a=data |search-v3|navbg,Full Time, Customer Service/Support  Operations/Management  Customer Service  Operations  MS Office  Microsoft Office  office  Skills, 0 - 2 Yrs of Exp 
Elevators' Senior Sales Engineer,Confidential,"Heliopolis, Cairo, Egypt",2 months ago,https://wuzzuf.net/jobs/p/BQiPGu2j9qj8-Elevators-Senior-Sales-Engineer-Cairo-Egypt?o=1678&l=sp&t=sj&a=data |search-v3|navbg,Full Time, males_only  Sales/Retail  Engineering - Mechanical/Electrical  Engineering  Electrical  Sales Target  technical, 4 - 7 Yrs of Exp 
Toll Manufacturing Coordinator,Semak,"Dokki, Giza, Egypt",2 months ago,https://wuzzuf.net/jobs/p/es3L17WqKPX6-Toll-Manufacturing-Coordinator-Semak-Giza-Egypt?o=1679&l=sp&t=sj&a=data |search-v3|navbg,Full Time, Manufacturing/Production  Pharmaceutical  Manufacturing  Toll Manufacturing  Pharmaceutical production  Pharmaceutical  Production  Communication  English, 2 - 4 Yrs of Exp 
Sales Representative (B2B) FMCG,Premier Services and Recruitment,"Cairo, Egypt",2 months ago,https://wuzzuf.net/jobs/p/lG4up2qw7hHg-Sales-Representative-B2B-FMCG-Premier-Services-and-Recruitment-Cairo-Egypt?o=1680&l=sp&t=sj&a=data |search-v3|navbg,Full Time, Sales/Retail  Customer Service  Sales  Communication, 5 - 7 Yrs of Exp 
Payroll Specialist,Andalusia Group,"Alexandria, Egypt",2 months ago,https://wuzzuf.net/jobs/p/qTcNS3fY2GY4-Payroll-Specialist-Andalusia-Group-Alexandria-Egypt?o=1681&l=sp&t=sj&a=data |search-v3|navbg,Full Time, Human Resources  Microsoft Excel  Payroll  Human Resources (HR)  Human Resources, 1+ Yrs of Exp 
Finance Officer (sales outdoor),The Egyptian Microfinance Company- Maksab,"Cairo, Egypt",2 months ago,https://wuzzuf.net/jobs/p/Hr032AifwjPf-Finance-Officer-sales-outdoor-The-Egyptian-Microfinance-Company--Maksab-Cairo-Egypt?o=1682&l=sp&t=sj&a=data |search-v3|navbg,Full Time, Sales/Retail  Sales  loan  Banking, 0 - 2 Yrs of Exp 
Supply Chain Manager,Smart Light,"10th of Ramadan City, Sharqia, Egypt",2 months ago,https://wuzzuf.net/jobs/p/5RgXQ5Zack6v-Supply-Chain-Manager-Smart-Light-Sharqia-Egypt?o=1683&l=sp&t=sj&a=data |search-v3|navbg,Full Time, Logistics/Supply Chain  Operations/Management  Purchasing/Procurement  Supply Chain  Purchasing  Procurement  Logistics, 10 - 12 Yrs of Exp 
Senior Java Backend Developer,FlairsTech,"Maadi, Cairo, Egypt",2 months ago,https://wuzzuf.net/jobs/p/pfZKP9IuAqQ8-Senior-Java-Backend-Developer-FlairsTech-Cairo-Egypt?o=1684&l=sp&t=sj&a=data |search-v3|navbg,Full Time, IT/Software Development  Engineering - Telecom/Technology  Agile  Computer Science  Development  DevOps  Information Technology (IT)  J2EE  Java  Scrum, 4 - 9 Yrs of Exp 
Chief Accounting Officer,Confidential,"Heliopolis, Cairo, Egypt",2 months ago,https://wuzzuf.net/jobs/p/8hsyzQd8RCSM-Chief-Accounting-Officer-Cairo-Egypt?o=1685&l=sp&t=sj&a=data |search-v3|navbg,Full Time, Accounting/Finance  Administration  Operations/Management  Accounting  Financial Management  Finance  analytical  Accounting Software  Financial Analysis, 7 - 10 Yrs of Exp 
Real Estate Sales Property Consultant,NOK for Human Capital Solutions,"New Cairo, Cairo, Egypt",2 months ago,https://wuzzuf.net/jobs/p/gOjU3AUpYKPZ-Real-Estate-Sales-Property-Consultant-NOK-for-Human-Capital-Solutions-Cairo-Egypt?o=1686&l=sp&t=sj&a=data |search-v3|navbg,Full Time, Sales/Retail  Real Estate  Sales  sales skills  Sales Target  Real Estate Sales  Communication  Property  property consultant  Banking, 1+ Yrs of Exp 
Real Estate -Property Consultant,Confidential,"New Cairo, Cairo, Egypt",2 months ago,https://wuzzuf.net/jobs/p/VaaKojhjjSRQ-Real-Estate--Property-Consultant-Cairo-Egypt?o=1687&l=sp&t=sj&a=data |search-v3|navbg,Full Time, Sales/Retail  Sales  Selling Skills  Sales Target  Real Estate Sales  Property Sales  Sales Indoor  Sales Outdoor  Communication Skills  Presentation Skills, 1+ Yrs of Exp 
Costing Section Head,BariQ,"6th of October, Giza, Egypt",2 months ago,https://wuzzuf.net/jobs/p/JH4Dp9Y4FSOj-Costing-Section-Head-BariQ-Giza-Egypt?o=1688&l=sp&t=sj&a=data |search-v3|navbg,Full Time, Accounting/Finance  Accounting  ERP  ERP systems  SAP, 5 - 10 Yrs of Exp 
Store Supervisor,TEPCO S.A.E.,"6th of October, Giza, Egypt",2 months ago,https://wuzzuf.net/jobs/p/4etF4iJ4R87J-Store-Supervisor-TEPCO-S-A-E-Giza-Egypt?o=1689&l=sp&t=sj&a=data |search-v3|navbg,Full Time, Manufacturing/Production  Business Administration  Business Development, 0 - 4 Yrs of Exp 
projects sales engineer,Multi M Group,"Heliopolis, Cairo, Egypt",2 months ago,https://wuzzuf.net/jobs/p/swbPCB1OAC5a-projects-sales-engineer-Multi-M-Group-Cairo-Egypt?o=1690&l=sp&t=sj&a=data |search-v3|navbg,Full Time, Manufacturing/Production  Sales/Retail  Project  Project Management  Sales engineer, 2 - 4 Yrs of Exp 
Junior Java Developer,Wonder Travel,"Maadi, Cairo, Egypt",2 months ago,https://wuzzuf.net/jobs/p/9kbmFM2nXYgT-Junior-Java-Developer-Wonder-Travel-Cairo-Egypt?o=1691&l=sp&t=sj&a=data |search-v3|navbg,Full Time, males_preferred  IT/Software Development  Engineering - Telecom/Technology  Computer Engineering  Computer Science  Information Technology (IT)  OOP  Java  Software Engineering  Spring  Hibernate, 0 - 3 Yrs of Exp 
Operations Officer - Suez,Confidential,"Suez, Suez, Egypt",2 months ago,https://wuzzuf.net/jobs/p/cz0WVTMPl6XD-Operations-Officer---Suez-Suez-Egypt?o=1692&l=sp&t=sj&a=data |search-v3|navbg,Full Time, Customer Service/Support  Operations/Management  Customer Service  Operations  MS Office  Microsoft Office  office  Skills, 0 - 2 Yrs of Exp 
Operations Officer - Portsaid,Confidential,"Sharq, Port Said, Egypt",2 months ago,https://wuzzuf.net/jobs/p/UHlm2yM0qbeu-Operations-Officer---Portsaid-Port-Said-Egypt?o=1693&l=sp&t=sj&a=data |search-v3|navbg,Full Time, Customer Service/Support  Operations/Management  Customer Service  Operations  MS Office  Microsoft Office  office  Skills, 0 - 2 Yrs of Exp 
Senior E Commerce Specialist,GT World OF Beauty,"Sheraton, Cairo, Egypt",2 months ago,https://wuzzuf.net/jobs/p/RsaHFR8T5F9j-Senior-E-Commerce-Specialist-GT-World-OF-Beauty-Cairo-Egypt?o=1694&l=sp&t=sj&a=data |search-v3|navbg,Full Time, Marketing/PR/Advertising  Media/Journalism/Publishing  E-Marketing  Marketing  Shopify  Social Media  Design  Web Design  Digital Marketing, 2 - 3 Yrs of Exp 
Compensation and Benefits Supervisor,Premium Card,"Dokki, Giza, Egypt",2 months ago,https://wuzzuf.net/jobs/p/ZrKVyn0EferO-Compensation-and-Benefits-Supervisor-Premium-Card-Giza-Egypt?o=1695&l=sp&t=sj&a=data |search-v3|navbg,Full Time, Human Resources  Compensation  Benefits  Compensation &amp; Benefits  HR Diploma  Human Resources (HR), 7 - 10 Yrs of Exp 
